Time,ECG1,ECG2
2021-08-19 16:52:29.620,-0.465,-0.245
2021-08-19 16:52:29.624,-0.555,-0.255
2021-08-19 16:52:29.628,-0.58,-0.245
2021-08-19 16:52:29.632,-0.51,-0.255
2021-08-19 16:52:29.636,-0.525,-0.285
2021-08-19 16:52:29.640,-0.465,-0.32
2021-08-19 16:52:29.644,-0.41,-0.335
2021-08-19 16:52:29.648,-0.455,-0.345
2021-08-19 16:52:29.652,-0.64,-0.34
2021-08-19 16:52:29.656,-0.72,-0.29
2021-08-19 16:52:29.660,-0.66,-0.32
2021-08-19 16:52:29.664,-0.61,-0.335
2021-08-19 16:52:29.668,-0.6,-0.295
2021-08-19 16:52:29.672,-0.45,-0.275
2021-08-19 16:52:29.676,-0.405,-0.24
2021-08-19 16:52:29.680,-0.38,-0.21
2021-08-19 16:52:29.684,-0.35,-0.18
2021-08-19 16:52:29.688,-0.2,-0.225
2021-08-19 16:52:29.692,-0.095,-0.22
2021-08-19 16:52:29.696,-0.11,-0.255
2021-08-19 16:52:29.700,-0.015,-0.295
2021-08-19 16:52:29.704,-0.01,-0.29
2021-08-19 16:52:29.708,-0.135,-0.27
2021-08-19 16:52:29.712,-0.17,-0.28
2021-08-19 16:52:29.716,-0.095,-0.285
2021-08-19 16:52:29.720,-0.11,-0.31
2021-08-19 16:52:29.724,-0.1,-0.3
2021-08-19 16:52:29.728,-0.015,-0.29
2021-08-19 16:52:29.732,-0.135,-0.275
2021-08-19 16:52:29.736,-0.265,-0.255
2021-08-19 16:52:29.740,-0.185,-0.27
2021-08-19 16:52:29.744,-0.195,-0.285
2021-08-19 16:52:29.748,-0.275,-0.28
2021-08-19 16:52:29.752,-0.215,-0.245
2021-08-19 16:52:29.756,-0.09,-0.26
2021-08-19 16:52:29.760,-0.075,-0.295
2021-08-19 16:52:29.764,-0.17,-0.305
2021-08-19 16:52:29.768,-0.28,-0.25
2021-08-19 16:52:29.772,-0.26,-0.23
2021-08-19 16:52:29.776,-0.21,-0.22
2021-08-19 16:52:29.780,-0.195,-0.22
2021-08-19 16:52:29.784,-0.29,-0.215
2021-08-19 16:52:29.788,-0.285,-0.22
2021-08-19 16:52:29.792,-0.215,-0.21
2021-08-19 16:52:29.796,-0.25,-0.205
2021-08-19 16:52:29.800,-0.245,-0.205
2021-08-19 16:52:29.804,-0.215,-0.195
2021-08-19 16:52:29.808,-0.1,-0.215
2021-08-19 16:52:29.812,-0.03,-0.235
2021-08-19 16:52:29.816,-0.055,-0.15
2021-08-19 16:52:29.820,-0.11,-0.05
2021-08-19 16:52:29.824,0.055,0.05
2021-08-19 16:52:29.828,0.425,0.075
2021-08-19 16:52:29.832,0.935,-0.105
2021-08-19 16:52:29.836,1.36,-0.44
2021-08-19 16:52:29.840,1.74,-0.78
2021-08-19 16:52:29.844,1.75,-1.045
2021-08-19 16:52:29.848,1.09,-1.28
2021-08-19 16:52:29.852,0.075,-1.42
2021-08-19 16:52:29.856,-0.93,-1.455
2021-08-19 16:52:29.860,-1.495,-1.25
2021-08-19 16:52:29.864,-1.57,-0.82
2021-08-19 16:52:29.868,-1.4,-0.335
2021-08-19 16:52:29.872,-1.215,0.105
2021-08-19 16:52:29.876,-1.38,0.305
2021-08-19 16:52:29.880,-1.445,0.435
2021-08-19 16:52:29.884,-1.33,0.495
2021-08-19 16:52:29.888,-1.115,0.385
2021-08-19 16:52:29.892,-0.985,0.22
2021-08-19 16:52:29.896,-0.8,0.075
2021-08-19 16:52:29.900,-0.625,-0.065
2021-08-19 16:52:29.904,-0.52,-0.185
2021-08-19 16:52:29.908,-0.485,-0.2
2021-08-19 16:52:29.912,-0.43,-0.18
2021-08-19 16:52:29.916,-0.48,-0.16
2021-08-19 16:52:29.920,-0.48,-0.19
2021-08-19 16:52:29.924,-0.405,-0.185
2021-08-19 16:52:29.928,-0.245,-0.205
2021-08-19 16:52:29.932,-0.225,-0.24
2021-08-19 16:52:29.936,-0.27,-0.27
2021-08-19 16:52:29.940,-0.27,-0.3
2021-08-19 16:52:29.944,-0.24,-0.27
2021-08-19 16:52:29.948,-0.18,-0.24
2021-08-19 16:52:29.952,-0.22,-0.205
2021-08-19 16:52:29.956,-0.235,-0.225
2021-08-19 16:52:29.960,-0.125,-0.215
2021-08-19 16:52:29.964,-0.1,-0.22
2021-08-19 16:52:29.968,-0.085,-0.25
2021-08-19 16:52:29.972,0.04,-0.235
2021-08-19 16:52:29.976,0.175,-0.24
2021-08-19 16:52:29.980,0.095,-0.24
2021-08-19 16:52:29.984,0.0,-0.25
2021-08-19 16:52:29.988,-0.095,-0.225
2021-08-19 16:52:29.992,0.0,-0.21
2021-08-19 16:52:29.996,0.14,-0.235
2021-08-19 16:52:30.000,0.08,-0.23
2021-08-19 16:52:30.004,0.055,-0.22
2021-08-19 16:52:30.008,0.225,-0.245
2021-08-19 16:52:30.012,0.32,-0.235
2021-08-19 16:52:30.016,0.225,-0.24
2021-08-19 16:52:30.020,0.08,-0.2
2021-08-19 16:52:30.024,0.12,-0.205
2021-08-19 16:52:30.028,0.225,-0.205
2021-08-19 16:52:30.032,0.355,-0.235
2021-08-19 16:52:30.036,0.44,-0.24
2021-08-19 16:52:30.040,0.425,-0.23
2021-08-19 16:52:30.044,0.355,-0.225
2021-08-19 16:52:30.048,0.305,-0.195
2021-08-19 16:52:30.052,0.315,-0.205
2021-08-19 16:52:30.056,0.44,-0.225
2021-08-19 16:52:30.060,0.54,-0.255
2021-08-19 16:52:30.064,0.545,-0.28
2021-08-19 16:52:30.068,0.53,-0.28
2021-08-19 16:52:30.072,0.54,-0.275
2021-08-19 16:52:30.076,0.625,-0.28
2021-08-19 16:52:30.080,0.745,-0.3
2021-08-19 16:52:30.084,0.715,-0.325
2021-08-19 16:52:30.088,0.62,-0.32
2021-08-19 16:52:30.092,0.445,-0.32
2021-08-19 16:52:30.096,0.43,-0.345
2021-08-19 16:52:30.100,0.475,-0.365
2021-08-19 16:52:30.104,0.485,-0.41
2021-08-19 16:52:30.108,0.45,-0.395
2021-08-19 16:52:30.112,0.42,-0.375
2021-08-19 16:52:30.116,0.52,-0.395
2021-08-19 16:52:30.120,0.34,-0.375
2021-08-19 16:52:30.124,0.06,-0.34
2021-08-19 16:52:30.128,-0.02,-0.315
2021-08-19 16:52:30.132,0.07,-0.295
2021-08-19 16:52:30.136,0.09,-0.3
2021-08-19 16:52:30.140,0.04,-0.305
2021-08-19 16:52:30.144,-0.06,-0.305
2021-08-19 16:52:30.148,-0.1,-0.25
2021-08-19 16:52:30.152,-0.05,-0.235
2021-08-19 16:52:30.156,0.065,-0.225
2021-08-19 16:52:30.160,0.095,-0.22
2021-08-19 16:52:30.164,0.025,-0.2
2021-08-19 16:52:30.168,-0.02,-0.205
2021-08-19 16:52:30.172,-0.02,-0.205
2021-08-19 16:52:30.176,-0.025,-0.195
2021-08-19 16:52:30.180,-0.01,-0.18
2021-08-19 16:52:30.184,0.03,-0.185
2021-08-19 16:52:30.188,0.06,-0.185
2021-08-19 16:52:30.192,0.015,-0.205
2021-08-19 16:52:30.196,-0.085,-0.18
2021-08-19 16:52:30.200,-0.095,-0.15
2021-08-19 16:52:30.204,-0.035,-0.17
2021-08-19 16:52:30.208,0.015,-0.2
2021-08-19 16:52:30.212,0.04,-0.2
2021-08-19 16:52:30.216,0.15,-0.215
2021-08-19 16:52:30.220,0.17,-0.22
2021-08-19 16:52:30.224,0.035,-0.245
2021-08-19 16:52:30.228,-0.09,-0.215
2021-08-19 16:52:30.232,-0.075,-0.19
2021-08-19 16:52:30.236,-0.04,-0.185
2021-08-19 16:52:30.240,-0.085,-0.18
2021-08-19 16:52:30.244,-0.11,-0.185
2021-08-19 16:52:30.248,-0.21,-0.185
2021-08-19 16:52:30.252,-0.17,-0.155
2021-08-19 16:52:30.256,-0.07,-0.15
2021-08-19 16:52:30.260,-0.035,-0.185
2021-08-19 16:52:30.264,-0.06,-0.205
2021-08-19 16:52:30.268,-0.1,-0.18
2021-08-19 16:52:30.272,-0.15,-0.17
2021-08-19 16:52:30.276,-0.105,-0.195
2021-08-19 16:52:30.280,-0.06,-0.175
2021-08-19 16:52:30.284,-0.155,-0.185
2021-08-19 16:52:30.288,-0.27,-0.17
2021-08-19 16:52:30.292,-0.27,-0.155
2021-08-19 16:52:30.296,-0.275,-0.16
2021-08-19 16:52:30.300,-0.29,-0.2
2021-08-19 16:52:30.304,-0.3,-0.22
2021-08-19 16:52:30.308,-0.31,-0.215
2021-08-19 16:52:30.312,-0.32,-0.205
2021-08-19 16:52:30.316,-0.285,-0.195
2021-08-19 16:52:30.320,-0.31,-0.225
2021-08-19 16:52:30.324,-0.38,-0.24
2021-08-19 16:52:30.328,-0.38,-0.25
2021-08-19 16:52:30.332,-0.335,-0.235
2021-08-19 16:52:30.336,-0.3,-0.235
2021-08-19 16:52:30.340,-0.29,-0.2
2021-08-19 16:52:30.344,-0.315,-0.2
2021-08-19 16:52:30.348,-0.37,-0.2
2021-08-19 16:52:30.352,-0.33,-0.21
2021-08-19 16:52:30.356,-0.255,-0.17
2021-08-19 16:52:30.360,-0.29,-0.195
2021-08-19 16:52:30.364,-0.14,-0.18
2021-08-19 16:52:30.368,-0.085,-0.195
2021-08-19 16:52:30.372,-0.23,-0.2
2021-08-19 16:52:30.376,-0.235,-0.185
2021-08-19 16:52:30.380,-0.16,-0.185
2021-08-19 16:52:30.384,-0.08,-0.19
2021-08-19 16:52:30.388,-0.085,-0.21
2021-08-19 16:52:30.392,-0.175,-0.205
2021-08-19 16:52:30.396,-0.24,-0.215
2021-08-19 16:52:30.400,-0.2,-0.195
2021-08-19 16:52:30.404,-0.16,-0.205
2021-08-19 16:52:30.408,-0.155,-0.205
2021-08-19 16:52:30.412,-0.2,-0.18
2021-08-19 16:52:30.416,-0.195,-0.2
2021-08-19 16:52:30.420,-0.145,-0.21
2021-08-19 16:52:30.424,-0.11,-0.23
2021-08-19 16:52:30.428,-0.14,-0.22
2021-08-19 16:52:30.432,-0.235,-0.205
2021-08-19 16:52:30.436,-0.24,-0.19
2021-08-19 16:52:30.440,-0.19,-0.19
2021-08-19 16:52:30.444,-0.13,-0.195
2021-08-19 16:52:30.448,-0.07,-0.205
2021-08-19 16:52:30.452,-0.08,-0.22
2021-08-19 16:52:30.456,-0.145,-0.225
2021-08-19 16:52:30.460,-0.14,-0.22
2021-08-19 16:52:30.464,-0.125,-0.225
2021-08-19 16:52:30.468,-0.105,-0.19
2021-08-19 16:52:30.472,-0.145,-0.195
2021-08-19 16:52:30.476,-0.185,-0.18
2021-08-19 16:52:30.480,-0.2,-0.19
2021-08-19 16:52:30.484,-0.195,-0.195
2021-08-19 16:52:30.488,-0.12,-0.19
2021-08-19 16:52:30.492,-0.105,-0.15
2021-08-19 16:52:30.496,-0.15,-0.105
2021-08-19 16:52:30.500,-0.07,-0.025
2021-08-19 16:52:30.504,0.15,-0.03
2021-08-19 16:52:30.508,0.53,-0.155
2021-08-19 16:52:30.512,1.02,-0.245
2021-08-19 16:52:30.516,1.605,-0.285
2021-08-19 16:52:30.528,1.54,-1.0
2021-08-19 16:52:30.532,0.645,-1.08
2021-08-19 16:52:30.536,-0.36,-0.97
2021-08-19 16:52:30.540,-0.785,-0.82
2021-08-19 16:52:30.544,-0.785,-0.67
2021-08-19 16:52:30.548,-0.635,-0.51
2021-08-19 16:52:30.552,-0.455,-0.45
2021-08-19 16:52:30.556,-0.34,-0.41
2021-08-19 16:52:30.560,-0.28,-0.39
2021-08-19 16:52:30.564,-0.325,-0.305
2021-08-19 16:52:30.568,-0.43,-0.22
2021-08-19 16:52:30.572,-0.4,-0.175
2021-08-19 16:52:30.576,-0.29,-0.165
2021-08-19 16:52:30.580,-0.245,-0.15
2021-08-19 16:52:30.584,-0.32,-0.14
2021-08-19 16:52:30.588,-0.355,-0.12
2021-08-19 16:52:30.592,-0.38,-0.155
2021-08-19 16:52:30.596,-0.3,-0.14
2021-08-19 16:52:30.600,-0.185,-0.135
2021-08-19 16:52:30.604,-0.16,-0.14
2021-08-19 16:52:30.608,-0.23,-0.14
2021-08-19 16:52:30.612,-0.225,-0.155
2021-08-19 16:52:30.616,-0.14,-0.16
2021-08-19 16:52:30.620,-0.115,-0.165
2021-08-19 16:52:30.624,-0.17,-0.16
2021-08-19 16:52:30.628,-0.175,-0.17
2021-08-19 16:52:30.632,-0.23,-0.145
2021-08-19 16:52:30.636,-0.27,-0.15
2021-08-19 16:52:30.640,-0.28,-0.15
2021-08-19 16:52:30.644,-0.275,-0.14
2021-08-19 16:52:30.648,-0.28,-0.145
2021-08-19 16:52:30.652,-0.21,-0.135
2021-08-19 16:52:30.656,-0.195,-0.165
2021-08-19 16:52:30.660,-0.23,-0.145
2021-08-19 16:52:30.664,-0.26,-0.13
2021-08-19 16:52:30.668,-0.165,-0.135
2021-08-19 16:52:30.672,-0.1,-0.16
2021-08-19 16:52:30.676,-0.17,-0.15
2021-08-19 16:52:30.680,-0.255,-0.15
2021-08-19 16:52:30.684,-0.26,-0.14
2021-08-19 16:52:30.688,-0.13,-0.13
2021-08-19 16:52:30.692,-0.11,-0.155
2021-08-19 16:52:30.696,-0.14,-0.145
2021-08-19 16:52:30.700,-0.1,-0.135
2021-08-19 16:52:30.704,-0.1,-0.15
2021-08-19 16:52:30.708,-0.1,-0.145
2021-08-19 16:52:30.712,-0.04,-0.14
2021-08-19 16:52:30.716,0.06,-0.16
2021-08-19 16:52:30.720,-0.015,-0.16
2021-08-19 16:52:30.724,-0.24,-0.12
2021-08-19 16:52:30.728,-0.355,-0.1
2021-08-19 16:52:30.732,-0.235,-0.12
2021-08-19 16:52:30.736,-0.205,-0.135
2021-08-19 16:52:30.740,-0.265,-0.145
2021-08-19 16:52:30.744,-0.36,-0.145
2021-08-19 16:52:30.748,-0.36,-0.15
2021-08-19 16:52:30.752,-0.345,-0.145
2021-08-19 16:52:30.756,-0.295,-0.145
2021-08-19 16:52:30.760,-0.23,-0.175
2021-08-19 16:52:30.764,-0.19,-0.17
2021-08-19 16:52:30.768,-0.17,-0.18
2021-08-19 16:52:30.772,-0.25,-0.195
2021-08-19 16:52:30.776,-0.37,-0.17
2021-08-19 16:52:30.780,-0.345,-0.16
2021-08-19 16:52:30.784,-0.225,-0.13
2021-08-19 16:52:30.788,-0.19,-0.12
2021-08-19 16:52:30.792,-0.275,-0.105
2021-08-19 16:52:30.796,-0.2,-0.09
2021-08-19 16:52:30.800,-0.13,-0.1
2021-08-19 16:52:30.804,-0.09,-0.135
2021-08-19 16:52:30.808,0.06,-0.155
2021-08-19 16:52:30.812,0.125,-0.17
2021-08-19 16:52:30.816,-0.045,-0.145
2021-08-19 16:52:30.820,-0.045,-0.155
2021-08-19 16:52:30.824,0.055,-0.17
2021-08-19 16:52:30.828,0.055,-0.17
2021-08-19 16:52:30.832,-0.005,-0.16
2021-08-19 16:52:30.836,0.115,-0.17
2021-08-19 16:52:30.840,0.2,-0.16
2021-08-19 16:52:30.844,0.11,-0.165
2021-08-19 16:52:30.848,0.085,-0.145
2021-08-19 16:52:30.852,0.035,-0.14
2021-08-19 16:52:30.856,0.115,-0.16
2021-08-19 16:52:30.860,0.105,-0.15
2021-08-19 16:52:30.864,-0.06,-0.12
2021-08-19 16:52:30.868,-0.135,-0.125
2021-08-19 16:52:30.872,-0.02,-0.125
2021-08-19 16:52:30.876,0.03,-0.145
2021-08-19 16:52:30.880,0.035,-0.14
2021-08-19 16:52:30.884,0.01,-0.14
2021-08-19 16:52:30.888,0.005,-0.125
2021-08-19 16:52:30.892,0.035,-0.13
2021-08-19 16:52:30.896,0.1,-0.135
2021-08-19 16:52:30.900,-0.03,-0.13
2021-08-19 16:52:30.904,-0.095,-0.11
2021-08-19 16:52:30.908,-0.01,-0.12
2021-08-19 16:52:30.912,0.1,-0.105
2021-08-19 16:52:30.916,0.09,-0.115
2021-08-19 16:52:30.920,-0.02,-0.1
2021-08-19 16:52:30.924,-0.02,-0.1
2021-08-19 16:52:30.928,0.095,-0.12
2021-08-19 16:52:30.932,0.02,-0.105
2021-08-19 16:52:30.936,-0.075,-0.085
2021-08-19 16:52:30.940,-0.185,-0.075
2021-08-19 16:52:30.944,-0.185,-0.095
2021-08-19 16:52:30.948,-0.09,-0.085
2021-08-19 16:52:30.952,-0.05,-0.1
2021-08-19 16:52:30.956,-0.12,-0.09
2021-08-19 16:52:30.960,-0.12,-0.065
2021-08-19 16:52:30.964,-0.105,-0.085
2021-08-19 16:52:30.968,-0.13,-0.1
2021-08-19 16:52:30.972,-0.115,-0.11
2021-08-19 16:52:30.976,-0.04,-0.125
2021-08-19 16:52:30.980,-0.13,-0.14
2021-08-19 16:52:30.984,-0.235,-0.065
2021-08-19 16:52:30.988,-0.08,-0.05
2021-08-19 16:52:30.992,0.02,-0.07
2021-08-19 16:52:30.996,0.07,-0.07
2021-08-19 16:52:31.000,0.03,-0.05
2021-08-19 16:52:31.004,-0.06,-0.065
2021-08-19 16:52:31.008,-0.16,-0.02
2021-08-19 16:52:31.012,-0.11,-0.02
2021-08-19 16:52:31.016,-0.025,-0.05
2021-08-19 16:52:31.020,0.01,-0.095
2021-08-19 16:52:31.024,0.12,-0.125
2021-08-19 16:52:31.028,-0.01,-0.13
2021-08-19 16:52:31.032,-0.105,-0.105
2021-08-19 16:52:31.036,-0.03,-0.1
2021-08-19 16:52:31.040,0.025,-0.125
2021-08-19 16:52:31.044,0.07,-0.12
2021-08-19 16:52:31.048,-0.02,-0.09
2021-08-19 16:52:31.052,0.01,-0.125
2021-08-19 16:52:31.056,0.025,-0.105
2021-08-19 16:52:31.060,-0.085,-0.085
2021-08-19 16:52:31.064,-0.195,-0.045
2021-08-19 16:52:31.068,-0.11,-0.075
2021-08-19 16:52:31.072,-0.01,-0.075
2021-08-19 16:52:31.076,0.055,-0.08
2021-08-19 16:52:31.080,0.135,-0.1
2021-08-19 16:52:31.084,-0.05,-0.06
2021-08-19 16:52:31.088,-0.175,0.0
2021-08-19 16:52:31.092,-0.09,0.06
2021-08-19 16:52:31.096,0.07,0.09
2021-08-19 16:52:31.100,0.4,-0.005
2021-08-19 16:52:31.104,0.99,-0.12
2021-08-19 16:52:31.108,1.55,-0.17
2021-08-19 16:52:31.120,1.77,-0.89
2021-08-19 16:52:31.124,0.95,-1.065
2021-08-19 16:52:31.128,-0.085,-0.985
2021-08-19 16:52:31.132,-0.635,-0.81
2021-08-19 16:52:31.136,-0.54,-0.68
2021-08-19 16:52:31.140,-0.29,-0.485
2021-08-19 16:52:31.144,-0.045,-0.395
2021-08-19 16:52:31.148,-0.13,-0.275
2021-08-19 16:52:31.152,-0.29,-0.17
2021-08-19 16:52:31.156,-0.32,-0.125
2021-08-19 16:52:31.160,-0.3,-0.08
2021-08-19 16:52:31.164,-0.3,-0.065
2021-08-19 16:52:31.168,-0.28,-0.04
2021-08-19 16:52:31.172,-0.22,-0.055
2021-08-19 16:52:31.176,-0.235,-0.05
2021-08-19 16:52:31.180,-0.265,-0.055
2021-08-19 16:52:31.184,-0.24,-0.06
2021-08-19 16:52:31.188,-0.23,-0.08
2021-08-19 16:52:31.192,-0.24,-0.08
2021-08-19 16:52:31.196,-0.235,-0.08
2021-08-19 16:52:31.200,-0.18,-0.065
2021-08-19 16:52:31.204,-0.1,-0.05
2021-08-19 16:52:31.208,-0.005,-0.03
2021-08-19 16:52:31.212,0.01,-0.035
2021-08-19 16:52:31.216,-0.08,-0.02
2021-08-19 16:52:31.220,-0.19,0.01
2021-08-19 16:52:31.224,-0.18,0.02
2021-08-19 16:52:31.228,-0.12,0.015
2021-08-19 16:52:31.232,0.07,-0.005
2021-08-19 16:52:31.236,0.23,-0.04
2021-08-19 16:52:31.240,0.075,-0.075
2021-08-19 16:52:31.244,-0.1,-0.025
2021-08-19 16:52:31.248,-0.135,-0.02
2021-08-19 16:52:31.252,-0.14,-0.01
2021-08-19 16:52:31.256,-0.145,-0.01
2021-08-19 16:52:31.260,-0.05,-0.015
2021-08-19 16:52:31.264,-0.03,-0.05
2021-08-19 16:52:31.268,0.005,-0.025
2021-08-19 16:52:31.272,0.02,-0.045
2021-08-19 16:52:31.276,-0.045,-0.05
2021-08-19 16:52:31.280,-0.095,-0.03
2021-08-19 16:52:31.284,0.01,-0.05
2021-08-19 16:52:31.288,0.12,-0.05
2021-08-19 16:52:31.292,0.21,-0.02
2021-08-19 16:52:31.296,0.175,-0.025
2021-08-19 16:52:31.300,0.06,-0.04
2021-08-19 16:52:31.304,0.18,-0.05
2021-08-19 16:52:31.308,0.335,-0.06
2021-08-19 16:52:31.312,0.155,-0.07
2021-08-19 16:52:31.316,0.06,-0.07
2021-08-19 16:52:31.320,0.055,-0.045
2021-08-19 16:52:31.324,0.015,-0.03
2021-08-19 16:52:31.328,0.035,-0.025
2021-08-19 16:52:31.332,0.075,-0.035
2021-08-19 16:52:31.336,0.17,-0.04
2021-08-19 16:52:31.340,0.23,-0.06
2021-08-19 16:52:31.344,0.235,-0.055
2021-08-19 16:52:31.348,0.29,-0.08
2021-08-19 16:52:31.352,0.335,-0.08
2021-08-19 16:52:31.356,0.305,-0.08
2021-08-19 16:52:31.360,0.225,-0.035
2021-08-19 16:52:31.364,0.085,-0.02
2021-08-19 16:52:31.368,0.04,-0.05
2021-08-19 16:52:31.372,0.07,-0.05
2021-08-19 16:52:31.376,0.19,-0.07
2021-08-19 16:52:31.380,0.205,-0.07
2021-08-19 16:52:31.384,0.05,-0.04
2021-08-19 16:52:31.388,-0.015,-0.005
2021-08-19 16:52:31.392,-0.03,-0.005
2021-08-19 16:52:31.396,-0.155,0.025
2021-08-19 16:52:31.400,-0.125,0.0
2021-08-19 16:52:31.404,-0.18,-0.025
2021-08-19 16:52:31.408,-0.18,0.01
2021-08-19 16:52:31.412,-0.115,0.0
2021-08-19 16:52:31.416,0.035,0.025
2021-08-19 16:52:31.420,0.125,0.02
2021-08-19 16:52:31.424,0.105,0.03
2021-08-19 16:52:31.428,0.06,0.035
2021-08-19 16:52:31.432,-0.085,0.02
2021-08-19 16:52:31.436,-0.16,0.03
2021-08-19 16:52:31.440,0.01,0.035
2021-08-19 16:52:31.444,0.03,0.05
2021-08-19 16:52:31.448,-0.065,-0.005
2021-08-19 16:52:31.452,-0.2,0.015
2021-08-19 16:52:31.456,-0.16,0.025
2021-08-19 16:52:31.460,-0.04,0.02
2021-08-19 16:52:31.464,0.02,0.01
2021-08-19 16:52:31.468,-0.13,0.035
2021-08-19 16:52:31.472,-0.13,0.01
2021-08-19 16:52:31.476,-0.09,0.0
2021-08-19 16:52:31.480,-0.14,0.025
2021-08-19 16:52:31.484,-0.215,0.04
2021-08-19 16:52:31.488,-0.11,0.025
2021-08-19 16:52:31.492,-0.035,0.015
2021-08-19 16:52:31.496,0.01,0.02
2021-08-19 16:52:31.500,0.035,0.045
2021-08-19 16:52:31.504,0.06,0.13
2021-08-19 16:52:31.508,-0.15,0.22
2021-08-19 16:52:31.512,0.13,0.175
2021-08-19 16:52:31.516,0.845,0.015
2021-08-19 16:52:31.520,1.535,-0.1
2021-08-19 16:52:31.532,1.63,-0.84
2021-08-19 16:52:31.536,0.74,-0.945
2021-08-19 16:52:31.540,-0.16,-0.715
2021-08-19 16:52:31.544,-0.425,-0.515
2021-08-19 16:52:31.548,-0.32,-0.405
2021-08-19 16:52:31.552,-0.085,-0.27
2021-08-19 16:52:31.556,-0.035,-0.28
2021-08-19 16:52:31.560,-0.105,-0.175
2021-08-19 16:52:31.564,-0.145,-0.07
2021-08-19 16:52:31.568,-0.05,-0.04
2021-08-19 16:52:31.572,-0.09,-0.035
2021-08-19 16:52:31.576,-0.185,-0.02
2021-08-19 16:52:31.580,-0.245,-0.015
2021-08-19 16:52:31.584,-0.23,-0.01
2021-08-19 16:52:31.588,-0.295,-0.01
2021-08-19 16:52:31.592,-0.345,-0.005
2021-08-19 16:52:31.596,-0.255,-0.02
2021-08-19 16:52:31.600,-0.195,-0.02
2021-08-19 16:52:31.604,-0.29,-0.03
2021-08-19 16:52:31.608,-0.42,-0.02
2021-08-19 16:52:31.612,-0.36,-0.01
2021-08-19 16:52:31.616,-0.38,-0.02
2021-08-19 16:52:31.620,-0.335,-0.02
2021-08-19 16:52:31.624,-0.16,-0.01
2021-08-19 16:52:31.628,0.03,-0.005
2021-08-19 16:52:31.632,0.03,-0.025
2021-08-19 16:52:31.636,-0.06,-0.015
2021-08-19 16:52:31.640,-0.145,0.01
2021-08-19 16:52:31.644,-0.235,0.035
2021-08-19 16:52:31.648,-0.15,0.045
2021-08-19 16:52:31.652,-0.21,0.05
2021-08-19 16:52:31.656,-0.19,0.025
2021-08-19 16:52:31.660,-0.13,0.01
2021-08-19 16:52:31.664,-0.065,-0.015
2021-08-19 16:52:31.668,-0.095,-0.01
2021-08-19 16:52:31.672,0.0,-0.015
2021-08-19 16:52:31.676,0.13,-0.055
2021-08-19 16:52:31.680,0.095,-0.05
2021-08-19 16:52:31.684,-0.045,-0.01
2021-08-19 16:52:31.688,-0.145,0.015
2021-08-19 16:52:31.692,-0.25,0.02
2021-08-19 16:52:31.696,-0.15,0.005
2021-08-19 16:52:31.700,-0.015,-0.005
2021-08-19 16:52:31.704,0.09,-0.025
2021-08-19 16:52:31.708,0.05,-0.035
2021-08-19 16:52:31.712,-0.06,-0.04
2021-08-19 16:52:31.716,-0.01,-0.025
2021-08-19 16:52:31.720,0.095,-0.05
2021-08-19 16:52:31.724,0.245,-0.065
2021-08-19 16:52:31.728,0.125,-0.075
2021-08-19 16:52:31.732,0.0,-0.045
2021-08-19 16:52:31.736,0.07,-0.03
2021-08-19 16:52:31.740,0.1,-0.035
2021-08-19 16:52:31.744,0.065,-0.045
2021-08-19 16:52:31.748,0.125,-0.06
2021-08-19 16:52:31.752,0.225,-0.05
2021-08-19 16:52:31.756,0.105,-0.035
2021-08-19 16:52:31.760,0.045,-0.005
2021-08-19 16:52:31.764,0.11,-0.005
2021-08-19 16:52:31.768,0.12,-0.03
2021-08-19 16:52:31.772,0.11,-0.015
2021-08-19 16:52:31.776,0.15,-0.005
2021-08-19 16:52:31.780,0.14,-0.01
2021-08-19 16:52:31.784,0.135,-0.03
2021-08-19 16:52:31.788,0.21,-0.02
2021-08-19 16:52:31.792,0.17,-0.025
2021-08-19 16:52:31.796,0.11,-0.015
2021-08-19 16:52:31.800,0.08,-0.02
2021-08-19 16:52:31.804,0.02,-0.005
2021-08-19 16:52:31.808,0.085,-0.025
2021-08-19 16:52:31.812,0.135,-0.035
2021-08-19 16:52:31.816,0.01,-0.07
2021-08-19 16:52:31.820,-0.23,-0.025
2021-08-19 16:52:31.824,-0.25,0.015
2021-08-19 16:52:31.828,-0.18,0.025
2021-08-19 16:52:31.832,-0.155,0.015
2021-08-19 16:52:31.836,-0.05,0.02
2021-08-19 16:52:31.840,-0.02,0.03
2021-08-19 16:52:31.844,-0.04,0.03
2021-08-19 16:52:31.848,-0.15,0.035
2021-08-19 16:52:31.852,-0.11,0.065
2021-08-19 16:52:31.856,-0.16,0.075
2021-08-19 16:52:31.860,-0.05,0.13
2021-08-19 16:52:31.864,0.005,0.175
2021-08-19 16:52:31.868,0.275,0.155
2021-08-19 16:52:31.872,0.81,0.05
2021-08-19 16:52:31.876,1.43,0.005
2021-08-19 16:52:31.892,1.41,-0.935
2021-08-19 16:52:31.896,0.495,-1.0
2021-08-19 16:52:31.900,-0.17,-0.93
2021-08-19 16:52:31.904,-0.42,-0.775
2021-08-19 16:52:31.908,-0.26,-0.475
2021-08-19 16:52:31.912,-0.2,-0.32
2021-08-19 16:52:31.916,-0.18,-0.245
2021-08-19 16:52:31.920,-0.11,-0.19
2021-08-19 16:52:31.924,-0.065,-0.115
2021-08-19 16:52:31.928,-0.08,-0.045
2021-08-19 16:52:31.932,-0.09,-0.03
2021-08-19 16:52:31.936,-0.18,-0.035
2021-08-19 16:52:31.940,-0.25,0.0
2021-08-19 16:52:31.944,-0.2,0.01
2021-08-19 16:52:31.948,-0.32,-0.005
2021-08-19 16:52:31.952,-0.43,0.025
2021-08-19 16:52:31.956,-0.335,0.04
2021-08-19 16:52:31.960,-0.135,0.035
2021-08-19 16:52:31.964,-0.205,0.02
2021-08-19 16:52:31.968,-0.335,0.03
2021-08-19 16:52:31.972,-0.31,0.055
2021-08-19 16:52:31.976,-0.29,0.05
2021-08-19 16:52:31.980,-0.255,0.05
2021-08-19 16:52:31.984,-0.255,0.045
2021-08-19 16:52:31.988,-0.35,0.07
2021-08-19 16:52:31.992,-0.37,0.04
2021-08-19 16:52:31.996,-0.295,0.03
2021-08-19 16:52:32.000,-0.3,0.03
2021-08-19 16:52:32.004,-0.37,0.03
2021-08-19 16:52:32.008,-0.35,0.07
2021-08-19 16:52:32.012,-0.18,0.06
2021-08-19 16:52:32.016,-0.305,0.045
2021-08-19 16:52:32.020,-0.43,0.065
2021-08-19 16:52:32.024,-0.385,0.095
2021-08-19 16:52:32.028,-0.41,0.06
2021-08-19 16:52:32.032,-0.415,0.075
2021-08-19 16:52:32.036,-0.305,0.095
2021-08-19 16:52:32.040,-0.215,0.1
2021-08-19 16:52:32.044,-0.23,0.095
2021-08-19 16:52:32.048,-0.295,0.125
2021-08-19 16:52:32.052,-0.265,0.135
2021-08-19 16:52:32.056,-0.15,0.115
2021-08-19 16:52:32.060,-0.17,0.15
2021-08-19 16:52:32.064,-0.27,0.135
2021-08-19 16:52:32.068,-0.15,0.11
2021-08-19 16:52:32.072,-0.12,0.115
2021-08-19 16:52:32.076,-0.155,0.125
2021-08-19 16:52:32.080,-0.115,0.12
2021-08-19 16:52:32.084,-0.05,0.115
2021-08-19 16:52:32.088,0.0,0.105
2021-08-19 16:52:32.092,-0.005,0.075
2021-08-19 16:52:32.096,-0.055,0.105
2021-08-19 16:52:32.100,-0.085,0.125
2021-08-19 16:52:32.104,-0.04,0.115
2021-08-19 16:52:32.108,0.085,0.135
2021-08-19 16:52:32.112,0.125,0.09
2021-08-19 16:52:32.116,0.185,0.06
2021-08-19 16:52:32.120,0.345,0.07
2021-08-19 16:52:32.124,0.365,0.06
2021-08-19 16:52:32.128,0.21,0.065
2021-08-19 16:52:32.132,0.165,0.075
2021-08-19 16:52:32.136,0.245,0.09
2021-08-19 16:52:32.140,0.25,0.045
2021-08-19 16:52:32.144,0.16,0.05
2021-08-19 16:52:32.148,0.21,0.055
2021-08-19 16:52:32.152,0.18,0.005
2021-08-19 16:52:32.156,0.14,0.025
2021-08-19 16:52:32.160,0.055,0.05
2021-08-19 16:52:32.164,0.085,0.025
2021-08-19 16:52:32.168,0.12,0.04
2021-08-19 16:52:32.172,0.045,0.035
2021-08-19 16:52:32.176,-0.04,0.06
2021-08-19 16:52:32.180,-0.06,0.065
2021-08-19 16:52:32.184,0.025,0.075
2021-08-19 16:52:32.188,-0.01,0.08
2021-08-19 16:52:32.192,-0.125,0.09
2021-08-19 16:52:32.196,-0.115,0.09
2021-08-19 16:52:32.200,-0.15,0.06
2021-08-19 16:52:32.204,-0.145,0.06
2021-08-19 16:52:32.208,0.055,0.08
2021-08-19 16:52:32.212,0.015,0.135
2021-08-19 16:52:32.216,-0.15,0.17
2021-08-19 16:52:32.220,-0.165,0.225
2021-08-19 16:52:32.224,0.205,0.165
2021-08-19 16:52:32.228,0.99,-0.025
2021-08-19 16:52:32.232,1.625,-0.175
2021-08-19 16:52:32.244,1.555,-0.755
2021-08-19 16:52:32.248,0.74,-0.835
2021-08-19 16:52:32.252,-0.195,-0.645
2021-08-19 16:52:32.256,-0.54,-0.54
2021-08-19 16:52:32.260,-0.545,-0.495
2021-08-19 16:52:32.264,-0.36,-0.285
2021-08-19 16:52:32.268,-0.14,-0.25
2021-08-19 16:52:32.272,-0.11,-0.145
2021-08-19 16:52:32.276,-0.275,-0.075
2021-08-19 16:52:32.280,-0.305,-0.01
2021-08-19 16:52:32.284,-0.18,0.025
2021-08-19 16:52:32.288,-0.11,0.035
2021-08-19 16:52:32.292,-0.075,0.03
2021-08-19 16:52:32.296,-0.155,0.025
2021-08-19 16:52:32.300,-0.215,0.045
2021-08-19 16:52:32.304,-0.145,0.035
2021-08-19 16:52:32.308,-0.185,0.06
2021-08-19 16:52:32.312,-0.24,0.05
2021-08-19 16:52:32.316,-0.215,0.055
2021-08-19 16:52:32.320,-0.185,0.06
2021-08-19 16:52:32.324,-0.245,0.055
2021-08-19 16:52:32.328,-0.245,0.085
2021-08-19 16:52:32.332,-0.175,0.065
2021-08-19 16:52:32.336,-0.175,0.07
2021-08-19 16:52:32.340,-0.16,0.085
2021-08-19 16:52:32.344,-0.28,0.07
2021-08-19 16:52:32.348,-0.26,0.09
2021-08-19 16:52:32.352,-0.235,0.095
2021-08-19 16:52:32.356,-0.295,0.09
2021-08-19 16:52:32.360,-0.26,0.09
2021-08-19 16:52:32.364,-0.13,0.095
2021-08-19 16:52:32.368,-0.095,0.06
2021-08-19 16:52:32.372,-0.165,0.055
2021-08-19 16:52:32.376,-0.2,0.065
2021-08-19 16:52:32.380,-0.23,0.08
2021-08-19 16:52:32.384,-0.21,0.06
2021-08-19 16:52:32.388,-0.265,0.09
2021-08-19 16:52:32.392,-0.315,0.115
2021-08-19 16:52:32.396,-0.24,0.11
2021-08-19 16:52:32.400,-0.115,0.105
2021-08-19 16:52:32.404,-0.17,0.1
2021-08-19 16:52:32.408,-0.3,0.105
2021-08-19 16:52:32.412,-0.345,0.115
2021-08-19 16:52:32.416,-0.295,0.125
2021-08-19 16:52:32.420,-0.16,0.1
2021-08-19 16:52:32.424,-0.115,0.085
2021-08-19 16:52:32.428,-0.275,0.065
2021-08-19 16:52:32.432,-0.475,0.11
2021-08-19 16:52:32.436,-0.44,0.16
2021-08-19 16:52:32.440,-0.255,0.135
2021-08-19 16:52:32.444,-0.15,0.095
2021-08-19 16:52:32.448,-0.125,0.06
2021-08-19 16:52:32.452,-0.235,0.07
2021-08-19 16:52:32.456,-0.37,0.075
2021-08-19 16:52:32.460,-0.34,0.11
2021-08-19 16:52:32.464,-0.12,0.12
2021-08-19 16:52:32.468,-0.1,0.095
2021-08-19 16:52:32.472,-0.05,0.105
2021-08-19 16:52:32.476,0.07,0.095
2021-08-19 16:52:32.480,0.145,0.07
2021-08-19 16:52:32.484,0.225,0.065
2021-08-19 16:52:32.488,0.15,0.05
2021-08-19 16:52:32.492,0.04,0.08
2021-08-19 16:52:32.496,0.12,0.075
2021-08-19 16:52:32.500,0.175,0.075
2021-08-19 16:52:32.504,0.18,0.06
2021-08-19 16:52:32.508,0.15,0.045
2021-08-19 16:52:32.512,0.065,0.03
2021-08-19 16:52:32.516,0.065,0.045
2021-08-19 16:52:32.520,0.1,0.075
2021-08-19 16:52:32.524,0.105,0.075
2021-08-19 16:52:32.528,0.04,0.06
2021-08-19 16:52:32.532,0.015,0.055
2021-08-19 16:52:32.536,-0.005,0.095
2021-08-19 16:52:32.540,0.005,0.15
2021-08-19 16:52:32.544,0.05,0.185
2021-08-19 16:52:32.548,0.345,0.11
2021-08-19 16:52:32.552,0.91,-0.065
2021-08-19 16:52:32.556,1.485,-0.165
2021-08-19 16:52:32.560,1.96,-0.255
2021-08-19 16:52:32.568,1.965,-0.84
2021-08-19 16:52:32.572,1.265,-0.965
2021-08-19 16:52:32.576,0.34,-0.86
2021-08-19 16:52:32.580,-0.185,-0.755
2021-08-19 16:52:32.584,-0.285,-0.71
2021-08-19 16:52:32.588,-0.14,-0.42
2021-08-19 16:52:32.592,-0.16,-0.28
2021-08-19 16:52:32.596,-0.2,-0.16
2021-08-19 16:52:32.600,-0.215,-0.08
2021-08-19 16:52:32.604,-0.03,-0.045
2021-08-19 16:52:32.608,0.055,-0.02
2021-08-19 16:52:32.612,-0.15,-0.01
2021-08-19 16:52:32.616,-0.205,0.035
2021-08-19 16:52:32.620,-0.17,0.045
2021-08-19 16:52:32.624,-0.36,0.045
2021-08-19 16:52:32.628,-0.485,0.075
2021-08-19 16:52:32.632,-0.445,0.075
2021-08-19 16:52:32.636,-0.345,0.055
2021-08-19 16:52:32.640,-0.325,0.065
2021-08-19 16:52:32.644,-0.375,0.065
2021-08-19 16:52:32.648,-0.38,0.075
2021-08-19 16:52:32.652,-0.395,0.06
2021-08-19 16:52:32.656,-0.36,0.05
2021-08-19 16:52:32.660,-0.295,0.045
2021-08-19 16:52:32.664,-0.3,0.005
2021-08-19 16:52:32.668,-0.31,0.015
2021-08-19 16:52:32.672,-0.48,0.03
2021-08-19 16:52:32.676,-0.6,0.03
2021-08-19 16:52:32.680,-0.39,0.07
2021-08-19 16:52:32.684,-0.22,0.06
2021-08-19 16:52:32.688,-0.28,0.05
2021-08-19 16:52:32.692,-0.405,0.065
2021-08-19 16:52:32.696,-0.435,0.115
2021-08-19 16:52:32.700,-0.395,0.085
2021-08-19 16:52:32.704,-0.345,0.095
2021-08-19 16:52:32.708,-0.32,0.105
2021-08-19 16:52:32.712,-0.315,0.1
2021-08-19 16:52:32.716,-0.25,0.115
2021-08-19 16:52:32.720,-0.185,0.085
2021-08-19 16:52:32.724,-0.125,0.065
2021-08-19 16:52:32.728,-0.125,0.08
2021-08-19 16:52:32.732,-0.14,0.095
2021-08-19 16:52:32.736,-0.155,0.075
2021-08-19 16:52:32.740,-0.055,0.06
2021-08-19 16:52:32.744,-0.045,0.065
2021-08-19 16:52:32.748,-0.175,0.065
2021-08-19 16:52:32.752,-0.225,0.09
2021-08-19 16:52:32.756,-0.09,0.065
2021-08-19 16:52:32.760,-0.015,0.04
2021-08-19 16:52:32.764,-0.075,0.04
2021-08-19 16:52:32.768,-0.295,0.05
2021-08-19 16:52:32.772,-0.375,0.13
2021-08-19 16:52:32.776,-0.17,0.115
2021-08-19 16:52:32.780,-0.055,0.08
2021-08-19 16:52:32.784,-0.01,0.06
2021-08-19 16:52:32.788,0.175,0.03
2021-08-19 16:52:32.792,0.285,0.015
2021-08-19 16:52:32.796,0.185,0.02
2021-08-19 16:52:32.800,0.1,0.045
2021-08-19 16:52:32.804,0.17,0.035
2021-08-19 16:52:32.808,0.195,0.06
2021-08-19 16:52:32.812,0.21,0.05
2021-08-19 16:52:32.816,0.195,0.05
2021-08-19 16:52:32.820,0.2,0.04
2021-08-19 16:52:32.824,0.245,0.045
2021-08-19 16:52:32.828,0.165,0.045
2021-08-19 16:52:32.832,0.065,0.065
2021-08-19 16:52:32.836,-0.045,0.07
2021-08-19 16:52:32.840,-0.055,0.095
2021-08-19 16:52:32.844,-0.05,0.065
2021-08-19 16:52:32.848,0.03,0.055
2021-08-19 16:52:32.852,0.155,0.025
2021-08-19 16:52:32.856,0.08,0.045
2021-08-19 16:52:32.860,-0.1,0.06
2021-08-19 16:52:32.864,-0.1,0.07
2021-08-19 16:52:32.868,-0.08,0.065
2021-08-19 16:52:32.872,-0.135,0.035
2021-08-19 16:52:32.876,-0.22,0.05
2021-08-19 16:52:32.880,-0.235,0.055
2021-08-19 16:52:32.884,-0.1,0.03
2021-08-19 16:52:32.888,-0.005,-0.01
2021-08-19 16:52:32.892,-0.05,-0.015
2021-08-19 16:52:32.896,-0.14,-0.03
2021-08-19 16:52:32.900,-0.14,0.005
2021-08-19 16:52:32.904,-0.245,0.05
2021-08-19 16:52:32.908,-0.22,0.055
2021-08-19 16:52:32.912,-0.155,0.065
2021-08-19 16:52:32.916,-0.14,0.065
2021-08-19 16:52:32.920,-0.155,0.04
2021-08-19 16:52:32.924,-0.155,0.015
2021-08-19 16:52:32.928,-0.16,0.06
2021-08-19 16:52:32.932,-0.12,0.075
2021-08-19 16:52:32.936,-0.06,0.07
2021-08-19 16:52:32.940,-0.055,0.08
2021-08-19 16:52:32.944,-0.085,0.07
2021-08-19 16:52:32.948,-0.07,0.065
2021-08-19 16:52:32.952,0.0,0.04
2021-08-19 16:52:32.956,0.025,0.035
2021-08-19 16:52:32.960,0.035,0.03
2021-08-19 16:52:32.964,0.06,0.015
2021-08-19 16:52:32.968,-0.09,0.03
2021-08-19 16:52:32.972,-0.2,0.045
2021-08-19 16:52:32.976,-0.21,0.07
2021-08-19 16:52:32.980,-0.195,0.07
2021-08-19 16:52:32.984,-0.05,0.06
2021-08-19 16:52:32.988,-0.025,0.025
2021-08-19 16:52:32.992,-0.215,0.035
2021-08-19 16:52:32.996,-0.31,0.045
2021-08-19 16:52:33.000,-0.32,0.07
2021-08-19 16:52:33.004,-0.215,0.05
2021-08-19 16:52:33.008,-0.16,0.065
2021-08-19 16:52:33.012,-0.21,0.06
2021-08-19 16:52:33.016,-0.26,0.075
2021-08-19 16:52:33.020,-0.28,0.065
2021-08-19 16:52:33.024,-0.235,0.07
2021-08-19 16:52:33.028,-0.225,0.08
2021-08-19 16:52:33.032,-0.225,0.065
2021-08-19 16:52:33.036,-0.205,0.08
2021-08-19 16:52:33.040,-0.145,0.075
2021-08-19 16:52:33.044,-0.185,0.05
2021-08-19 16:52:33.048,-0.205,0.075
2021-08-19 16:52:33.052,-0.3,0.075
2021-08-19 16:52:33.056,-0.345,0.09
2021-08-19 16:52:33.060,-0.33,0.095
2021-08-19 16:52:33.064,-0.285,0.095
2021-08-19 16:52:33.068,-0.275,0.09
2021-08-19 16:52:33.072,-0.125,0.08
2021-08-19 16:52:33.076,-0.085,0.03
2021-08-19 16:52:33.080,-0.31,0.02
2021-08-19 16:52:33.084,-0.39,0.055
2021-08-19 16:52:33.088,-0.295,0.07
2021-08-19 16:52:33.092,-0.41,0.065
2021-08-19 16:52:33.096,-0.535,0.095
2021-08-19 16:52:33.100,-0.49,0.055
2021-08-19 16:52:33.104,-0.425,0.055
2021-08-19 16:52:33.108,-0.38,0.065
2021-08-19 16:52:33.112,-0.35,0.07
2021-08-19 16:52:33.116,-0.315,0.065
2021-08-19 16:52:33.120,-0.35,0.08
2021-08-19 16:52:33.124,-0.47,0.135
2021-08-19 16:52:33.128,-0.41,0.22
2021-08-19 16:52:33.132,-0.205,0.23
2021-08-19 16:52:33.136,0.125,0.12
2021-08-19 16:52:33.140,0.73,-0.035
2021-08-19 16:52:33.144,1.36,-0.095
2021-08-19 16:52:33.148,1.9,-0.2
2021-08-19 16:52:33.156,1.565,-0.745
2021-08-19 16:52:33.160,0.76,-0.925
2021-08-19 16:52:33.164,-0.22,-0.815
2021-08-19 16:52:33.168,-0.795,-0.64
2021-08-19 16:52:33.172,-0.865,-0.595
2021-08-19 16:52:33.176,-0.61,-0.385
2021-08-19 16:52:33.180,-0.395,-0.28
2021-08-19 16:52:33.184,-0.16,-0.2
2021-08-19 16:52:33.188,-0.19,-0.14
2021-08-19 16:52:33.192,-0.365,-0.05
2021-08-19 16:52:33.196,-0.49,0.045
2021-08-19 16:52:33.200,-0.32,0.06
2021-08-19 16:52:33.204,-0.22,0.07
2021-08-19 16:52:33.208,-0.25,0.05
2021-08-19 16:52:33.212,-0.345,0.07
2021-08-19 16:52:33.216,-0.29,0.065
2021-08-19 16:52:33.220,-0.26,0.065
2021-08-19 16:52:33.224,-0.3,0.07
2021-08-19 16:52:33.228,-0.375,0.085
2021-08-19 16:52:33.232,-0.32,0.095
2021-08-19 16:52:33.236,-0.21,0.065
2021-08-19 16:52:33.240,-0.175,0.065
2021-08-19 16:52:33.244,-0.26,0.065
2021-08-19 16:52:33.248,-0.325,0.07
2021-08-19 16:52:33.252,-0.36,0.08
2021-08-19 16:52:33.256,-0.31,0.08
2021-08-19 16:52:33.260,-0.23,0.08
2021-08-19 16:52:33.264,-0.35,0.08
2021-08-19 16:52:33.268,-0.49,0.135
2021-08-19 16:52:33.272,-0.49,0.12
2021-08-19 16:52:33.276,-0.36,0.105
2021-08-19 16:52:33.280,-0.28,0.095
2021-08-19 16:52:33.284,-0.315,0.09
2021-08-19 16:52:33.288,-0.33,0.105
2021-08-19 16:52:33.292,-0.38,0.14
2021-08-19 16:52:33.296,-0.455,0.12
2021-08-19 16:52:33.300,-0.43,0.09
2021-08-19 16:52:33.304,-0.33,0.085
2021-08-19 16:52:33.308,-0.425,0.05
2021-08-19 16:52:33.312,-0.435,0.055
2021-08-19 16:52:33.316,-0.395,0.04
2021-08-19 16:52:33.320,-0.42,0.005
2021-08-19 16:52:33.324,-0.47,-0.005
2021-08-19 16:52:33.328,-0.475,0.015
2021-08-19 16:52:33.332,-0.505,-0.005
2021-08-19 16:52:33.336,-0.465,0.03
2021-08-19 16:52:33.340,-0.335,0.04
2021-08-19 16:52:33.344,-0.42,0.02
2021-08-19 16:52:33.348,-0.52,0.0
2021-08-19 16:52:33.352,-0.46,0.015
2021-08-19 16:52:33.356,-0.445,0.01
2021-08-19 16:52:33.360,-0.46,0.01
2021-08-19 16:52:33.364,-0.35,0.025
2021-08-19 16:52:33.368,-0.17,0.005
2021-08-19 16:52:33.372,-0.245,0.02
2021-08-19 16:52:33.376,-0.4,0.06
2021-08-19 16:52:33.380,-0.45,0.065
2021-08-19 16:52:33.384,-0.465,0.075
2021-08-19 16:52:33.388,-0.44,0.065
2021-08-19 16:52:33.392,-0.415,0.055
2021-08-19 16:52:33.396,-0.385,0.045
2021-08-19 16:52:33.400,-0.36,0.045
2021-08-19 16:52:33.404,-0.28,0.03
2021-08-19 16:52:33.408,-0.365,0.025
2021-08-19 16:52:33.412,-0.255,0.05
2021-08-19 16:52:33.416,-0.18,0.01
2021-08-19 16:52:33.420,-0.015,-0.04
2021-08-19 16:52:33.424,-0.035,-0.045
2021-08-19 16:52:33.428,-0.185,-0.01
2021-08-19 16:52:33.432,-0.125,0.025
2021-08-19 16:52:33.436,-0.02,0.05
2021-08-19 16:52:33.440,-0.08,0.06
2021-08-19 16:52:33.444,-0.035,0.05
2021-08-19 16:52:33.448,0.06,0.045
2021-08-19 16:52:33.452,0.06,0.065
2021-08-19 16:52:33.456,-0.095,0.065
2021-08-19 16:52:33.460,-0.13,0.095
2021-08-19 16:52:33.464,-0.115,0.085
2021-08-19 16:52:33.468,-0.145,0.095
2021-08-19 16:52:33.472,-0.105,0.105
2021-08-19 16:52:33.476,-0.04,0.08
2021-08-19 16:52:33.480,-0.165,0.095
2021-08-19 16:52:33.484,-0.215,0.115
2021-08-19 16:52:33.488,-0.13,0.135
2021-08-19 16:52:33.492,-0.195,0.125
2021-08-19 16:52:33.496,-0.25,0.185
2021-08-19 16:52:33.500,-0.215,0.185
2021-08-19 16:52:33.504,-0.13,0.15
2021-08-19 16:52:33.508,-0.13,0.145
2021-08-19 16:52:33.512,-0.105,0.14
2021-08-19 16:52:33.516,-0.155,0.125
2021-08-19 16:52:33.520,-0.21,0.15
2021-08-19 16:52:33.524,-0.31,0.215
2021-08-19 16:52:33.528,-0.46,0.225
2021-08-19 16:52:33.532,-0.31,0.15
2021-08-19 16:52:33.536,0.345,-0.035
2021-08-19 16:52:33.540,1.04,-0.115
2021-08-19 16:52:33.544,1.64,-0.235
2021-08-19 16:52:33.548,1.86,-0.505
2021-08-19 16:52:33.552,1.43,-0.735
2021-08-19 16:52:33.556,0.445,-0.77
2021-08-19 16:52:33.560,-0.585,-0.46
2021-08-19 16:52:33.564,-1.0,-0.185
2021-08-19 16:52:33.568,-1.0,0.0
2021-08-19 16:52:33.572,-0.92,0.26
2021-08-19 16:52:33.576,-1.02,0.37
2021-08-19 16:52:33.580,-1.075,0.5
2021-08-19 16:52:33.584,-0.98,0.62
2021-08-19 16:52:33.588,-0.87,0.66
2021-08-19 16:52:33.592,-0.945,0.675
2021-08-19 16:52:33.596,-0.9,0.695
2021-08-19 16:52:33.600,-0.865,0.695
2021-08-19 16:52:33.604,-0.75,0.655
2021-08-19 16:52:33.608,-0.635,0.525
2021-08-19 16:52:33.612,-0.61,0.425
2021-08-19 16:52:33.616,-0.55,0.285
2021-08-19 16:52:33.620,-0.39,0.155
2021-08-19 16:52:33.624,-0.28,0.065
2021-08-19 16:52:33.628,-0.26,0.02
2021-08-19 16:52:33.632,-0.325,0.03
2021-08-19 16:52:33.636,-0.335,0.025
2021-08-19 16:52:33.640,-0.255,0.02
2021-08-19 16:52:33.644,-0.215,0.015
2021-08-19 16:52:33.648,-0.245,-0.015
2021-08-19 16:52:33.652,-0.16,-0.03
2021-08-19 16:52:33.656,-0.18,-0.035
2021-08-19 16:52:33.660,-0.315,-0.04
2021-08-19 16:52:33.664,-0.43,0.0
2021-08-19 16:52:33.668,-0.365,0.035
2021-08-19 16:52:33.672,-0.245,0.01
2021-08-19 16:52:33.676,-0.24,0.015
2021-08-19 16:52:33.680,-0.235,-0.015
2021-08-19 16:52:33.684,-0.095,-0.05
2021-08-19 16:52:33.688,-0.125,-0.04
2021-08-19 16:52:33.692,-0.24,-0.025
2021-08-19 16:52:33.696,-0.32,-0.02
2021-08-19 16:52:33.700,-0.31,0.0
2021-08-19 16:52:33.704,-0.185,-0.015
2021-08-19 16:52:33.708,-0.14,-0.03
2021-08-19 16:52:33.712,-0.055,-0.02
2021-08-19 16:52:33.716,0.06,-0.02
2021-08-19 16:52:33.720,0.12,-0.055
2021-08-19 16:52:33.724,0.09,-0.065
2021-08-19 16:52:33.728,0.04,-0.08
2021-08-19 16:52:33.732,-0.005,-0.09
2021-08-19 16:52:33.736,0.105,-0.14
2021-08-19 16:52:33.740,0.14,-0.135
2021-08-19 16:52:33.744,0.025,-0.14
2021-08-19 16:52:33.748,-0.005,-0.14
2021-08-19 16:52:33.752,0.06,-0.13
2021-08-19 16:52:33.756,0.105,-0.17
2021-08-19 16:52:33.760,0.06,-0.17
2021-08-19 16:52:33.764,0.015,-0.18
2021-08-19 16:52:33.768,0.005,-0.21
2021-08-19 16:52:33.772,0.17,-0.215
2021-08-19 16:52:33.776,0.245,-0.215
2021-08-19 16:52:33.780,0.275,-0.215
2021-08-19 16:52:33.784,0.38,-0.22
2021-08-19 16:52:33.788,0.38,-0.225
2021-08-19 16:52:33.792,0.375,-0.25
2021-08-19 16:52:33.796,0.35,-0.25
2021-08-19 16:52:33.800,0.385,-0.255
2021-08-19 16:52:33.804,0.325,-0.275
2021-08-19 16:52:33.808,0.245,-0.245
2021-08-19 16:52:33.812,0.205,-0.23
2021-08-19 16:52:33.816,0.265,-0.24
2021-08-19 16:52:33.820,0.29,-0.215
2021-08-19 16:52:33.824,0.17,-0.185
2021-08-19 16:52:33.828,0.04,-0.13
2021-08-19 16:52:33.832,0.075,-0.13
2021-08-19 16:52:33.836,0.165,-0.11
2021-08-19 16:52:33.840,0.02,-0.095
2021-08-19 16:52:33.844,-0.115,-0.07
2021-08-19 16:52:33.848,-0.06,-0.04
2021-08-19 16:52:33.852,-0.015,-0.035
2021-08-19 16:52:33.856,0.015,-0.045
2021-08-19 16:52:33.860,0.01,-0.035
2021-08-19 16:52:33.864,0.09,-0.035
2021-08-19 16:52:33.868,0.04,-0.025
2021-08-19 16:52:33.872,-0.035,-0.02
2021-08-19 16:52:33.876,-0.065,-0.005
2021-08-19 16:52:33.880,-0.065,0.01
2021-08-19 16:52:33.884,-0.125,0.025
2021-08-19 16:52:33.888,-0.05,0.03
2021-08-19 16:52:33.892,0.01,0.025
2021-08-19 16:52:33.896,-0.085,0.01
2021-08-19 16:52:33.900,-0.16,0.01
2021-08-19 16:52:33.904,-0.19,0.015
2021-08-19 16:52:33.908,-0.21,0.055
2021-08-19 16:52:33.912,-0.16,0.06
2021-08-19 16:52:33.916,-0.14,0.065
2021-08-19 16:52:33.920,-0.165,0.1
2021-08-19 16:52:33.924,-0.22,0.17
2021-08-19 16:52:33.928,-0.15,0.215
2021-08-19 16:52:33.932,-0.085,0.185
2021-08-19 16:52:33.936,0.295,0.005
2021-08-19 16:52:33.940,0.845,-0.06
2021-08-19 16:52:33.944,1.525,-0.195
2021-08-19 16:52:33.948,1.78,-0.505
2021-08-19 16:52:33.952,1.265,-0.795
2021-08-19 16:52:33.956,0.4,-0.915
2021-08-19 16:52:33.960,-0.42,-0.715
2021-08-19 16:52:33.964,-0.87,-0.49
2021-08-19 16:52:33.968,-0.91,-0.445
2021-08-19 16:52:33.972,-0.7,-0.315
2021-08-19 16:52:33.976,-0.555,-0.23
2021-08-19 16:52:33.980,-0.465,-0.19
2021-08-19 16:52:33.984,-0.545,-0.13
2021-08-19 16:52:33.988,-0.515,-0.06
2021-08-19 16:52:33.992,-0.44,-0.02
2021-08-19 16:52:33.996,-0.405,0.005
2021-08-19 16:52:34.000,-0.545,0.035
2021-08-19 16:52:34.004,-0.615,0.03
2021-08-19 16:52:34.008,-0.525,0.045
2021-08-19 16:52:34.012,-0.51,0.04
2021-08-19 16:52:34.016,-0.52,0.015
2021-08-19 16:52:34.020,-0.445,0.005
2021-08-19 16:52:34.024,-0.445,0.01
2021-08-19 16:52:34.028,-0.51,0.005
2021-08-19 16:52:34.032,-0.52,0.045
2021-08-19 16:52:34.036,-0.425,0.075
2021-08-19 16:52:34.040,-0.255,0.07
2021-08-19 16:52:34.044,-0.12,0.05
2021-08-19 16:52:34.048,-0.32,0.07
2021-08-19 16:52:34.052,-0.495,0.11
2021-08-19 16:52:34.056,-0.45,0.105
2021-08-19 16:52:34.060,-0.285,0.085
2021-08-19 16:52:34.064,-0.235,0.045
2021-08-19 16:52:34.068,-0.185,0.055
2021-08-19 16:52:34.072,-0.245,0.045
2021-08-19 16:52:34.076,-0.39,0.105
2021-08-19 16:52:34.080,-0.39,0.1
2021-08-19 16:52:34.084,-0.33,0.105
2021-08-19 16:52:34.088,-0.23,0.08
2021-08-19 16:52:34.092,-0.275,0.075
2021-08-19 16:52:34.096,-0.415,0.105
2021-08-19 16:52:34.100,-0.445,0.13
2021-08-19 16:52:34.104,-0.365,0.1
2021-08-19 16:52:34.108,-0.345,0.1
2021-08-19 16:52:34.112,-0.31,0.125
2021-08-19 16:52:34.116,-0.265,0.13
2021-08-19 16:52:34.120,-0.275,0.105
2021-08-19 16:52:34.124,-0.38,0.075
2021-08-19 16:52:34.128,-0.415,0.095
2021-08-19 16:52:34.132,-0.39,0.125
2021-08-19 16:52:34.136,-0.395,0.105
2021-08-19 16:52:34.140,-0.4,0.12
2021-08-19 16:52:34.144,-0.39,0.115
2021-08-19 16:52:34.148,-0.44,0.13
2021-08-19 16:52:34.152,-0.435,0.125
2021-08-19 16:52:34.156,-0.435,0.16
2021-08-19 16:52:34.160,-0.43,0.135
2021-08-19 16:52:34.164,-0.495,0.135
2021-08-19 16:52:34.168,-0.425,0.15
2021-08-19 16:52:34.172,-0.4,0.17
2021-08-19 16:52:34.176,-0.485,0.16
2021-08-19 16:52:34.180,-0.425,0.185
2021-08-19 16:52:34.184,-0.335,0.17
2021-08-19 16:52:34.188,-0.465,0.16
2021-08-19 16:52:34.192,-0.555,0.195
2021-08-19 16:52:34.196,-0.5,0.22
2021-08-19 16:52:34.200,-0.4,0.18
2021-08-19 16:52:34.204,-0.3,0.155
2021-08-19 16:52:34.208,-0.215,0.125
2021-08-19 16:52:34.212,-0.245,0.085
2021-08-19 16:52:34.216,-0.27,0.09
2021-08-19 16:52:34.220,-0.205,0.1
2021-08-19 16:52:34.224,-0.175,0.085
2021-08-19 16:52:34.228,-0.18,0.07
2021-08-19 16:52:34.232,-0.205,0.075
2021-08-19 16:52:34.236,-0.225,0.04
2021-08-19 16:52:34.240,-0.195,0.035
2021-08-19 16:52:34.244,-0.185,0.02
2021-08-19 16:52:34.248,-0.195,0.015
2021-08-19 16:52:34.252,-0.175,-0.005
2021-08-19 16:52:34.256,-0.185,0.01
2021-08-19 16:52:34.260,-0.24,0.035
2021-08-19 16:52:34.264,-0.235,0.03
2021-08-19 16:52:34.268,-0.19,0.01
2021-08-19 16:52:34.272,-0.155,0.03
2021-08-19 16:52:34.276,-0.105,0.05
2021-08-19 16:52:34.280,-0.065,0.065
2021-08-19 16:52:34.284,-0.08,0.04
2021-08-19 16:52:34.288,-0.05,0.025
2021-08-19 16:52:34.292,-0.045,0.02
2021-08-19 16:52:34.296,-0.01,0.015
2021-08-19 16:52:34.300,0.075,0.02
2021-08-19 16:52:34.304,0.01,0.02
2021-08-19 16:52:34.308,-0.13,0.03
2021-08-19 16:52:34.312,-0.16,0.04
2021-08-19 16:52:34.316,-0.08,0.025
2021-08-19 16:52:34.320,-0.08,0.04
2021-08-19 16:52:34.324,-0.11,0.045
2021-08-19 16:52:34.328,-0.105,0.025
2021-08-19 16:52:34.332,-0.075,0.025
2021-08-19 16:52:34.336,-0.09,0.04
2021-08-19 16:52:34.340,-0.055,0.035
2021-08-19 16:52:34.344,-0.035,0.035
2021-08-19 16:52:34.348,-0.065,0.03
2021-08-19 16:52:34.352,-0.07,0.025
2021-08-19 16:52:34.356,-0.015,0.02
2021-08-19 16:52:34.360,0.075,0.02
2021-08-19 16:52:34.364,0.115,0.0
2021-08-19 16:52:34.368,-0.005,0.0
2021-08-19 16:52:34.372,-0.145,0.03
2021-08-19 16:52:34.376,-0.15,0.045
2021-08-19 16:52:34.380,-0.07,0.04
2021-08-19 16:52:34.384,-0.035,0.025
2021-08-19 16:52:34.388,-0.03,0.015
2021-08-19 16:52:34.392,-0.095,0.04
2021-08-19 16:52:34.396,-0.115,0.04
2021-08-19 16:52:34.400,-0.095,0.07
2021-08-19 16:52:34.404,-0.085,0.085
2021-08-19 16:52:34.408,-0.075,0.08
2021-08-19 16:52:34.412,0.005,0.065
2021-08-19 16:52:34.416,-0.01,0.115
2021-08-19 16:52:34.420,-0.065,0.19
2021-08-19 16:52:34.424,-0.01,0.25
2021-08-19 16:52:34.428,0.12,0.175
2021-08-19 16:52:34.432,0.49,-0.015
2021-08-19 16:52:34.436,1.12,-0.165
2021-08-19 16:52:34.440,1.76,-0.34
2021-08-19 16:52:34.444,1.96,-0.66
2021-08-19 16:52:34.448,1.44,-0.98
2021-08-19 16:52:34.452,0.605,-1.12
2021-08-19 16:52:34.456,-0.33,-0.835
2021-08-19 16:52:34.460,-0.865,-0.51
2021-08-19 16:52:34.464,-0.77,-0.43
2021-08-19 16:52:34.468,-0.585,-0.345
2021-08-19 16:52:34.472,-0.385,-0.31
2021-08-19 16:52:34.476,-0.32,-0.26
2021-08-19 16:52:34.480,-0.345,-0.19
2021-08-19 16:52:34.484,-0.33,-0.145
2021-08-19 16:52:34.488,-0.275,-0.085
2021-08-19 16:52:34.492,-0.235,-0.105
2021-08-19 16:52:34.496,-0.24,-0.11
2021-08-19 16:52:34.500,-0.29,-0.12
2021-08-19 16:52:34.504,-0.27,-0.11
2021-08-19 16:52:34.508,-0.155,-0.08
2021-08-19 16:52:34.512,0.12,-0.065
2021-08-19 16:52:34.516,0.275,-0.06
2021-08-19 16:52:34.520,0.06,-0.02
2021-08-19 16:52:34.524,-0.19,0.01
2021-08-19 16:52:34.528,-0.34,0.075
2021-08-19 16:52:34.532,-0.385,0.095
2021-08-19 16:52:34.536,-0.265,0.06
2021-08-19 16:52:34.540,-0.085,0.025
2021-08-19 16:52:34.544,-0.015,0.02
2021-08-19 16:52:34.548,0.0,0.0
2021-08-19 16:52:34.552,-0.02,-0.015
2021-08-19 16:52:34.556,-0.08,0.005
2021-08-19 16:52:34.560,-0.21,0.04
2021-08-19 16:52:34.564,-0.325,0.045
2021-08-19 16:52:34.568,-0.4,0.055
2021-08-19 16:52:34.572,-0.26,0.04
2021-08-19 16:52:34.576,-0.08,0.045
2021-08-19 16:52:34.580,-0.03,0.01
2021-08-19 16:52:34.584,-0.01,0.005
2021-08-19 16:52:34.588,-0.055,0.01
2021-08-19 16:52:34.592,-0.145,0.02
2021-08-19 16:52:34.596,-0.14,0.02
2021-08-19 16:52:34.600,-0.045,0.005
2021-08-19 16:52:34.604,-0.04,0.02
2021-08-19 16:52:34.608,-0.08,0.01
2021-08-19 16:52:34.612,-0.14,0.025
2021-08-19 16:52:34.616,-0.115,0.01
2021-08-19 16:52:34.620,-0.015,0.005
2021-08-19 16:52:34.624,0.025,-0.01
2021-08-19 16:52:34.628,0.04,0.0
2021-08-19 16:52:34.632,0.135,0.005
2021-08-19 16:52:34.636,0.025,0.01
2021-08-19 16:52:34.640,-0.18,0.03
2021-08-19 16:52:34.644,-0.205,0.03
2021-08-19 16:52:34.648,-0.135,0.02
2021-08-19 16:52:34.652,-0.065,0.005
2021-08-19 16:52:34.656,-0.05,-0.015
2021-08-19 16:52:34.660,-0.075,-0.02
2021-08-19 16:52:34.664,-0.115,-0.015
2021-08-19 16:52:34.668,-0.145,-0.05
2021-08-19 16:52:34.672,-0.11,-0.035
2021-08-19 16:52:34.676,-0.05,-0.06
2021-08-19 16:52:34.680,-0.02,-0.05
2021-08-19 16:52:34.684,-0.035,-0.055
2021-08-19 16:52:34.688,-0.02,-0.115
2021-08-19 16:52:34.692,-0.015,-0.185
2021-08-19 16:52:34.696,-0.08,-0.18
2021-08-19 16:52:34.700,-0.11,-0.18
2021-08-19 16:52:34.704,-0.03,-0.185
2021-08-19 16:52:34.708,0.13,-0.205
2021-08-19 16:52:34.712,0.215,-0.205
2021-08-19 16:52:34.716,0.09,-0.2
2021-08-19 16:52:34.720,0.005,-0.16
2021-08-19 16:52:34.724,-0.03,-0.16
2021-08-19 16:52:34.728,-0.015,-0.18
2021-08-19 16:52:34.732,0.02,-0.16
2021-08-19 16:52:34.736,0.08,-0.19
2021-08-19 16:52:34.740,0.08,-0.19
2021-08-19 16:52:34.744,0.015,-0.155
2021-08-19 16:52:34.748,0.025,-0.14
2021-08-19 16:52:34.752,0.065,-0.12
2021-08-19 16:52:34.756,0.02,-0.125
2021-08-19 16:52:34.760,0.0,-0.06
2021-08-19 16:52:34.764,-0.05,-0.03
2021-08-19 16:52:34.768,-0.035,-0.03
2021-08-19 16:52:34.772,0.05,-0.035
2021-08-19 16:52:34.776,0.13,-0.05
2021-08-19 16:52:34.780,0.09,-0.05
2021-08-19 16:52:34.784,0.105,-0.045
2021-08-19 16:52:34.788,0.145,-0.04
2021-08-19 16:52:34.792,0.31,-0.06
2021-08-19 16:52:34.796,0.265,-0.05
2021-08-19 16:52:34.800,0.14,-0.07
2021-08-19 16:52:34.804,0.035,-0.08
2021-08-19 16:52:34.808,-0.02,-0.02
2021-08-19 16:52:34.812,-0.04,-0.04
2021-08-19 16:52:34.816,0.01,-0.045
2021-08-19 16:52:34.820,0.09,-0.04
2021-08-19 16:52:34.824,0.135,-0.02
2021-08-19 16:52:34.828,0.205,-0.025
2021-08-19 16:52:34.832,0.2,0.015
2021-08-19 16:52:34.836,0.135,0.095
2021-08-19 16:52:34.840,0.075,0.115
2021-08-19 16:52:34.844,0.34,0.0
2021-08-19 16:52:34.848,0.875,-0.245
2021-08-19 16:52:34.852,1.355,-0.39
2021-08-19 16:52:34.856,1.765,-0.6
2021-08-19 16:52:34.860,1.78,-0.92
2021-08-19 16:52:34.864,1.04,-1.14
2021-08-19 16:52:34.868,0.195,-1.02
2021-08-19 16:52:34.872,-0.34,-0.465
2021-08-19 16:52:34.876,-0.37,-0.235
2021-08-19 16:52:34.880,-0.23,-0.23
2021-08-19 16:52:34.884,-0.15,-0.205
2021-08-19 16:52:34.888,-0.13,-0.23
2021-08-19 16:52:34.892,-0.07,-0.16
2021-08-19 16:52:34.896,-0.035,-0.085
2021-08-19 16:52:34.900,-0.08,-0.045
2021-08-19 16:52:34.904,-0.07,-0.04
2021-08-19 16:52:34.908,-0.075,-0.05
2021-08-19 16:52:34.912,-0.16,-0.055
2021-08-19 16:52:34.916,-0.205,-0.055
2021-08-19 16:52:34.920,-0.095,-0.075
2021-08-19 16:52:34.924,-0.08,-0.105
2021-08-19 16:52:34.928,-0.22,-0.135
2021-08-19 16:52:34.932,-0.315,-0.095
2021-08-19 16:52:34.936,-0.265,-0.085
2021-08-19 16:52:34.940,-0.175,-0.09
2021-08-19 16:52:34.944,-0.28,-0.095
2021-08-19 16:52:34.948,-0.45,-0.115
2021-08-19 16:52:34.952,-0.465,-0.105
2021-08-19 16:52:34.956,-0.345,-0.105
2021-08-19 16:52:34.960,-0.125,-0.16
2021-08-19 16:52:34.964,-0.07,-0.21
2021-08-19 16:52:34.968,-0.245,-0.175
2021-08-19 16:52:34.972,-0.435,-0.14
2021-08-19 16:52:34.976,-0.375,-0.12
2021-08-19 16:52:34.980,-0.27,-0.125
2021-08-19 16:52:34.984,-0.175,-0.145
2021-08-19 16:52:34.988,-0.255,-0.1
2021-08-19 16:52:34.992,-0.25,-0.07
2021-08-19 16:52:34.996,-0.17,-0.07
2021-08-19 16:52:35.000,-0.145,-0.09
2021-08-19 16:52:35.004,-0.19,-0.065
2021-08-19 16:52:35.008,-0.115,-0.04
2021-08-19 16:52:35.012,-0.065,-0.06
2021-08-19 16:52:35.016,-0.015,-0.09
2021-08-19 16:52:35.020,-0.02,-0.085
2021-08-19 16:52:35.024,-0.045,-0.075
2021-08-19 16:52:35.028,0.0,-0.075
2021-08-19 16:52:35.032,0.0,-0.075
2021-08-19 16:52:35.036,0.005,-0.115
2021-08-19 16:52:35.040,0.06,-0.105
2021-08-19 16:52:35.044,0.0,-0.09
2021-08-19 16:52:35.048,-0.02,-0.11
2021-08-19 16:52:35.052,0.05,-0.095
2021-08-19 16:52:35.056,0.095,-0.1
2021-08-19 16:52:35.060,0.12,-0.125
2021-08-19 16:52:35.064,0.16,-0.115
2021-08-19 16:52:35.068,0.155,-0.08
2021-08-19 16:52:35.072,0.11,-0.11
2021-08-19 16:52:35.076,-0.005,-0.125
2021-08-19 16:52:35.080,0.0,-0.115
2021-08-19 16:52:35.084,0.14,-0.075
2021-08-19 16:52:35.088,0.185,-0.1
2021-08-19 16:52:35.092,0.075,-0.08
2021-08-19 16:52:35.096,0.005,-0.06
2021-08-19 16:52:35.100,0.1,-0.08
2021-08-19 16:52:35.104,0.21,-0.12
2021-08-19 16:52:35.108,0.195,-0.13
2021-08-19 16:52:35.112,0.205,-0.11
2021-08-19 16:52:35.116,0.235,-0.095
2021-08-19 16:52:35.120,0.145,-0.125
2021-08-19 16:52:35.124,0.105,-0.105
2021-08-19 16:52:35.128,0.145,-0.085
2021-08-19 16:52:35.132,0.135,-0.06
2021-08-19 16:52:35.136,0.045,-0.065
2021-08-19 16:52:35.140,-0.02,-0.045
2021-08-19 16:52:35.144,-0.06,-0.065
2021-08-19 16:52:35.148,-0.005,-0.06
2021-08-19 16:52:35.152,0.0,-0.115
2021-08-19 16:52:35.156,-0.145,-0.105
2021-08-19 16:52:35.160,-0.31,-0.105
2021-08-19 16:52:35.164,-0.265,-0.11
2021-08-19 16:52:35.168,-0.13,-0.155
2021-08-19 16:52:35.172,-0.135,-0.19
2021-08-19 16:52:35.176,-0.205,-0.18
2021-08-19 16:52:35.180,-0.28,-0.175
2021-08-19 16:52:35.184,-0.27,-0.17
2021-08-19 16:52:35.188,-0.305,-0.19
2021-08-19 16:52:35.192,-0.32,-0.21
2021-08-19 16:52:35.196,-0.33,-0.2
2021-08-19 16:52:35.200,-0.265,-0.2
2021-08-19 16:52:35.204,-0.195,-0.205
2021-08-19 16:52:35.208,-0.185,-0.21
2021-08-19 16:52:35.212,-0.125,-0.23
2021-08-19 16:52:35.216,-0.08,-0.18
2021-08-19 16:52:35.220,-0.155,-0.07
2021-08-19 16:52:35.224,-0.24,0.03
2021-08-19 16:52:35.228,-0.08,-0.02
2021-08-19 16:52:35.232,0.34,-0.215
2021-08-19 16:52:35.236,0.89,-0.345
2021-08-19 16:52:35.240,1.475,-0.475
2021-08-19 16:52:35.244,1.865,-0.755
2021-08-19 16:52:35.248,1.5,-1.065
2021-08-19 16:52:35.252,0.57,-1.2
2021-08-19 16:52:35.256,-0.335,-0.98
2021-08-19 16:52:35.260,-0.84,-0.655
2021-08-19 16:52:35.264,-0.825,-0.66
2021-08-19 16:52:35.268,-0.605,-0.55
2021-08-19 16:52:35.272,-0.31,-0.415
2021-08-19 16:52:35.276,-0.225,-0.355
2021-08-19 16:52:35.280,-0.17,-0.31
2021-08-19 16:52:35.284,-0.275,-0.225
2021-08-19 16:52:35.288,-0.365,-0.15
2021-08-19 16:52:35.292,-0.37,-0.105
2021-08-19 16:52:35.296,-0.445,-0.075
2021-08-19 16:52:35.300,-0.465,-0.08
2021-08-19 16:52:35.304,-0.375,-0.07
2021-08-19 16:52:35.308,-0.28,-0.08
2021-08-19 16:52:35.312,-0.19,-0.1
2021-08-19 16:52:35.316,-0.255,-0.075
2021-08-19 16:52:35.320,-0.425,-0.045
2021-08-19 16:52:35.324,-0.435,-0.045
2021-08-19 16:52:35.328,-0.36,-0.045
2021-08-19 16:52:35.332,-0.315,-0.055
2021-08-19 16:52:35.336,-0.26,-0.075
2021-08-19 16:52:35.340,-0.29,-0.07
2021-08-19 16:52:35.344,-0.42,-0.02
2021-08-19 16:52:35.348,-0.47,-0.005
2021-08-19 16:52:35.352,-0.405,-0.02
2021-08-19 16:52:35.356,-0.315,-0.04
2021-08-19 16:52:35.360,-0.315,-0.05
2021-08-19 16:52:35.364,-0.175,-0.055
2021-08-19 16:52:35.368,-0.17,-0.05
2021-08-19 16:52:35.372,-0.265,-0.055
2021-08-19 16:52:35.376,-0.305,-0.065
2021-08-19 16:52:35.380,-0.35,-0.055
2021-08-19 16:52:35.384,-0.25,-0.065
2021-08-19 16:52:35.388,-0.17,-0.09
2021-08-19 16:52:35.392,-0.38,-0.08
2021-08-19 16:52:35.396,-0.615,-0.1
2021-08-19 16:52:35.400,-0.62,-0.09
2021-08-19 16:52:35.404,-0.455,-0.105
2021-08-19 16:52:35.408,-0.515,-0.13
2021-08-19 16:52:35.412,-0.585,-0.155
2021-08-19 16:52:35.416,-0.595,-0.145
2021-08-19 16:52:35.420,-0.64,-0.11
2021-08-19 16:52:35.424,-0.65,-0.12
2021-08-19 16:52:35.428,-0.56,-0.145
2021-08-19 16:52:35.432,-0.495,-0.185
2021-08-19 16:52:35.436,-0.45,-0.18
2021-08-19 16:52:35.440,-0.425,-0.22
2021-08-19 16:52:35.444,-0.34,-0.205
2021-08-19 16:52:35.448,-0.415,-0.205
2021-08-19 16:52:35.452,-0.465,-0.205
2021-08-19 16:52:35.456,-0.52,-0.135
2021-08-19 16:52:35.460,-0.44,-0.12
2021-08-19 16:52:35.464,-0.33,-0.105
2021-08-19 16:52:35.468,-0.34,-0.08
2021-08-19 16:52:35.472,-0.31,-0.085
2021-08-19 16:52:35.476,-0.14,-0.11
2021-08-19 16:52:35.480,-0.04,-0.115
2021-08-19 16:52:35.484,-0.03,-0.135
2021-08-19 16:52:35.488,-0.1,-0.15
2021-08-19 16:52:35.492,-0.145,-0.13
2021-08-19 16:52:35.496,-0.145,-0.13
2021-08-19 16:52:35.500,-0.085,-0.14
2021-08-19 16:52:35.504,-0.05,-0.14
2021-08-19 16:52:35.508,-0.035,-0.15
2021-08-19 16:52:35.512,-0.03,-0.16
2021-08-19 16:52:35.516,-0.06,-0.155
2021-08-19 16:52:35.520,-0.105,-0.155
2021-08-19 16:52:35.524,-0.05,-0.155
2021-08-19 16:52:35.528,-0.05,-0.16
2021-08-19 16:52:35.532,-0.135,-0.165
2021-08-19 16:52:35.536,-0.155,-0.14
2021-08-19 16:52:35.540,-0.025,-0.13
2021-08-19 16:52:35.544,-0.065,-0.16
2021-08-19 16:52:35.548,-0.235,-0.15
2021-08-19 16:52:35.552,-0.395,-0.105
2021-08-19 16:52:35.556,-0.34,-0.08
2021-08-19 16:52:35.560,-0.25,-0.075
2021-08-19 16:52:35.564,-0.265,-0.095
2021-08-19 16:52:35.568,-0.27,-0.105
2021-08-19 16:52:35.572,-0.235,-0.1
2021-08-19 16:52:35.576,-0.26,-0.125
2021-08-19 16:52:35.580,-0.31,-0.095
2021-08-19 16:52:35.584,-0.29,-0.09
2021-08-19 16:52:35.588,-0.195,-0.105
2021-08-19 16:52:35.592,-0.16,-0.11
2021-08-19 16:52:35.596,-0.12,-0.095
2021-08-19 16:52:35.600,-0.125,-0.07
2021-08-19 16:52:35.604,-0.26,0.06
2021-08-19 16:52:35.608,-0.235,0.09
2021-08-19 16:52:35.612,0.02,0.03
2021-08-19 16:52:35.616,0.6,-0.185
2021-08-19 16:52:35.620,1.28,-0.29
2021-08-19 16:52:35.624,1.87,-0.425
2021-08-19 16:52:35.632,1.475,-0.935
2021-08-19 16:52:35.636,0.435,-1.015
2021-08-19 16:52:35.640,-0.38,-0.805
2021-08-19 16:52:35.644,-0.575,-0.625
2021-08-19 16:52:35.648,-0.58,-0.6
2021-08-19 16:52:35.652,-0.565,-0.525
2021-08-19 16:52:35.656,-0.465,-0.485
2021-08-19 16:52:35.660,-0.51,-0.415
2021-08-19 16:52:35.664,-0.655,-0.275
2021-08-19 16:52:35.668,-0.62,-0.23
2021-08-19 16:52:35.672,-0.555,-0.215
2021-08-19 16:52:35.676,-0.585,-0.21
2021-08-19 16:52:35.680,-0.6,-0.21
2021-08-19 16:52:35.684,-0.55,-0.23
2021-08-19 16:52:35.688,-0.51,-0.24
2021-08-19 16:52:35.692,-0.57,-0.23
2021-08-19 16:52:35.696,-0.59,-0.235
2021-08-19 16:52:35.700,-0.5,-0.245
2021-08-19 16:52:35.704,-0.58,-0.255
2021-08-19 16:52:35.708,-0.68,-0.24
2021-08-19 16:52:35.712,-0.73,-0.22
2021-08-19 16:52:35.716,-0.66,-0.24
2021-08-19 16:52:35.720,-0.56,-0.275
2021-08-19 16:52:35.724,-0.575,-0.295
2021-08-19 16:52:35.728,-0.545,-0.3
2021-08-19 16:52:35.732,-0.47,-0.3
2021-08-19 16:52:35.736,-0.465,-0.29
2021-08-19 16:52:35.740,-0.5,-0.24
2021-08-19 16:52:35.744,-0.48,-0.195
2021-08-19 16:52:35.748,-0.49,-0.16
2021-08-19 16:52:35.752,-0.525,-0.15
2021-08-19 16:52:35.756,-0.51,-0.15
2021-08-19 16:52:35.760,-0.46,-0.14
2021-08-19 16:52:35.764,-0.43,-0.135
2021-08-19 16:52:35.768,-0.39,-0.14
2021-08-19 16:52:35.772,-0.295,-0.14
2021-08-19 16:52:35.776,-0.24,-0.155
2021-08-19 16:52:35.780,-0.275,-0.145
2021-08-19 16:52:35.784,-0.405,-0.14
2021-08-19 16:52:35.788,-0.44,-0.11
2021-08-19 16:52:35.792,-0.42,-0.13
2021-08-19 16:52:35.796,-0.375,-0.13
2021-08-19 16:52:35.800,-0.39,-0.15
2021-08-19 16:52:35.804,-0.355,-0.165
2021-08-19 16:52:35.808,-0.305,-0.13
2021-08-19 16:52:35.812,-0.29,-0.16
2021-08-19 16:52:35.816,-0.23,-0.165
2021-08-19 16:52:35.820,-0.25,-0.15
2021-08-19 16:52:35.824,-0.245,-0.125
2021-08-19 16:52:35.828,-0.2,-0.115
2021-08-19 16:52:35.832,-0.135,-0.11
2021-08-19 16:52:35.836,-0.195,-0.115
2021-08-19 16:52:35.840,-0.26,-0.13
2021-08-19 16:52:35.844,-0.245,-0.125
2021-08-19 16:52:35.848,-0.17,-0.125
2021-08-19 16:52:35.852,-0.16,-0.14
2021-08-19 16:52:35.856,-0.08,-0.14
2021-08-19 16:52:35.860,-0.01,-0.155
2021-08-19 16:52:35.864,0.015,-0.18
2021-08-19 16:52:35.868,0.135,-0.195
2021-08-19 16:52:35.872,0.215,-0.215
2021-08-19 16:52:35.876,0.175,-0.185
2021-08-19 16:52:35.880,0.06,-0.165
2021-08-19 16:52:35.884,-0.015,-0.15
2021-08-19 16:52:35.888,-0.115,-0.15
2021-08-19 16:52:35.892,-0.105,-0.155
2021-08-19 16:52:35.896,-0.08,-0.14
2021-08-19 16:52:35.900,-0.09,-0.16
2021-08-19 16:52:35.904,-0.125,-0.175
2021-08-19 16:52:35.908,-0.17,-0.175
2021-08-19 16:52:35.912,-0.255,-0.155
2021-08-19 16:52:35.916,-0.23,-0.16
2021-08-19 16:52:35.920,-0.18,-0.125
2021-08-19 16:52:35.924,-0.21,-0.135
2021-08-19 16:52:35.928,-0.205,-0.15
2021-08-19 16:52:35.932,-0.17,-0.17
2021-08-19 16:52:35.936,-0.23,-0.165
2021-08-19 16:52:35.940,-0.305,-0.16
2021-08-19 16:52:35.944,-0.35,-0.15
2021-08-19 16:52:35.948,-0.32,-0.15
2021-08-19 16:52:35.952,-0.23,-0.175
2021-08-19 16:52:35.956,-0.195,-0.2
2021-08-19 16:52:35.960,-0.215,-0.19
2021-08-19 16:52:35.964,-0.255,-0.175
2021-08-19 16:52:35.968,-0.31,-0.205
2021-08-19 16:52:35.972,-0.32,-0.235
2021-08-19 16:52:35.976,-0.285,-0.245
2021-08-19 16:52:35.980,-0.225,-0.255
2021-08-19 16:52:35.984,-0.26,-0.26
2021-08-19 16:52:35.988,-0.24,-0.24
2021-08-19 16:52:35.992,-0.19,-0.22
2021-08-19 16:52:35.996,-0.185,-0.19
2021-08-19 16:52:36.000,-0.13,-0.185
2021-08-19 16:52:36.004,-0.09,-0.145
2021-08-19 16:52:36.008,-0.04,-0.125
2021-08-19 16:52:36.012,0.02,-0.1
2021-08-19 16:52:36.016,-0.025,-0.085
2021-08-19 16:52:36.020,-0.11,-0.09
2021-08-19 16:52:36.024,-0.095,-0.09
2021-08-19 16:52:36.028,0.02,-0.095
2021-08-19 16:52:36.032,-0.015,-0.075
2021-08-19 16:52:36.036,-0.105,-0.075
2021-08-19 16:52:36.040,-0.14,-0.07
2021-08-19 16:52:36.044,-0.085,-0.075
2021-08-19 16:52:36.048,-0.09,-0.1
2021-08-19 16:52:36.052,-0.095,-0.05
2021-08-19 16:52:36.056,-0.145,0.025
2021-08-19 16:52:36.060,-0.155,0.105
2021-08-19 16:52:36.064,0.0,0.09
2021-08-19 16:52:36.068,0.345,-0.05
2021-08-19 16:52:36.072,0.855,-0.115
2021-08-19 16:52:36.076,1.51,-0.19
2021-08-19 16:52:36.084,1.985,-0.76
2021-08-19 16:52:36.088,1.16,-0.965
2021-08-19 16:52:36.092,0.245,-0.88
2021-08-19 16:52:36.096,-0.59,-0.64
2021-08-19 16:52:36.100,-0.66,-0.52
2021-08-19 16:52:36.104,-0.49,-0.36
2021-08-19 16:52:36.108,-0.34,-0.315
2021-08-19 16:52:36.112,-0.155,-0.29
2021-08-19 16:52:36.116,-0.14,-0.24
2021-08-19 16:52:36.120,-0.185,-0.205
2021-08-19 16:52:36.124,-0.22,-0.11
2021-08-19 16:52:36.128,-0.23,-0.075
2021-08-19 16:52:36.132,-0.25,-0.095
2021-08-19 16:52:36.136,-0.265,-0.09
2021-08-19 16:52:36.140,-0.22,-0.1
2021-08-19 16:52:36.144,-0.23,-0.08
2021-08-19 16:52:36.148,-0.26,-0.12
2021-08-19 16:52:36.152,-0.33,-0.095
2021-08-19 16:52:36.156,-0.42,-0.085
2021-08-19 16:52:36.160,-0.425,-0.07
2021-08-19 16:52:36.164,-0.305,-0.09
2021-08-19 16:52:36.168,-0.305,-0.125
2021-08-19 16:52:36.172,-0.395,-0.115
2021-08-19 16:52:36.176,-0.35,-0.1
2021-08-19 16:52:36.180,-0.43,-0.08
2021-08-19 16:52:36.184,-0.48,-0.09
2021-08-19 16:52:36.188,-0.45,-0.07
2021-08-19 16:52:36.192,-0.45,-0.095
2021-08-19 16:52:36.196,-0.465,-0.12
2021-08-19 16:52:36.200,-0.485,-0.125
2021-08-19 16:52:36.204,-0.47,-0.1
2021-08-19 16:52:36.208,-0.435,-0.15
2021-08-19 16:52:36.212,-0.395,-0.17
2021-08-19 16:52:36.216,-0.33,-0.17
2021-08-19 16:52:36.220,-0.375,-0.175
2021-08-19 16:52:36.224,-0.39,-0.175
2021-08-19 16:52:36.228,-0.385,-0.15
2021-08-19 16:52:36.232,-0.345,-0.14
2021-08-19 16:52:36.236,-0.265,-0.09
2021-08-19 16:52:36.240,-0.235,-0.06
2021-08-19 16:52:36.244,-0.24,-0.03
2021-08-19 16:52:36.248,-0.235,-0.035
2021-08-19 16:52:36.252,-0.19,-0.035
2021-08-19 16:52:36.256,-0.13,-0.035
2021-08-19 16:52:36.260,-0.09,-0.04
2021-08-19 16:52:36.264,-0.045,-0.055
2021-08-19 16:52:36.268,-0.1,-0.045
2021-08-19 16:52:36.272,-0.145,-0.065
2021-08-19 16:52:36.276,-0.25,-0.04
2021-08-19 16:52:36.280,-0.3,-0.035
2021-08-19 16:52:36.284,-0.255,-0.04
2021-08-19 16:52:36.288,-0.265,-0.02
2021-08-19 16:52:36.292,-0.285,0.02
2021-08-19 16:52:36.296,-0.255,0.025
2021-08-19 16:52:36.300,-0.195,0.0
2021-08-19 16:52:36.304,-0.165,0.0
2021-08-19 16:52:36.308,-0.065,-0.02
2021-08-19 16:52:36.312,-0.09,-0.02
2021-08-19 16:52:36.316,-0.14,-0.03
2021-08-19 16:52:36.320,-0.19,0.0
2021-08-19 16:52:36.324,-0.12,0.005
2021-08-19 16:52:36.328,-0.035,-0.005
2021-08-19 16:52:36.332,0.015,-0.03
2021-08-19 16:52:36.336,0.065,-0.04
2021-08-19 16:52:36.340,0.08,-0.055
2021-08-19 16:52:36.344,0.135,-0.03
2021-08-19 16:52:36.348,0.15,-0.025
2021-08-19 16:52:36.352,0.115,-0.005
2021-08-19 16:52:36.356,0.09,-0.025
2021-08-19 16:52:36.360,0.13,-0.005
2021-08-19 16:52:36.364,0.105,-0.005
2021-08-19 16:52:36.368,0.08,0.0
2021-08-19 16:52:36.372,0.125,-0.005
2021-08-19 16:52:36.376,0.155,-0.005
2021-08-19 16:52:36.380,0.12,0.0
2021-08-19 16:52:36.384,0.065,0.0
2021-08-19 16:52:36.388,0.035,0.005
2021-08-19 16:52:36.392,-0.01,0.04
2021-08-19 16:52:36.396,-0.08,0.07
2021-08-19 16:52:36.400,-0.095,0.115
2021-08-19 16:52:36.404,0.155,0.04
2021-08-19 16:52:36.408,0.835,-0.145
2021-08-19 16:52:36.412,1.495,-0.27
2021-08-19 16:52:36.416,1.925,-0.445
2021-08-19 16:52:36.424,1.43,-0.87
2021-08-19 16:52:36.428,0.215,-0.835
2021-08-19 16:52:36.432,-0.85,-0.525
2021-08-19 16:52:36.436,-1.24,-0.295
2021-08-19 16:52:36.440,-1.15,-0.1
2021-08-19 16:52:36.444,-0.915,0.225
2021-08-19 16:52:36.448,-1.02,0.38
2021-08-19 16:52:36.452,-1.07,0.51
2021-08-19 16:52:36.456,-0.98,0.63
2021-08-19 16:52:36.460,-0.975,0.67
2021-08-19 16:52:36.464,-0.94,0.68
2021-08-19 16:52:36.468,-0.92,0.685
2021-08-19 16:52:36.472,-0.835,0.625
2021-08-19 16:52:36.476,-0.65,0.47
2021-08-19 16:52:36.480,-0.42,0.305
2021-08-19 16:52:36.484,-0.31,0.175
2021-08-19 16:52:36.488,-0.265,0.04
2021-08-19 16:52:36.492,-0.18,-0.03
2021-08-19 16:52:36.496,-0.085,-0.065
2021-08-19 16:52:36.500,-0.175,-0.02
2021-08-19 16:52:36.504,-0.235,-0.005
2021-08-19 16:52:36.508,-0.145,-0.02
2021-08-19 16:52:36.512,-0.06,-0.02
2021-08-19 16:52:36.516,-0.01,-0.01
2021-08-19 16:52:36.520,-0.04,-0.03
2021-08-19 16:52:36.524,0.005,-0.045
2021-08-19 16:52:36.528,0.03,-0.045
2021-08-19 16:52:36.532,0.0,-0.055
2021-08-19 16:52:36.536,-0.085,-0.04
2021-08-19 16:52:36.540,-0.095,-0.035
2021-08-19 16:52:36.544,0.0,-0.035
2021-08-19 16:52:36.548,0.09,-0.07
2021-08-19 16:52:36.552,0.15,-0.09
2021-08-19 16:52:36.556,0.255,-0.085
2021-08-19 16:52:36.560,0.2,-0.115
2021-08-19 16:52:36.564,0.075,-0.095
2021-08-19 16:52:36.568,0.055,-0.06
2021-08-19 16:52:36.572,0.1,-0.07
2021-08-19 16:52:36.576,0.165,-0.095
2021-08-19 16:52:36.580,0.215,-0.08
2021-08-19 16:52:36.584,0.27,-0.16
2021-08-19 16:52:36.588,0.325,-0.16
2021-08-19 16:52:36.592,0.42,-0.16
2021-08-19 16:52:36.596,0.44,-0.185
2021-08-19 16:52:36.600,0.47,-0.18
2021-08-19 16:52:36.604,0.455,-0.19
2021-08-19 16:52:36.608,0.435,-0.2
2021-08-19 16:52:36.612,0.435,-0.215
2021-08-19 16:52:36.616,0.5,-0.215
2021-08-19 16:52:36.620,0.505,-0.205
2021-08-19 16:52:36.624,0.62,-0.245
2021-08-19 16:52:36.628,0.68,-0.245
2021-08-19 16:52:36.632,0.765,-0.26
2021-08-19 16:52:36.636,0.72,-0.26
2021-08-19 16:52:36.640,0.695,-0.25
2021-08-19 16:52:36.644,0.705,-0.26
2021-08-19 16:52:36.648,0.77,-0.295
2021-08-19 16:52:36.652,0.84,-0.305
2021-08-19 16:52:36.656,0.845,-0.305
2021-08-19 16:52:36.660,0.835,-0.285
2021-08-19 16:52:36.664,0.845,-0.26
2021-08-19 16:52:36.668,0.805,-0.245
2021-08-19 16:52:36.672,0.785,-0.25
2021-08-19 16:52:36.676,0.73,-0.25
2021-08-19 16:52:36.680,0.625,-0.24
2021-08-19 16:52:36.684,0.52,-0.205
2021-08-19 16:52:36.688,0.545,-0.18
2021-08-19 16:52:36.692,0.545,-0.155
2021-08-19 16:52:36.696,0.525,-0.16
2021-08-19 16:52:36.700,0.47,-0.135
2021-08-19 16:52:36.704,0.49,-0.125
2021-08-19 16:52:36.708,0.355,-0.125
2021-08-19 16:52:36.712,0.19,-0.085
2021-08-19 16:52:36.716,0.13,-0.07
2021-08-19 16:52:36.720,0.175,-0.065
2021-08-19 16:52:36.724,0.24,-0.125
2021-08-19 16:52:36.728,0.305,-0.125
2021-08-19 16:52:36.732,0.285,-0.12
2021-08-19 16:52:36.736,0.29,-0.095
2021-08-19 16:52:36.740,0.32,-0.06
2021-08-19 16:52:36.744,0.25,-0.04
2021-08-19 16:52:36.748,0.17,0.0
2021-08-19 16:52:36.752,0.18,0.035
2021-08-19 16:52:36.756,0.24,0.025
2021-08-19 16:52:36.760,0.255,0.015
2021-08-19 16:52:36.764,0.23,0.025
2021-08-19 16:52:36.768,0.17,0.04
2021-08-19 16:52:36.772,0.15,0.03
2021-08-19 16:52:36.776,0.145,0.04
2021-08-19 16:52:36.780,0.11,0.05
2021-08-19 16:52:36.784,0.185,0.04
2021-08-19 16:52:36.788,0.21,0.03
2021-08-19 16:52:36.792,0.085,0.025
2021-08-19 16:52:36.796,-0.035,0.055
2021-08-19 16:52:36.800,0.0,0.075
2021-08-19 16:52:36.804,0.035,0.07
2021-08-19 16:52:36.808,0.065,0.065
2021-08-19 16:52:36.812,0.105,0.06
2021-08-19 16:52:36.816,0.095,0.045
2021-08-19 16:52:36.820,0.03,0.045
2021-08-19 16:52:36.824,-0.025,0.07
2021-08-19 16:52:36.828,0.015,0.06
2021-08-19 16:52:36.832,0.005,0.075
2021-08-19 16:52:36.836,-0.02,0.1
2021-08-19 16:52:36.840,-0.08,0.14
2021-08-19 16:52:36.844,-0.13,0.23
2021-08-19 16:52:36.848,0.005,0.205
2021-08-19 16:52:36.852,0.34,0.08
2021-08-19 16:52:36.856,0.91,-0.01
2021-08-19 16:52:36.860,1.535,-0.035
2021-08-19 16:52:36.872,1.355,-0.875
2021-08-19 16:52:36.876,0.345,-0.87
2021-08-19 16:52:36.880,-0.53,-0.665
2021-08-19 16:52:36.884,-0.645,-0.53
2021-08-19 16:52:36.888,-0.465,-0.38
2021-08-19 16:52:36.892,-0.405,-0.295
2021-08-19 16:52:36.896,-0.42,-0.225
2021-08-19 16:52:36.900,-0.36,-0.115
2021-08-19 16:52:36.904,-0.35,-0.06
2021-08-19 16:52:36.908,-0.32,-0.01
2021-08-19 16:52:36.912,-0.385,0.025
2021-08-19 16:52:36.916,-0.435,0.03
2021-08-19 16:52:36.920,-0.39,0.025
2021-08-19 16:52:36.924,-0.345,0.02
2021-08-19 16:52:36.928,-0.32,0.03
2021-08-19 16:52:36.932,-0.36,0.035
2021-08-19 16:52:36.936,-0.375,0.04
2021-08-19 16:52:36.940,-0.355,0.025
2021-08-19 16:52:36.944,-0.275,0.005
2021-08-19 16:52:36.948,-0.23,0.01
2021-08-19 16:52:36.952,-0.365,0.01
2021-08-19 16:52:36.956,-0.455,0.0
2021-08-19 16:52:36.960,-0.455,0.01
2021-08-19 16:52:36.964,-0.31,0.005
2021-08-19 16:52:36.968,-0.23,0.005
2021-08-19 16:52:36.972,-0.245,0.015
2021-08-19 16:52:36.976,-0.31,0.05
2021-08-19 16:52:36.980,-0.24,0.07
2021-08-19 16:52:36.984,-0.215,0.11
2021-08-19 16:52:36.988,-0.275,0.11
2021-08-19 16:52:36.992,-0.28,0.13
2021-08-19 16:52:36.996,-0.185,0.12
2021-08-19 16:52:37.000,-0.235,0.1
2021-08-19 16:52:37.004,-0.29,0.115
2021-08-19 16:52:37.008,-0.27,0.11
2021-08-19 16:52:37.012,-0.18,0.085
2021-08-19 16:52:37.016,-0.2,0.08
2021-08-19 16:52:37.020,-0.295,0.09
2021-08-19 16:52:37.024,-0.24,0.085
2021-08-19 16:52:37.028,-0.21,0.095
2021-08-19 16:52:37.032,-0.255,0.105
2021-08-19 16:52:37.036,-0.375,0.115
2021-08-19 16:52:37.040,-0.345,0.12
2021-08-19 16:52:37.044,-0.26,0.12
2021-08-19 16:52:37.048,-0.275,0.1
2021-08-19 16:52:37.052,-0.38,0.13
2021-08-19 16:52:37.056,-0.445,0.14
2021-08-19 16:52:37.060,-0.48,0.145
2021-08-19 16:52:37.064,-0.455,0.16
2021-08-19 16:52:37.068,-0.45,0.145
2021-08-19 16:52:37.072,-0.475,0.145
2021-08-19 16:52:37.076,-0.515,0.145
2021-08-19 16:52:37.080,-0.53,0.155
2021-08-19 16:52:37.084,-0.48,0.14
2021-08-19 16:52:37.088,-0.465,0.125
2021-08-19 16:52:37.092,-0.465,0.14
2021-08-19 16:52:37.096,-0.48,0.165
2021-08-19 16:52:37.100,-0.475,0.15
2021-08-19 16:52:37.104,-0.41,0.155
2021-08-19 16:52:37.108,-0.32,0.13
2021-08-19 16:52:37.112,-0.195,0.145
2021-08-19 16:52:37.116,-0.095,0.13
2021-08-19 16:52:37.120,-0.085,0.115
2021-08-19 16:52:37.124,-0.03,0.12
2021-08-19 16:52:37.128,-0.015,0.11
2021-08-19 16:52:37.132,-0.05,0.1
2021-08-19 16:52:37.136,-0.055,0.105
2021-08-19 16:52:37.140,-0.06,0.105
2021-08-19 16:52:37.144,-0.02,0.09
2021-08-19 16:52:37.148,0.045,0.06
2021-08-19 16:52:37.152,0.045,0.06
2021-08-19 16:52:37.156,-0.05,0.06
2021-08-19 16:52:37.160,-0.19,0.095
2021-08-19 16:52:37.164,-0.25,0.11
2021-08-19 16:52:37.168,-0.25,0.095
2021-08-19 16:52:37.172,-0.15,0.085
2021-08-19 16:52:37.176,-0.04,0.08
2021-08-19 16:52:37.180,-0.12,0.065
2021-08-19 16:52:37.184,-0.24,0.06
2021-08-19 16:52:37.188,-0.29,0.08
2021-08-19 16:52:37.192,-0.33,0.105
2021-08-19 16:52:37.196,-0.25,0.105
2021-08-19 16:52:37.200,-0.155,0.125
2021-08-19 16:52:37.204,-0.055,0.115
2021-08-19 16:52:37.208,0.02,0.09
2021-08-19 16:52:37.212,0.02,0.095
2021-08-19 16:52:37.216,0.0,0.06
2021-08-19 16:52:37.220,0.075,0.045
2021-08-19 16:52:37.224,0.08,0.03
2021-08-19 16:52:37.228,0.005,0.065
2021-08-19 16:52:37.232,-0.06,0.125
2021-08-19 16:52:37.236,0.085,0.155
2021-08-19 16:52:37.240,0.045,0.135
2021-08-19 16:52:37.244,0.035,0.115
2021-08-19 16:52:37.248,0.03,0.12
2021-08-19 16:52:37.252,0.005,0.125
2021-08-19 16:52:37.256,0.015,0.115
2021-08-19 16:52:37.260,0.045,0.085
2021-08-19 16:52:37.264,0.035,0.1
2021-08-19 16:52:37.268,0.06,0.1
2021-08-19 16:52:37.272,0.13,0.085
2021-08-19 16:52:37.276,0.12,0.075
2021-08-19 16:52:37.280,0.105,0.085
2021-08-19 16:52:37.284,0.03,0.095
2021-08-19 16:52:37.288,-0.05,0.125
2021-08-19 16:52:37.292,-0.065,0.215
2021-08-19 16:52:37.296,-0.105,0.255
2021-08-19 16:52:37.300,-0.015,0.215
2021-08-19 16:52:37.304,0.235,0.08
2021-08-19 16:52:37.308,0.825,0.0
2021-08-19 16:52:37.312,1.47,-0.08
2021-08-19 16:52:37.316,1.985,-0.36
2021-08-19 16:52:37.320,1.865,-0.72
2021-08-19 16:52:37.324,0.975,-0.945
2021-08-19 16:52:37.328,-0.04,-0.815
2021-08-19 16:52:37.332,-0.8,-0.515
2021-08-19 16:52:37.336,-0.71,-0.365
2021-08-19 16:52:37.340,-0.44,-0.2
2021-08-19 16:52:37.344,-0.22,-0.14
2021-08-19 16:52:37.348,-0.17,-0.1
2021-08-19 16:52:37.352,-0.18,-0.07
2021-08-19 16:52:37.356,-0.135,-0.005
2021-08-19 16:52:37.360,-0.05,0.05
2021-08-19 16:52:37.364,-0.08,0.025
2021-08-19 16:52:37.368,-0.135,0.04
2021-08-19 16:52:37.372,-0.14,0.055
2021-08-19 16:52:37.376,-0.155,0.045
2021-08-19 16:52:37.380,-0.18,0.075
2021-08-19 16:52:37.384,-0.275,0.075
2021-08-19 16:52:37.388,-0.345,0.065
2021-08-19 16:52:37.392,-0.28,0.075
2021-08-19 16:52:37.396,-0.15,0.065
2021-08-19 16:52:37.400,-0.075,0.05
2021-08-19 16:52:37.404,-0.155,0.05
2021-08-19 16:52:37.408,-0.245,0.085
2021-08-19 16:52:37.412,-0.28,0.085
2021-08-19 16:52:37.416,-0.31,0.06
2021-08-19 16:52:37.420,-0.31,0.09
2021-08-19 16:52:37.424,-0.3,0.09
2021-08-19 16:52:37.428,-0.275,0.07
2021-08-19 16:52:37.432,-0.205,0.075
2021-08-19 16:52:37.436,-0.155,0.095
2021-08-19 16:52:37.440,-0.045,0.095
2021-08-19 16:52:37.444,0.0,0.09
2021-08-19 16:52:37.448,-0.05,0.05
2021-08-19 16:52:37.452,-0.13,0.035
2021-08-19 16:52:37.456,-0.175,0.07
2021-08-19 16:52:37.460,-0.165,0.09
2021-08-19 16:52:37.464,-0.08,0.08
2021-08-19 16:52:37.468,0.01,0.105
2021-08-19 16:52:37.472,0.015,0.12
2021-08-19 16:52:37.476,0.035,0.105
2021-08-19 16:52:37.480,0.085,0.11
2021-08-19 16:52:37.484,0.09,0.09
2021-08-19 16:52:37.488,0.12,0.085
2021-08-19 16:52:37.492,0.165,0.095
2021-08-19 16:52:37.496,0.105,0.07
2021-08-19 16:52:37.500,0.05,0.09
2021-08-19 16:52:37.504,0.095,0.095
2021-08-19 16:52:37.508,0.05,0.085
2021-08-19 16:52:37.512,0.075,0.095
2021-08-19 16:52:37.516,0.105,0.075
2021-08-19 16:52:37.520,0.06,0.08
2021-08-19 16:52:37.524,0.035,0.07
2021-08-19 16:52:37.528,0.09,0.075
2021-08-19 16:52:37.532,0.135,0.04
2021-08-19 16:52:37.536,0.165,0.055
2021-08-19 16:52:37.540,0.185,0.055
2021-08-19 16:52:37.544,0.115,0.045
2021-08-19 16:52:37.548,0.11,0.07
2021-08-19 16:52:37.552,0.235,0.065
2021-08-19 16:52:37.556,0.305,0.02
2021-08-19 16:52:37.560,0.33,0.01
2021-08-19 16:52:37.564,0.36,0.025
2021-08-19 16:52:37.568,0.385,0.05
2021-08-19 16:52:37.572,0.405,0.05
2021-08-19 16:52:37.576,0.4,0.025
2021-08-19 16:52:37.580,0.335,0.035
2021-08-19 16:52:37.584,0.265,0.03
2021-08-19 16:52:37.588,0.22,0.07
2021-08-19 16:52:37.592,0.155,0.075
2021-08-19 16:52:37.596,0.07,0.05
2021-08-19 16:52:37.600,0.05,0.09
2021-08-19 16:52:37.604,0.06,0.075
2021-08-19 16:52:37.608,0.05,0.055
2021-08-19 16:52:37.612,0.04,0.055
2021-08-19 16:52:37.616,0.01,0.065
2021-08-19 16:52:37.620,-0.035,0.045
2021-08-19 16:52:37.624,-0.07,0.03
2021-08-19 16:52:37.628,-0.135,0.05
2021-08-19 16:52:37.632,-0.18,0.06
2021-08-19 16:52:37.636,-0.15,0.06
2021-08-19 16:52:37.640,-0.145,0.11
2021-08-19 16:52:37.644,-0.2,0.095
2021-08-19 16:52:37.648,-0.22,0.095
2021-08-19 16:52:37.652,-0.18,0.09
2021-08-19 16:52:37.656,-0.17,0.09
2021-08-19 16:52:37.660,-0.155,0.07
2021-08-19 16:52:37.664,-0.13,0.075
2021-08-19 16:52:37.668,-0.115,0.105
2021-08-19 16:52:37.672,-0.065,0.11
2021-08-19 16:52:37.676,-0.02,0.11
2021-08-19 16:52:37.680,-0.025,0.09
2021-08-19 16:52:37.684,-0.035,0.08
2021-08-19 16:52:37.688,-0.075,0.065
2021-08-19 16:52:37.692,-0.06,0.065
2021-08-19 16:52:37.696,0.005,0.045
2021-08-19 16:52:37.700,0.04,0.02
2021-08-19 16:52:37.704,0.015,0.025
2021-08-19 16:52:37.708,0.075,0.06
2021-08-19 16:52:37.712,0.155,0.075
2021-08-19 16:52:37.716,0.14,0.07
2021-08-19 16:52:37.720,0.08,0.06
2021-08-19 16:52:37.724,0.015,0.1
2021-08-19 16:52:37.728,0.04,0.075
2021-08-19 16:52:37.732,0.09,0.08
2021-08-19 16:52:37.736,0.12,0.07
2021-08-19 16:52:37.740,0.115,0.05
2021-08-19 16:52:37.744,0.1,0.06
2021-08-19 16:52:37.748,0.01,0.075
2021-08-19 16:52:37.752,-0.075,0.09
2021-08-19 16:52:37.756,0.0,0.065
2021-08-19 16:52:37.760,0.035,0.065
2021-08-19 16:52:37.764,-0.05,0.09
2021-08-19 16:52:37.768,-0.13,0.09
2021-08-19 16:52:37.772,-0.115,0.11
2021-08-19 16:52:37.776,-0.055,0.11
2021-08-19 16:52:37.780,-0.045,0.085
2021-08-19 16:52:37.784,-0.07,0.09
2021-08-19 16:52:37.788,-0.155,0.08
2021-08-19 16:52:37.792,-0.19,0.115
2021-08-19 16:52:37.796,-0.12,0.105
2021-08-19 16:52:37.800,-0.095,0.11
2021-08-19 16:52:37.804,-0.09,0.07
2021-08-19 16:52:37.808,-0.085,0.085
2021-08-19 16:52:37.812,-0.115,0.09
2021-08-19 16:52:37.816,-0.135,0.095
2021-08-19 16:52:37.820,-0.1,0.085
2021-08-19 16:52:37.824,-0.055,0.085
2021-08-19 16:52:37.828,-0.07,0.085
2021-08-19 16:52:37.832,-0.175,0.08
2021-08-19 16:52:37.836,-0.215,0.07
2021-08-19 16:52:37.840,-0.2,0.055
2021-08-19 16:52:37.844,-0.2,0.055
2021-08-19 16:52:37.848,-0.27,0.075
2021-08-19 16:52:37.852,-0.35,0.06
2021-08-19 16:52:37.856,-0.33,0.08
2021-08-19 16:52:37.860,-0.3,0.085
2021-08-19 16:52:37.864,-0.305,0.065
2021-08-19 16:52:37.868,-0.305,0.08
2021-08-19 16:52:37.872,-0.3,0.075
2021-08-19 16:52:37.876,-0.37,0.065
2021-08-19 16:52:37.880,-0.375,0.07
2021-08-19 16:52:37.884,-0.34,0.09
2021-08-19 16:52:37.888,-0.34,0.065
2021-08-19 16:52:37.892,-0.325,0.075
2021-08-19 16:52:37.896,-0.255,0.085
2021-08-19 16:52:37.900,-0.165,0.07
2021-08-19 16:52:37.904,-0.165,0.075
2021-08-19 16:52:37.908,-0.23,0.08
2021-08-19 16:52:37.912,-0.275,0.135
2021-08-19 16:52:37.916,-0.28,0.18
2021-08-19 16:52:37.920,-0.265,0.24
2021-08-19 16:52:37.924,-0.06,0.18
2021-08-19 16:52:37.928,0.425,0.025
2021-08-19 16:52:37.932,1.115,-0.01
2021-08-19 16:52:37.936,1.745,-0.07
2021-08-19 16:52:37.944,1.915,-0.64
2021-08-19 16:52:37.948,1.02,-0.88
2021-08-19 16:52:37.952,-0.02,-0.85
2021-08-19 16:52:37.956,-0.705,-0.655
2021-08-19 16:52:37.960,-0.77,-0.63
2021-08-19 16:52:37.964,-0.56,-0.405
2021-08-19 16:52:37.968,-0.15,-0.29
2021-08-19 16:52:37.972,0.015,-0.21
2021-08-19 16:52:37.976,-0.145,-0.12
2021-08-19 16:52:37.980,-0.325,-0.03
2021-08-19 16:52:37.984,-0.375,0.065
2021-08-19 16:52:37.988,-0.31,0.095
2021-08-19 16:52:37.992,-0.21,0.1
2021-08-19 16:52:37.996,-0.24,0.11
2021-08-19 16:52:38.000,-0.245,0.095
2021-08-19 16:52:38.004,-0.205,0.11
2021-08-19 16:52:38.008,-0.24,0.135
2021-08-19 16:52:38.012,-0.245,0.12
2021-08-19 16:52:38.016,-0.215,0.105
2021-08-19 16:52:38.020,-0.2,0.105
2021-08-19 16:52:38.024,-0.19,0.09
2021-08-19 16:52:38.028,-0.16,0.11
2021-08-19 16:52:38.032,-0.17,0.13
2021-08-19 16:52:38.036,-0.165,0.095
2021-08-19 16:52:38.040,-0.095,0.085
2021-08-19 16:52:38.044,-0.12,0.085
2021-08-19 16:52:38.048,-0.135,0.1
2021-08-19 16:52:38.052,-0.055,0.075
2021-08-19 16:52:38.056,-0.045,0.07
2021-08-19 16:52:38.060,-0.255,0.085
2021-08-19 16:52:38.064,-0.35,0.105
2021-08-19 16:52:38.068,-0.45,0.12
2021-08-19 16:52:38.072,-0.41,0.12
2021-08-19 16:52:38.076,-0.285,0.11
2021-08-19 16:52:38.080,-0.175,0.075
2021-08-19 16:52:38.084,-0.225,0.06
2021-08-19 16:52:38.088,-0.395,0.08
2021-08-19 16:52:38.092,-0.465,0.09
2021-08-19 16:52:38.096,-0.43,0.115
2021-08-19 16:52:38.100,-0.375,0.11
2021-08-19 16:52:38.104,-0.29,0.13
2021-08-19 16:52:38.108,-0.305,0.145
2021-08-19 16:52:38.112,-0.305,0.105
2021-08-19 16:52:38.116,-0.255,0.115
2021-08-19 16:52:38.120,-0.345,0.095
2021-08-19 16:52:38.124,-0.385,0.105
2021-08-19 16:52:38.128,-0.36,0.135
2021-08-19 16:52:38.132,-0.325,0.155
2021-08-19 16:52:38.136,-0.34,0.16
2021-08-19 16:52:38.140,-0.28,0.145
2021-08-19 16:52:38.144,-0.265,0.14
2021-08-19 16:52:38.148,-0.26,0.115
2021-08-19 16:52:38.152,-0.28,0.11
2021-08-19 16:52:38.156,-0.28,0.075
2021-08-19 16:52:38.160,-0.245,0.06
2021-08-19 16:52:38.164,-0.175,0.04
2021-08-19 16:52:38.168,-0.15,0.025
2021-08-19 16:52:38.172,-0.145,0.045
2021-08-19 16:52:38.176,-0.145,0.09
2021-08-19 16:52:38.180,-0.125,0.135
2021-08-19 16:52:38.184,-0.1,0.125
2021-08-19 16:52:38.188,0.005,0.095
2021-08-19 16:52:38.192,0.015,0.075
2021-08-19 16:52:38.196,-0.04,0.06
2021-08-19 16:52:38.200,0.01,0.065
2021-08-19 16:52:38.204,0.085,0.07
2021-08-19 16:52:38.208,0.17,0.05
2021-08-19 16:52:38.212,0.265,0.07
2021-08-19 16:52:38.216,0.28,0.055
2021-08-19 16:52:38.220,0.265,0.03
2021-08-19 16:52:38.224,0.155,0.06
2021-08-19 16:52:38.228,0.1,0.105
2021-08-19 16:52:38.232,0.13,0.1
2021-08-19 16:52:38.236,0.15,0.11
2021-08-19 16:52:38.240,0.145,0.105
2021-08-19 16:52:38.244,0.085,0.12
2021-08-19 16:52:38.248,0.095,0.11
2021-08-19 16:52:38.252,0.13,0.115
2021-08-19 16:52:38.256,0.17,0.1
2021-08-19 16:52:38.260,0.2,0.09
2021-08-19 16:52:38.264,0.085,0.125
2021-08-19 16:52:38.268,-0.065,0.135
2021-08-19 16:52:38.272,-0.115,0.14
2021-08-19 16:52:38.276,-0.1,0.18
2021-08-19 16:52:38.280,-0.06,0.21
2021-08-19 16:52:38.284,-0.105,0.27
2021-08-19 16:52:38.288,-0.135,0.275
2021-08-19 16:52:38.292,0.07,0.125
2021-08-19 16:52:38.296,0.57,-0.125
2021-08-19 16:52:38.300,1.005,-0.315
2021-08-19 16:52:38.304,1.345,-0.585
2021-08-19 16:52:38.308,1.23,-0.82
2021-08-19 16:52:38.312,0.535,-0.96
2021-08-19 16:52:38.316,-0.42,-0.895
2021-08-19 16:52:38.320,-1.18,-0.655
2021-08-19 16:52:38.324,-1.235,-0.4
2021-08-19 16:52:38.328,-1.18,-0.135
2021-08-19 16:52:38.332,-0.965,0.25
2021-08-19 16:52:38.336,-0.925,0.425
2021-08-19 16:52:38.340,-1.0,0.58
2021-08-19 16:52:38.344,-0.93,0.715
2021-08-19 16:52:38.348,-0.95,0.765
2021-08-19 16:52:38.352,-1.045,0.795
2021-08-19 16:52:38.356,-1.045,0.835
2021-08-19 16:52:38.360,-0.955,0.785
2021-08-19 16:52:38.364,-0.8,0.685
2021-08-19 16:52:38.368,-0.62,0.56
2021-08-19 16:52:38.372,-0.395,0.465
2021-08-19 16:52:38.376,-0.22,0.3
2021-08-19 16:52:38.380,-0.23,0.205
2021-08-19 16:52:38.384,-0.245,0.155
2021-08-19 16:52:38.388,-0.3,0.125
2021-08-19 16:52:38.392,-0.295,0.095
2021-08-19 16:52:38.396,-0.215,0.09
2021-08-19 16:52:38.400,-0.115,0.055
2021-08-19 16:52:38.404,-0.075,0.04
2021-08-19 16:52:38.408,-0.035,0.055
2021-08-19 16:52:38.412,-0.005,0.12
2021-08-19 16:52:38.416,0.005,0.13
2021-08-19 16:52:38.420,-0.015,0.11
2021-08-19 16:52:38.424,-0.015,0.095
2021-08-19 16:52:38.428,0.01,0.085
2021-08-19 16:52:38.432,0.025,0.07
2021-08-19 16:52:38.436,-0.02,0.09
2021-08-19 16:52:38.440,-0.025,0.095
2021-08-19 16:52:38.444,0.025,0.075
2021-08-19 16:52:38.448,0.09,0.075
2021-08-19 16:52:38.452,0.15,0.055
2021-08-19 16:52:38.456,0.19,0.025
2021-08-19 16:52:38.460,0.115,0.035
2021-08-19 16:52:38.464,0.035,0.065
2021-08-19 16:52:38.468,0.08,0.05
2021-08-19 16:52:38.472,0.18,0.035
2021-08-19 16:52:38.476,0.22,0.03
2021-08-19 16:52:38.480,0.265,0.0
2021-08-19 16:52:38.484,0.245,-0.005
2021-08-19 16:52:38.488,0.23,-0.01
2021-08-19 16:52:38.492,0.25,-0.025
2021-08-19 16:52:38.496,0.325,-0.025
2021-08-19 16:52:38.500,0.34,-0.02
2021-08-19 16:52:38.504,0.34,-0.01
2021-08-19 16:52:38.508,0.37,-0.01
2021-08-19 16:52:38.512,0.42,-0.035
2021-08-19 16:52:38.516,0.44,-0.055
2021-08-19 16:52:38.520,0.565,-0.06
2021-08-19 16:52:38.524,0.63,-0.085
2021-08-19 16:52:38.528,0.585,-0.095
2021-08-19 16:52:38.532,0.59,-0.08
2021-08-19 16:52:38.536,0.635,-0.11
2021-08-19 16:52:38.540,0.68,-0.115
2021-08-19 16:52:38.544,0.755,-0.13
2021-08-19 16:52:38.548,0.765,-0.14
2021-08-19 16:52:38.552,0.765,-0.145
2021-08-19 16:52:38.556,0.76,-0.145
2021-08-19 16:52:38.560,0.71,-0.17
2021-08-19 16:52:38.564,0.63,-0.175
2021-08-19 16:52:38.568,0.56,-0.15
2021-08-19 16:52:38.572,0.515,-0.135
2021-08-19 16:52:38.576,0.5,-0.14
2021-08-19 16:52:38.580,0.42,-0.115
2021-08-19 16:52:38.584,0.35,-0.065
2021-08-19 16:52:38.588,0.285,-0.04
2021-08-19 16:52:38.592,0.305,-0.025
2021-08-19 16:52:38.596,0.29,0.005
2021-08-19 16:52:38.600,0.28,0.01
2021-08-19 16:52:38.604,0.2,0.0
2021-08-19 16:52:38.608,0.16,0.055
2021-08-19 16:52:38.612,0.155,0.12
2021-08-19 16:52:38.616,0.2,0.125
2021-08-19 16:52:38.620,0.42,0.065
2021-08-19 16:52:38.624,0.915,-0.135
2021-08-19 16:52:38.628,1.51,-0.23
2021-08-19 16:52:38.632,1.99,-0.31
2021-08-19 16:52:38.640,1.975,-0.815
2021-08-19 16:52:38.644,1.11,-0.89
2021-08-19 16:52:38.648,-0.01,-0.635
2021-08-19 16:52:38.652,-0.9,-0.275
2021-08-19 16:52:38.656,-1.165,-0.105
2021-08-19 16:52:38.660,-1.01,0.135
2021-08-19 16:52:38.664,-0.88,0.26
2021-08-19 16:52:38.668,-0.93,0.385
2021-08-19 16:52:38.672,-0.95,0.545
2021-08-19 16:52:38.676,-0.865,0.635
2021-08-19 16:52:38.680,-0.855,0.66
2021-08-19 16:52:38.684,-0.915,0.69
2021-08-19 16:52:38.688,-0.91,0.655
2021-08-19 16:52:38.692,-0.8,0.65
2021-08-19 16:52:38.696,-0.705,0.56
2021-08-19 16:52:38.700,-0.595,0.44
2021-08-19 16:52:38.704,-0.5,0.345
2021-08-19 16:52:38.708,-0.4,0.255
2021-08-19 16:52:38.712,-0.35,0.175
2021-08-19 16:52:38.716,-0.265,0.115
2021-08-19 16:52:38.720,-0.265,0.085
2021-08-19 16:52:38.724,-0.32,0.105
2021-08-19 16:52:38.728,-0.275,0.115
2021-08-19 16:52:38.732,-0.165,0.09
2021-08-19 16:52:38.736,-0.2,0.07
2021-08-19 16:52:38.740,-0.26,0.075
2021-08-19 16:52:38.744,-0.275,0.085
2021-08-19 16:52:38.748,-0.29,0.075
2021-08-19 16:52:38.752,-0.215,0.075
2021-08-19 16:52:38.756,-0.135,0.065
2021-08-19 16:52:38.760,-0.155,0.03
2021-08-19 16:52:38.764,-0.24,0.03
2021-08-19 16:52:38.768,-0.28,0.045
2021-08-19 16:52:38.772,-0.305,0.04
2021-08-19 16:52:38.776,-0.285,0.03
2021-08-19 16:52:38.780,-0.27,0.025
2021-08-19 16:52:38.784,-0.275,0.02
2021-08-19 16:52:38.788,-0.285,0.025
2021-08-19 16:52:38.792,-0.305,0.065
2021-08-19 16:52:38.796,-0.36,0.055
2021-08-19 16:52:38.800,-0.34,0.05
2021-08-19 16:52:38.804,-0.235,0.03
2021-08-19 16:52:38.808,-0.205,0.005
2021-08-19 16:52:38.812,-0.24,0.0
2021-08-19 16:52:38.816,-0.225,-0.005
2021-08-19 16:52:38.820,-0.29,0.015
2021-08-19 16:52:38.824,-0.33,0.045
2021-08-19 16:52:38.828,-0.205,0.065
2021-08-19 16:52:38.832,-0.155,0.04
2021-08-19 16:52:38.836,-0.205,0.005
2021-08-19 16:52:38.840,-0.21,0.0
2021-08-19 16:52:38.844,-0.05,-0.015
2021-08-19 16:52:38.848,-0.025,-0.06
2021-08-19 16:52:38.852,0.04,-0.065
2021-08-19 16:52:38.856,0.1,-0.075
2021-08-19 16:52:38.860,0.14,-0.11
2021-08-19 16:52:38.864,0.175,-0.115
2021-08-19 16:52:38.868,0.21,-0.08
2021-08-19 16:52:38.872,0.2,-0.09
2021-08-19 16:52:38.876,0.23,-0.085
2021-08-19 16:52:38.880,0.255,-0.09
2021-08-19 16:52:38.884,0.245,-0.075
2021-08-19 16:52:38.888,0.245,-0.09
2021-08-19 16:52:38.892,0.215,-0.1
2021-08-19 16:52:38.896,0.16,-0.07
2021-08-19 16:52:38.900,0.17,-0.055
2021-08-19 16:52:38.904,0.16,-0.045
2021-08-19 16:52:38.908,0.155,-0.035
2021-08-19 16:52:38.912,0.2,-0.035
2021-08-19 16:52:38.916,0.315,-0.05
2021-08-19 16:52:38.920,0.185,-0.015
2021-08-19 16:52:38.924,0.07,0.0
2021-08-19 16:52:38.928,0.07,0.02
2021-08-19 16:52:38.932,0.03,0.035
2021-08-19 16:52:38.936,-0.125,0.07
2021-08-19 16:52:38.940,-0.105,0.07
2021-08-19 16:52:38.944,-0.085,0.05
2021-08-19 16:52:38.948,-0.12,0.055
2021-08-19 16:52:38.952,-0.095,0.07
2021-08-19 16:52:38.956,-0.08,0.065
2021-08-19 16:52:38.960,-0.06,0.065
2021-08-19 16:52:38.964,-0.055,0.065
2021-08-19 16:52:38.968,-0.04,0.065
2021-08-19 16:52:38.972,-0.07,0.065
2021-08-19 16:52:38.976,-0.095,0.06
2021-08-19 16:52:38.980,-0.08,0.075
2021-08-19 16:52:38.984,-0.07,0.05
2021-08-19 16:52:38.988,-0.01,0.065
2021-08-19 16:52:38.992,0.055,0.055
2021-08-19 16:52:38.996,-0.065,0.035
2021-08-19 16:52:39.000,-0.095,0.055
2021-08-19 16:52:39.004,-0.085,0.055
2021-08-19 16:52:39.008,-0.14,0.05
2021-08-19 16:52:39.012,-0.195,0.065
2021-08-19 16:52:39.016,-0.225,0.08
2021-08-19 16:52:39.020,-0.27,0.06
2021-08-19 16:52:39.024,-0.28,0.065
2021-08-19 16:52:39.028,-0.27,0.04
2021-08-19 16:52:39.032,-0.33,0.025
2021-08-19 16:52:39.036,-0.335,0.04
2021-08-19 16:52:39.040,-0.26,0.05
2021-08-19 16:52:39.044,-0.305,0.035
2021-08-19 16:52:39.048,-0.345,0.06
2021-08-19 16:52:39.052,-0.385,0.04
2021-08-19 16:52:39.056,-0.375,0.06
2021-08-19 16:52:39.060,-0.385,0.07
2021-08-19 16:52:39.064,-0.265,0.05
2021-08-19 16:52:39.068,-0.23,0.045
2021-08-19 16:52:39.072,-0.25,0.035
2021-08-19 16:52:39.076,-0.175,0.02
2021-08-19 16:52:39.080,-0.155,0.02
2021-08-19 16:52:39.084,-0.19,0.02
2021-08-19 16:52:39.088,-0.195,0.05
2021-08-19 16:52:39.092,-0.2,0.095
2021-08-19 16:52:39.096,-0.205,0.105
2021-08-19 16:52:39.100,-0.2,0.1
2021-08-19 16:52:39.104,-0.145,0.1
2021-08-19 16:52:39.108,-0.095,0.105
2021-08-19 16:52:39.112,-0.135,0.085
2021-08-19 16:52:39.116,-0.18,0.13
2021-08-19 16:52:39.120,-0.215,0.14
2021-08-19 16:52:39.124,-0.19,0.14
2021-08-19 16:52:39.128,-0.12,0.12
2021-08-19 16:52:39.132,-0.045,0.095
2021-08-19 16:52:39.136,-0.17,0.115
2021-08-19 16:52:39.140,-0.31,0.13
2021-08-19 16:52:39.144,-0.295,0.145
2021-08-19 16:52:39.148,-0.225,0.1
2021-08-19 16:52:39.152,-0.24,0.085
2021-08-19 16:52:39.156,-0.305,0.115
2021-08-19 16:52:39.160,-0.345,0.145
2021-08-19 16:52:39.164,-0.29,0.105
2021-08-19 16:52:39.168,-0.25,0.115
2021-08-19 16:52:39.172,-0.255,0.1
2021-08-19 16:52:39.176,-0.23,0.1
2021-08-19 16:52:39.180,-0.22,0.105
2021-08-19 16:52:39.184,-0.235,0.105
2021-08-19 16:52:39.188,-0.19,0.09
2021-08-19 16:52:39.192,-0.26,0.1
2021-08-19 16:52:39.196,-0.305,0.115
2021-08-19 16:52:39.200,-0.29,0.12
2021-08-19 16:52:39.204,-0.23,0.105
2021-08-19 16:52:39.208,-0.215,0.085
2021-08-19 16:52:39.212,-0.215,0.08
2021-08-19 16:52:39.216,-0.265,0.075
2021-08-19 16:52:39.220,-0.32,0.075
2021-08-19 16:52:39.224,-0.275,0.08
2021-08-19 16:52:39.228,-0.255,0.09
2021-08-19 16:52:39.232,-0.215,0.06
2021-08-19 16:52:39.236,-0.215,0.09
2021-08-19 16:52:39.240,-0.255,0.075
2021-08-19 16:52:39.244,-0.335,0.07
2021-08-19 16:52:39.248,-0.37,0.06
2021-08-19 16:52:39.252,-0.335,0.045
2021-08-19 16:52:39.256,-0.32,0.03
2021-08-19 16:52:39.260,-0.34,0.04
2021-08-19 16:52:39.264,-0.305,0.025
2021-08-19 16:52:39.268,-0.335,0.035
2021-08-19 16:52:39.272,-0.39,0.065
2021-08-19 16:52:39.276,-0.39,0.085
2021-08-19 16:52:39.280,-0.34,0.045
2021-08-19 16:52:39.284,-0.365,0.03
2021-08-19 16:52:39.288,-0.48,0.085
2021-08-19 16:52:39.292,-0.46,0.135
2021-08-19 16:52:39.296,-0.355,0.19
2021-08-19 16:52:39.300,-0.17,0.18
2021-08-19 16:52:39.304,0.135,0.025
2021-08-19 16:52:39.308,0.705,-0.075
2021-08-19 16:52:39.312,1.35,-0.16
2021-08-19 16:52:39.316,1.865,-0.36
2021-08-19 16:52:39.320,1.965,-0.625
2021-08-19 16:52:39.324,1.37,-0.855
2021-08-19 16:52:39.328,0.42,-0.795
2021-08-19 16:52:39.332,-0.49,-0.535
2021-08-19 16:52:39.336,-0.755,-0.43
2021-08-19 16:52:39.340,-0.66,-0.35
2021-08-19 16:52:39.344,-0.47,-0.21
2021-08-19 16:52:39.348,-0.335,-0.155
2021-08-19 16:52:39.352,-0.25,-0.09
2021-08-19 16:52:39.356,-0.285,-0.035
2021-08-19 16:52:39.360,-0.27,0.035
2021-08-19 16:52:39.364,-0.24,0.055
2021-08-19 16:52:39.368,-0.29,0.065
2021-08-19 16:52:39.372,-0.315,0.095
2021-08-19 16:52:39.376,-0.29,0.1
2021-08-19 16:52:39.380,-0.37,0.095
2021-08-19 16:52:39.384,-0.385,0.115
2021-08-19 16:52:39.388,-0.355,0.115
2021-08-19 16:52:39.392,-0.28,0.095
2021-08-19 16:52:39.396,-0.255,0.09
2021-08-19 16:52:39.400,-0.3,0.105
2021-08-19 16:52:39.404,-0.36,0.105
2021-08-19 16:52:39.408,-0.33,0.1
2021-08-19 16:52:39.412,-0.335,0.12
2021-08-19 16:52:39.416,-0.39,0.12
2021-08-19 16:52:39.420,-0.39,0.125
2021-08-19 16:52:39.424,-0.345,0.13
2021-08-19 16:52:39.428,-0.32,0.095
2021-08-19 16:52:39.432,-0.28,0.09
2021-08-19 16:52:39.436,-0.295,0.085
2021-08-19 16:52:39.440,-0.32,0.04
2021-08-19 16:52:39.444,-0.24,0.05
2021-08-19 16:52:39.448,-0.285,0.065
2021-08-19 16:52:39.452,-0.355,0.055
2021-08-19 16:52:39.456,-0.385,0.075
2021-08-19 16:52:39.460,-0.405,0.06
2021-08-19 16:52:39.464,-0.46,0.065
2021-08-19 16:52:39.468,-0.445,0.065
2021-08-19 16:52:39.472,-0.41,0.05
2021-08-19 16:52:39.476,-0.415,0.035
2021-08-19 16:52:39.480,-0.43,0.04
2021-08-19 16:52:39.484,-0.455,0.015
2021-08-19 16:52:39.488,-0.535,0.035
2021-08-19 16:52:39.492,-0.54,0.03
2021-08-19 16:52:39.496,-0.48,0.02
2021-08-19 16:52:39.500,-0.45,-0.01
2021-08-19 16:52:39.504,-0.425,-0.02
2021-08-19 16:52:39.508,-0.425,-0.045
2021-08-19 16:52:39.512,-0.445,-0.04
2021-08-19 16:52:39.516,-0.47,-0.045
2021-08-19 16:52:39.520,-0.45,-0.035
2021-08-19 16:52:39.524,-0.395,0.02
2021-08-19 16:52:39.528,-0.31,0.07
2021-08-19 16:52:39.532,-0.28,0.1
2021-08-19 16:52:39.536,-0.27,0.095
2021-08-19 16:52:39.540,-0.295,0.075
2021-08-19 16:52:39.544,-0.265,0.085
2021-08-19 16:52:39.548,-0.27,0.065
2021-08-19 16:52:39.552,-0.29,0.055
2021-08-19 16:52:39.556,-0.28,0.04
2021-08-19 16:52:39.560,-0.205,0.025
2021-08-19 16:52:39.564,-0.115,0.025
2021-08-19 16:52:39.568,-0.07,0.0
2021-08-19 16:52:39.572,-0.115,0.005
2021-08-19 16:52:39.576,-0.215,0.02
2021-08-19 16:52:39.580,-0.275,0.01
2021-08-19 16:52:39.584,-0.185,0.0
2021-08-19 16:52:39.588,-0.065,0.0
2021-08-19 16:52:39.592,0.045,-0.01
2021-08-19 16:52:39.596,0.03,0.0
2021-08-19 16:52:39.600,0.01,0.015
2021-08-19 16:52:39.604,0.035,0.04
2021-08-19 16:52:39.608,0.05,0.065
2021-08-19 16:52:39.612,-0.01,0.055
2021-08-19 16:52:39.616,-0.005,0.055
2021-08-19 16:52:39.620,0.01,0.055
2021-08-19 16:52:39.624,-0.005,0.07
2021-08-19 16:52:39.628,0.0,0.06
2021-08-19 16:52:39.632,0.065,0.075
2021-08-19 16:52:39.636,0.11,0.08
2021-08-19 16:52:39.640,0.16,0.075
2021-08-19 16:52:39.644,0.16,0.055
2021-08-19 16:52:39.648,0.06,0.045
2021-08-19 16:52:39.652,-0.025,0.04
2021-08-19 16:52:39.656,0.025,0.045
2021-08-19 16:52:39.660,0.045,0.055
2021-08-19 16:52:39.664,-0.005,0.14
2021-08-19 16:52:39.668,-0.125,0.19
2021-08-19 16:52:39.672,-0.23,0.13
2021-08-19 16:52:39.676,-0.08,-0.05
2021-08-19 16:52:39.680,0.475,-0.225
2021-08-19 16:52:39.684,1.105,-0.435
2021-08-19 16:52:39.688,1.545,-0.695
2021-08-19 16:52:39.692,1.27,-0.93
2021-08-19 16:52:39.696,0.39,-1.03
2021-08-19 16:52:39.700,-0.52,-0.88
2021-08-19 16:52:39.704,-1.13,-0.59
2021-08-19 16:52:39.708,-1.215,-0.375
2021-08-19 16:52:39.712,-1.03,-0.105
2021-08-19 16:52:39.716,-0.735,0.14
2021-08-19 16:52:39.720,-0.8,0.255
2021-08-19 16:52:39.724,-0.86,0.455
2021-08-19 16:52:39.728,-0.86,0.63
2021-08-19 16:52:39.732,-0.99,0.655
2021-08-19 16:52:39.736,-0.95,0.68
2021-08-19 16:52:39.740,-0.835,0.675
2021-08-19 16:52:39.744,-0.7,0.635
2021-08-19 16:52:39.748,-0.555,0.545
2021-08-19 16:52:39.752,-0.47,0.48
2021-08-19 16:52:39.756,-0.56,0.41
2021-08-19 16:52:39.760,-0.605,0.315
2021-08-19 16:52:39.764,-0.46,0.265
2021-08-19 16:52:39.768,-0.315,0.225
2021-08-19 16:52:39.772,-0.26,0.195
2021-08-19 16:52:39.776,-0.295,0.165
2021-08-19 16:52:39.780,-0.32,0.17
2021-08-19 16:52:39.784,-0.345,0.155
2021-08-19 16:52:39.788,-0.305,0.14
2021-08-19 16:52:39.792,-0.225,0.155
2021-08-19 16:52:39.796,-0.225,0.125
2021-08-19 16:52:39.800,-0.225,0.11
2021-08-19 16:52:39.804,-0.28,0.12
2021-08-19 16:52:39.808,-0.275,0.115
2021-08-19 16:52:39.812,-0.235,0.125
2021-08-19 16:52:39.816,-0.19,0.12
2021-08-19 16:52:39.820,-0.175,0.085
2021-08-19 16:52:39.824,-0.175,0.085
2021-08-19 16:52:39.828,-0.17,0.085
2021-08-19 16:52:39.832,-0.18,0.09
2021-08-19 16:52:39.836,-0.135,0.07
2021-08-19 16:52:39.840,-0.085,0.06
2021-08-19 16:52:39.844,-0.065,0.04
2021-08-19 16:52:39.848,-0.035,0.005
2021-08-19 16:52:39.852,-0.005,0.0
2021-08-19 16:52:39.856,0.0,-0.02
2021-08-19 16:52:39.860,0.065,-0.025
2021-08-19 16:52:39.864,0.17,-0.055
2021-08-19 16:52:39.868,0.215,-0.075
2021-08-19 16:52:39.872,0.11,-0.095
2021-08-19 16:52:39.876,0.015,-0.095
2021-08-19 16:52:39.880,0.03,-0.095
2021-08-19 16:52:39.884,0.145,-0.135
2021-08-19 16:52:39.888,0.18,-0.15
2021-08-19 16:52:39.892,0.04,-0.145
2021-08-19 16:52:39.896,0.075,-0.125
2021-08-19 16:52:39.900,0.185,-0.16
2021-08-19 16:52:39.904,0.155,-0.155
2021-08-19 16:52:39.908,0.13,-0.125
2021-08-19 16:52:39.912,0.175,-0.145
2021-08-19 16:52:39.916,0.265,-0.135
2021-08-19 16:52:39.920,0.36,-0.145
2021-08-19 16:52:39.924,0.53,-0.145
2021-08-19 16:52:39.928,0.675,-0.165
2021-08-19 16:52:39.932,0.59,-0.205
2021-08-19 16:52:39.936,0.485,-0.195
2021-08-19 16:52:39.940,0.395,-0.16
2021-08-19 16:52:39.944,0.365,-0.145
2021-08-19 16:52:39.948,0.415,-0.135
2021-08-19 16:52:39.952,0.405,-0.16
2021-08-19 16:52:39.956,0.35,-0.14
2021-08-19 16:52:39.960,0.27,-0.11
2021-08-19 16:52:39.964,0.2,-0.095
2021-08-19 16:52:39.968,0.175,-0.05
2021-08-19 16:52:39.972,0.17,-0.01
2021-08-19 16:52:39.976,0.14,0.02
2021-08-19 16:52:39.980,0.085,0.05
2021-08-19 16:52:39.984,0.03,0.055
2021-08-19 16:52:39.988,0.035,0.075
2021-08-19 16:52:39.992,0.005,0.09
2021-08-19 16:52:39.996,0.04,0.115
2021-08-19 16:52:40.000,0.13,0.15
2021-08-19 16:52:40.004,0.135,0.195
2021-08-19 16:52:40.008,0.21,0.175
2021-08-19 16:52:40.012,0.475,0.065
2021-08-19 16:52:40.016,0.995,-0.09
2021-08-19 16:52:40.020,1.49,-0.165
2021-08-19 16:52:40.024,1.925,-0.31
2021-08-19 16:52:40.032,1.495,-0.865
2021-08-19 16:52:40.036,0.475,-0.835
2021-08-19 16:52:40.040,-0.575,-0.49
2021-08-19 16:52:40.044,-1.115,-0.225
2021-08-19 16:52:40.048,-1.24,-0.07
2021-08-19 16:52:40.052,-1.18,0.155
2021-08-19 16:52:40.056,-1.255,0.275
2021-08-19 16:52:40.060,-1.255,0.37
2021-08-19 16:52:40.064,-1.19,0.495
2021-08-19 16:52:40.068,-1.115,0.54
2021-08-19 16:52:40.072,-1.08,0.545
2021-08-19 16:52:40.076,-1.025,0.525
2021-08-19 16:52:40.080,-0.975,0.53
2021-08-19 16:52:40.084,-0.88,0.52
2021-08-19 16:52:40.088,-0.78,0.41
2021-08-19 16:52:40.092,-0.69,0.32
2021-08-19 16:52:40.096,-0.525,0.245
2021-08-19 16:52:40.100,-0.41,0.17
2021-08-19 16:52:40.104,-0.315,0.105
2021-08-19 16:52:40.108,-0.3,0.065
2021-08-19 16:52:40.112,-0.33,0.05
2021-08-19 16:52:40.116,-0.355,0.045
2021-08-19 16:52:40.120,-0.34,0.015
2021-08-19 16:52:40.124,-0.34,0.01
2021-08-19 16:52:40.128,-0.4,0.0
2021-08-19 16:52:40.132,-0.39,0.01
2021-08-19 16:52:40.136,-0.35,0.025
2021-08-19 16:52:40.140,-0.355,0.005
2021-08-19 16:52:40.144,-0.375,0.015
2021-08-19 16:52:40.148,-0.4,0.01
2021-08-19 16:52:40.152,-0.42,0.0
2021-08-19 16:52:40.156,-0.38,0.01
2021-08-19 16:52:40.160,-0.315,0.02
2021-08-19 16:52:40.164,-0.34,0.01
2021-08-19 16:52:40.168,-0.36,0.005
2021-08-19 16:52:40.172,-0.335,0.02
2021-08-19 16:52:40.176,-0.385,0.03
2021-08-19 16:52:40.180,-0.36,0.035
2021-08-19 16:52:40.184,-0.275,0.02
2021-08-19 16:52:40.188,-0.34,0.005
2021-08-19 16:52:40.192,-0.44,0.01
2021-08-19 16:52:40.196,-0.49,0.025
2021-08-19 16:52:40.200,-0.47,0.035
2021-08-19 16:52:40.204,-0.495,0.075
2021-08-19 16:52:40.208,-0.395,0.1
2021-08-19 16:52:40.212,-0.255,0.115
2021-08-19 16:52:40.216,-0.195,0.095
2021-08-19 16:52:40.220,-0.16,0.1
2021-08-19 16:52:40.224,-0.21,0.1
2021-08-19 16:52:40.228,-0.245,0.1
2021-08-19 16:52:40.232,-0.205,0.11
2021-08-19 16:52:40.236,-0.145,0.095
2021-08-19 16:52:40.240,0.02,0.055
2021-08-19 16:52:40.244,0.075,0.035
2021-08-19 16:52:40.248,0.025,-0.005
2021-08-19 16:52:40.252,0.035,-0.025
2021-08-19 16:52:40.256,0.04,-0.04
2021-08-19 16:52:40.260,0.025,-0.06
2021-08-19 16:52:40.264,0.055,-0.12
2021-08-19 16:52:40.268,0.07,-0.12
2021-08-19 16:52:40.272,0.025,-0.13
2021-08-19 16:52:40.276,0.0,-0.12
2021-08-19 16:52:40.280,-0.005,-0.1
2021-08-19 16:52:40.284,-0.03,-0.13
2021-08-19 16:52:40.288,-0.06,-0.13
2021-08-19 16:52:40.292,-0.045,-0.115
2021-08-19 16:52:40.296,-0.06,-0.075
2021-08-19 16:52:40.300,-0.04,-0.06
2021-08-19 16:52:40.304,-0.01,-0.035
2021-08-19 16:52:40.308,0.03,-0.03
2021-08-19 16:52:40.312,-0.04,-0.03
2021-08-19 16:52:40.316,-0.135,0.005
2021-08-19 16:52:40.320,-0.22,0.02
2021-08-19 16:52:40.324,-0.24,0.015
2021-08-19 16:52:40.328,-0.25,0.025
2021-08-19 16:52:40.332,-0.285,0.04
2021-08-19 16:52:40.336,-0.34,0.055
2021-08-19 16:52:40.340,-0.3,0.05
2021-08-19 16:52:40.344,-0.24,0.045
2021-08-19 16:52:40.348,-0.23,0.035
2021-08-19 16:52:40.352,-0.3,0.015
2021-08-19 16:52:40.356,-0.325,0.0
2021-08-19 16:52:40.360,-0.3,-0.005
2021-08-19 16:52:40.364,-0.27,0.01
2021-08-19 16:52:40.368,-0.28,0.035
2021-08-19 16:52:40.372,-0.305,0.025
2021-08-19 16:52:40.376,-0.33,0.025
2021-08-19 16:52:40.380,-0.325,0.01
2021-08-19 16:52:40.384,-0.32,0.02
2021-08-19 16:52:40.388,-0.335,0.01
2021-08-19 16:52:40.392,-0.36,0.065
2021-08-19 16:52:40.396,-0.35,0.135
2021-08-19 16:52:40.400,-0.275,0.15
2021-08-19 16:52:40.404,-0.285,0.11
2021-08-19 16:52:40.408,-0.175,-0.055
2021-08-19 16:52:40.412,0.255,-0.165
2021-08-19 16:52:40.416,0.865,-0.27
2021-08-19 16:52:40.420,1.4,-0.515
2021-08-19 16:52:40.424,1.24,-0.8
2021-08-19 16:52:40.428,0.335,-0.955
2021-08-19 16:52:40.432,-0.535,-0.805
2021-08-19 16:52:40.436,-1.11,-0.5
2021-08-19 16:52:40.440,-1.065,-0.455
2021-08-19 16:52:40.444,-0.845,-0.36
2021-08-19 16:52:40.448,-0.475,-0.18
2021-08-19 16:52:40.452,-0.365,-0.105
2021-08-19 16:52:40.456,-0.38,-0.055
2021-08-19 16:52:40.460,-0.435,-0.015
2021-08-19 16:52:40.464,-0.44,0.02
2021-08-19 16:52:40.468,-0.415,0.035
2021-08-19 16:52:40.472,-0.475,0.055
2021-08-19 16:52:40.476,-0.435,0.04
2021-08-19 16:52:40.480,-0.375,0.025
2021-08-19 16:52:40.484,-0.32,0.045
2021-08-19 16:52:40.488,-0.365,0.06
2021-08-19 16:52:40.492,-0.5,0.105
2021-08-19 16:52:40.496,-0.55,0.1
2021-08-19 16:52:40.500,-0.45,0.105
2021-08-19 16:52:40.504,-0.41,0.085
2021-08-19 16:52:40.508,-0.395,0.075
2021-08-19 16:52:40.512,-0.395,0.085
2021-08-19 16:52:40.516,-0.43,0.08
2021-08-19 16:52:40.520,-0.455,0.06
2021-08-19 16:52:40.524,-0.45,0.08
2021-08-19 16:52:40.528,-0.48,0.08
2021-08-19 16:52:40.532,-0.43,0.08
2021-08-19 16:52:40.536,-0.43,0.08
2021-08-19 16:52:40.540,-0.445,0.07
2021-08-19 16:52:40.544,-0.46,0.08
2021-08-19 16:52:40.548,-0.435,0.085
2021-08-19 16:52:40.552,-0.435,0.075
2021-08-19 16:52:40.556,-0.415,0.07
2021-08-19 16:52:40.560,-0.345,0.07
2021-08-19 16:52:40.564,-0.34,0.065
2021-08-19 16:52:40.568,-0.495,0.06
2021-08-19 16:52:40.572,-0.525,0.075
2021-08-19 16:52:40.576,-0.525,0.075
2021-08-19 16:52:40.580,-0.51,0.06
2021-08-19 16:52:40.584,-0.52,0.07
2021-08-19 16:52:40.588,-0.5,0.055
2021-08-19 16:52:40.592,-0.49,0.065
2021-08-19 16:52:40.596,-0.425,0.035
2021-08-19 16:52:40.600,-0.39,0.05
2021-08-19 16:52:40.604,-0.375,0.02
2021-08-19 16:52:40.608,-0.42,0.01
2021-08-19 16:52:40.612,-0.46,0.015
2021-08-19 16:52:40.616,-0.54,0.025
2021-08-19 16:52:40.620,-0.59,0.03
2021-08-19 16:52:40.624,-0.65,0.035
2021-08-19 16:52:40.628,-0.685,0.025
2021-08-19 16:52:40.632,-0.68,0.04
2021-08-19 16:52:40.636,-0.615,0.05
2021-08-19 16:52:40.640,-0.555,0.05
2021-08-19 16:52:40.644,-0.53,0.02
2021-08-19 16:52:40.648,-0.495,0.015
2021-08-19 16:52:40.652,-0.46,0.005
2021-08-19 16:52:40.656,-0.41,0.0
2021-08-19 16:52:40.660,-0.415,-0.04
2021-08-19 16:52:40.664,-0.43,-0.065
2021-08-19 16:52:40.668,-0.36,-0.04
2021-08-19 16:52:40.672,-0.265,0.0
2021-08-19 16:52:40.676,-0.215,-0.015
2021-08-19 16:52:40.680,-0.18,0.0
2021-08-19 16:52:40.684,-0.13,-0.005
2021-08-19 16:52:40.688,-0.16,0.0
2021-08-19 16:52:40.692,-0.15,-0.02
2021-08-19 16:52:40.696,-0.11,-0.025
2021-08-19 16:52:40.700,-0.155,-0.02
2021-08-19 16:52:40.704,-0.155,-0.005
2021-08-19 16:52:40.708,-0.09,0.015
2021-08-19 16:52:40.712,-0.14,0.02
2021-08-19 16:52:40.716,-0.155,0.005
2021-08-19 16:52:40.720,-0.05,0.0
2021-08-19 16:52:40.724,-0.08,0.025
2021-08-19 16:52:40.728,-0.205,0.015
2021-08-19 16:52:40.732,-0.225,0.0
2021-08-19 16:52:40.736,-0.21,0.03
2021-08-19 16:52:40.740,-0.195,0.03
2021-08-19 16:52:40.744,-0.15,0.015
2021-08-19 16:52:40.748,-0.17,0.01
2021-08-19 16:52:40.752,-0.24,0.0
2021-08-19 16:52:40.756,-0.295,0.01
2021-08-19 16:52:40.760,-0.3,0.01
2021-08-19 16:52:40.764,-0.315,0.005
2021-08-19 16:52:40.768,-0.245,0.0
2021-08-19 16:52:40.772,-0.26,-0.015
2021-08-19 16:52:40.776,-0.31,0.0
2021-08-19 16:52:40.780,-0.365,0.005
2021-08-19 16:52:40.784,-0.315,0.005
2021-08-19 16:52:40.788,-0.32,-0.005
2021-08-19 16:52:40.792,-0.29,-0.05
2021-08-19 16:52:40.796,-0.27,-0.055
2021-08-19 16:52:40.800,-0.31,-0.06
2021-08-19 16:52:40.804,-0.27,-0.05
2021-08-19 16:52:40.808,-0.275,-0.04
2021-08-19 16:52:40.812,-0.26,-0.045
2021-08-19 16:52:40.816,-0.205,-0.05
2021-08-19 16:52:40.820,-0.215,-0.07
2021-08-19 16:52:40.824,-0.32,-0.06
2021-08-19 16:52:40.828,-0.305,-0.045
2021-08-19 16:52:40.832,-0.18,-0.06
2021-08-19 16:52:40.836,-0.23,-0.07
2021-08-19 16:52:40.840,-0.395,-0.035
2021-08-19 16:52:40.844,-0.525,-0.02
2021-08-19 16:52:40.848,-0.525,-0.025
2021-08-19 16:52:40.852,-0.445,-0.015
2021-08-19 16:52:40.856,-0.355,0.0
2021-08-19 16:52:40.860,-0.32,-0.025
2021-08-19 16:52:40.864,-0.325,-0.01
2021-08-19 16:52:40.868,-0.38,0.0
2021-08-19 16:52:40.872,-0.455,-0.015
2021-08-19 16:52:40.876,-0.41,-0.025
2021-08-19 16:52:40.880,-0.405,-0.01
2021-08-19 16:52:40.884,-0.425,0.005
2021-08-19 16:52:40.888,-0.36,0.01
2021-08-19 16:52:40.892,-0.3,0.02
2021-08-19 16:52:40.896,-0.275,0.0
2021-08-19 16:52:40.900,-0.255,0.01
2021-08-19 16:52:40.904,-0.275,0.03
2021-08-19 16:52:40.908,-0.35,0.01
2021-08-19 16:52:40.912,-0.34,0.02
2021-08-19 16:52:40.916,-0.315,0.005
2021-08-19 16:52:40.920,-0.25,-0.015
2021-08-19 16:52:40.924,-0.215,-0.04
2021-08-19 16:52:40.928,-0.285,-0.025
2021-08-19 16:52:40.932,-0.345,-0.03
2021-08-19 16:52:40.936,-0.375,-0.025
2021-08-19 16:52:40.940,-0.335,0.0
2021-08-19 16:52:40.944,-0.355,-0.02
2021-08-19 16:52:40.948,-0.345,-0.04
2021-08-19 16:52:40.952,-0.355,-0.04
2021-08-19 16:52:40.956,-0.32,-0.04
2021-08-19 16:52:40.960,-0.34,-0.05
2021-08-19 16:52:40.964,-0.305,-0.06
2021-08-19 16:52:40.968,-0.34,-0.04
2021-08-19 16:52:40.972,-0.36,-0.035
2021-08-19 16:52:40.976,-0.355,-0.06
2021-08-19 16:52:40.980,-0.36,-0.05
2021-08-19 16:52:40.984,-0.415,-0.06
2021-08-19 16:52:40.988,-0.39,-0.085
2021-08-19 16:52:40.992,-0.41,-0.08
2021-08-19 16:52:40.996,-0.445,-0.08
2021-08-19 16:52:41.000,-0.46,-0.075
2021-08-19 16:52:41.004,-0.455,-0.075
2021-08-19 16:52:41.008,-0.46,-0.085
2021-08-19 16:52:41.012,-0.43,-0.09
2021-08-19 16:52:41.016,-0.44,-0.095
2021-08-19 16:52:41.020,-0.45,-0.1
2021-08-19 16:52:41.024,-0.46,-0.1
2021-08-19 16:52:41.028,-0.46,-0.09
2021-08-19 16:52:41.032,-0.46,-0.11
2021-08-19 16:52:41.036,-0.445,-0.095
2021-08-19 16:52:41.040,-0.425,-0.085
2021-08-19 16:52:41.044,-0.425,-0.095
2021-08-19 16:52:41.048,-0.44,-0.085
2021-08-19 16:52:41.052,-0.43,-0.085
2021-08-19 16:52:41.056,-0.45,-0.09
2021-08-19 16:52:41.060,-0.455,-0.1
2021-08-19 16:52:41.064,-0.44,-0.1
2021-08-19 16:52:41.068,-0.455,-0.105
2021-08-19 16:52:41.072,-0.47,-0.1
2021-08-19 16:52:41.076,-0.46,-0.07
2021-08-19 16:52:41.080,-0.475,-0.07
2021-08-19 16:52:41.084,-0.455,-0.065
2021-08-19 16:52:41.088,-0.425,-0.04
2021-08-19 16:52:41.092,-0.45,-0.045
2021-08-19 16:52:41.096,-0.465,-0.055
2021-08-19 16:52:41.100,-0.435,-0.045
2021-08-19 16:52:41.104,-0.465,-0.05
2021-08-19 16:52:41.108,-0.47,-0.05
2021-08-19 16:52:41.112,-0.475,-0.01
2021-08-19 16:52:41.116,-0.46,-0.01
2021-08-19 16:52:41.120,-0.4,0.01
2021-08-19 16:52:41.124,-0.31,0.025
2021-08-19 16:52:41.128,-0.3,0.06
2021-08-19 16:52:41.132,-0.33,0.12
2021-08-19 16:52:41.136,-0.415,0.19
2021-08-19 16:52:41.140,-0.39,0.22
2021-08-19 16:52:41.144,-0.14,0.09
2021-08-19 16:52:41.148,0.37,-0.075
2021-08-19 16:52:41.152,0.955,-0.205
2021-08-19 16:52:41.156,1.515,-0.41
2021-08-19 16:52:41.160,1.805,-0.735
2021-08-19 16:52:41.164,1.33,-1.015
2021-08-19 16:52:41.168,0.51,-0.985
2021-08-19 16:52:41.172,-0.24,-0.64
2021-08-19 16:52:41.176,-0.64,-0.41
2021-08-19 16:52:41.180,-0.675,-0.38
2021-08-19 16:52:41.184,-0.585,-0.295
2021-08-19 16:52:41.188,-0.575,-0.28
2021-08-19 16:52:41.192,-0.56,-0.225
2021-08-19 16:52:41.196,-0.525,-0.14
2021-08-19 16:52:41.200,-0.51,-0.115
2021-08-19 16:52:41.204,-0.51,-0.11
2021-08-19 16:52:41.208,-0.495,-0.07
2021-08-19 16:52:41.212,-0.495,-0.085
2021-08-19 16:52:41.216,-0.52,-0.08
2021-08-19 16:52:41.220,-0.52,-0.075
2021-08-19 16:52:41.224,-0.51,-0.04
2021-08-19 16:52:41.228,-0.52,-0.055
2021-08-19 16:52:41.232,-0.46,-0.055
2021-08-19 16:52:41.236,-0.425,-0.04
2021-08-19 16:52:41.240,-0.46,-0.055
2021-08-19 16:52:41.244,-0.44,-0.045
2021-08-19 16:52:41.248,-0.48,-0.06
2021-08-19 16:52:41.252,-0.57,-0.04
2021-08-19 16:52:41.256,-0.61,-0.025
2021-08-19 16:52:41.260,-0.56,-0.015
2021-08-19 16:52:41.264,-0.55,-0.03
2021-08-19 16:52:41.268,-0.55,-0.03
2021-08-19 16:52:41.272,-0.535,-0.02
2021-08-19 16:52:41.276,-0.57,-0.035
2021-08-19 16:52:41.280,-0.565,-0.035
2021-08-19 16:52:41.284,-0.56,-0.02
2021-08-19 16:52:41.288,-0.56,-0.045
2021-08-19 16:52:41.292,-0.54,-0.035
2021-08-19 16:52:41.296,-0.53,-0.02
2021-08-19 16:52:41.300,-0.575,-0.01
2021-08-19 16:52:41.304,-0.56,0.0
2021-08-19 16:52:41.308,-0.535,0.03
2021-08-19 16:52:41.312,-0.555,0.015
2021-08-19 16:52:41.316,-0.55,0.0
2021-08-19 16:52:41.320,-0.475,0.005
2021-08-19 16:52:41.324,-0.475,-0.015
2021-08-19 16:52:41.328,-0.465,-0.005
2021-08-19 16:52:41.332,-0.445,0.035
2021-08-19 16:52:41.336,-0.395,0.06
2021-08-19 16:52:41.340,-0.375,0.07
2021-08-19 16:52:41.344,-0.345,0.09
2021-08-19 16:52:41.348,-0.355,0.09
2021-08-19 16:52:41.352,-0.29,0.085
2021-08-19 16:52:41.356,-0.24,0.095
2021-08-19 16:52:41.360,-0.275,0.1
2021-08-19 16:52:41.364,-0.34,0.095
2021-08-19 16:52:41.368,-0.34,0.085
2021-08-19 16:52:41.372,-0.3,0.085
2021-08-19 16:52:41.376,-0.255,0.07
2021-08-19 16:52:41.380,-0.22,0.015
2021-08-19 16:52:41.384,-0.23,-0.005
2021-08-19 16:52:41.388,-0.23,-0.02
2021-08-19 16:52:41.392,-0.22,-0.03
2021-08-19 16:52:41.396,-0.23,-0.065
2021-08-19 16:52:41.400,-0.23,-0.08
2021-08-19 16:52:41.404,-0.21,-0.11
2021-08-19 16:52:41.408,-0.17,-0.135
2021-08-19 16:52:41.412,-0.19,-0.14
2021-08-19 16:52:41.416,-0.19,-0.195
2021-08-19 16:52:41.420,-0.145,-0.2
2021-08-19 16:52:41.424,-0.17,-0.21
2021-08-19 16:52:41.428,-0.095,-0.24
2021-08-19 16:52:41.432,0.0,-0.24
2021-08-19 16:52:41.436,0.03,-0.225
2021-08-19 16:52:41.440,0.025,-0.205
2021-08-19 16:52:41.444,-0.005,-0.21
2021-08-19 16:52:41.448,-0.06,-0.18
2021-08-19 16:52:41.452,-0.065,-0.16
2021-08-19 16:52:41.456,-0.025,-0.16
2021-08-19 16:52:41.460,-0.045,-0.135
2021-08-19 16:52:41.464,-0.05,-0.135
2021-08-19 16:52:41.468,-0.045,-0.115
2021-08-19 16:52:41.472,-0.07,-0.11
2021-08-19 16:52:41.476,-0.11,-0.1
2021-08-19 16:52:41.480,-0.13,-0.105
2021-08-19 16:52:41.484,-0.135,-0.105
2021-08-19 16:52:41.488,-0.15,-0.095
2021-08-19 16:52:41.492,-0.135,-0.09
2021-08-19 16:52:41.496,-0.165,-0.085
2021-08-19 16:52:41.500,-0.18,-0.07
2021-08-19 16:52:41.504,-0.16,-0.055
2021-08-19 16:52:41.508,-0.165,-0.075
2021-08-19 16:52:41.512,-0.19,-0.065
2021-08-19 16:52:41.516,-0.205,-0.035
2021-08-19 16:52:41.520,-0.215,-0.06
2021-08-19 16:52:41.524,-0.195,-0.05
2021-08-19 16:52:41.528,-0.15,-0.02
2021-08-19 16:52:41.532,-0.12,0.01
2021-08-19 16:52:41.536,-0.165,-0.01
2021-08-19 16:52:41.540,-0.13,-0.01
2021-08-19 16:52:41.544,-0.105,-0.03
2021-08-19 16:52:41.548,-0.1,0.0
2021-08-19 16:52:41.552,-0.06,0.035
2021-08-19 16:52:41.556,-0.01,0.065
2021-08-19 16:52:41.560,0.015,0.065
2021-08-19 16:52:41.564,0.035,0.07
2021-08-19 16:52:41.568,0.04,0.1
2021-08-19 16:52:41.572,0.04,0.105
2021-08-19 16:52:41.576,0.06,0.09
2021-08-19 16:52:41.580,0.075,0.115
2021-08-19 16:52:41.584,0.065,0.125
2021-08-19 16:52:41.588,0.045,0.105
2021-08-19 16:52:41.592,0.06,0.085
2021-08-19 16:52:41.596,0.04,0.09
2021-08-19 16:52:41.600,0.065,0.05
2021-08-19 16:52:41.604,0.045,0.035
2021-08-19 16:52:41.608,0.01,0.02
2021-08-19 16:52:41.612,0.005,0.015
2021-08-19 16:52:41.616,-0.025,0.035
2021-08-19 16:52:41.620,-0.13,0.11
2021-08-19 16:52:41.624,-0.235,0.18
2021-08-19 16:52:41.628,-0.24,0.17
2021-08-19 16:52:41.632,-0.065,0.01
2021-08-19 16:52:41.636,0.445,-0.17
2021-08-19 16:52:41.640,1.075,-0.32
2021-08-19 16:52:41.644,1.605,-0.61
2021-08-19 16:52:41.648,1.58,-0.97
2021-08-19 16:52:41.652,0.73,-1.195
2021-08-19 16:52:41.656,-0.175,-1.04
2021-08-19 16:52:41.660,-0.945,-0.69
2021-08-19 16:52:41.664,-1.065,-0.53
2021-08-19 16:52:41.668,-0.88,-0.4
2021-08-19 16:52:41.672,-0.61,-0.305
2021-08-19 16:52:41.676,-0.41,-0.245
2021-08-19 16:52:41.680,-0.385,-0.185
2021-08-19 16:52:41.684,-0.39,-0.125
2021-08-19 16:52:41.688,-0.38,-0.095
2021-08-19 16:52:41.692,-0.37,-0.075
2021-08-19 16:52:41.696,-0.375,-0.075
2021-08-19 16:52:41.700,-0.38,-0.04
2021-08-19 16:52:41.704,-0.43,-0.04
2021-08-19 16:52:41.708,-0.43,-0.03
2021-08-19 16:52:41.712,-0.41,-0.03
2021-08-19 16:52:41.716,-0.42,-0.025
2021-08-19 16:52:41.720,-0.44,-0.02
2021-08-19 16:52:41.724,-0.46,-0.025
2021-08-19 16:52:41.728,-0.465,-0.035
2021-08-19 16:52:41.732,-0.45,-0.01
2021-08-19 16:52:41.736,-0.455,-0.01
2021-08-19 16:52:41.740,-0.475,-0.02
2021-08-19 16:52:41.744,-0.485,0.0
2021-08-19 16:52:41.748,-0.44,0.045
2021-08-19 16:52:41.752,-0.41,0.03
2021-08-19 16:52:41.756,-0.38,0.02
2021-08-19 16:52:41.760,-0.33,0.025
2021-08-19 16:52:41.764,-0.34,0.02
2021-08-19 16:52:41.768,-0.355,0.04
2021-08-19 16:52:41.772,-0.315,0.07
2021-08-19 16:52:41.776,-0.28,0.085
2021-08-19 16:52:41.780,-0.265,0.1
2021-08-19 16:52:41.784,-0.275,0.105
2021-08-19 16:52:41.788,-0.28,0.125
2021-08-19 16:52:41.792,-0.22,0.135
2021-08-19 16:52:41.796,-0.2,0.12
2021-08-19 16:52:41.800,-0.195,0.145
2021-08-19 16:52:41.804,-0.205,0.135
2021-08-19 16:52:41.808,-0.16,0.14
2021-08-19 16:52:41.812,-0.16,0.15
2021-08-19 16:52:41.816,-0.175,0.14
2021-08-19 16:52:41.820,-0.08,0.145
2021-08-19 16:52:41.824,0.04,0.135
2021-08-19 16:52:41.828,0.025,0.095
2021-08-19 16:52:41.832,-0.025,0.085
2021-08-19 16:52:41.836,-0.065,0.1
2021-08-19 16:52:41.840,-0.1,0.085
2021-08-19 16:52:41.844,-0.085,0.055
2021-08-19 16:52:41.848,-0.075,0.035
2021-08-19 16:52:41.852,-0.105,0.045
2021-08-19 16:52:41.856,-0.085,0.03
2021-08-19 16:52:41.860,-0.08,0.005
2021-08-19 16:52:41.864,-0.085,0.0
2021-08-19 16:52:41.868,-0.09,-0.03
2021-08-19 16:52:41.872,-0.09,-0.04
2021-08-19 16:52:41.876,-0.12,-0.055
2021-08-19 16:52:41.880,-0.04,-0.055
2021-08-19 16:52:41.884,0.025,-0.065
2021-08-19 16:52:41.888,0.04,-0.095
2021-08-19 16:52:41.892,0.025,-0.1
2021-08-19 16:52:41.896,0.05,-0.115
2021-08-19 16:52:41.900,-0.005,-0.1
2021-08-19 16:52:41.904,-0.085,-0.1
2021-08-19 16:52:41.908,-0.07,-0.09
2021-08-19 16:52:41.912,-0.11,-0.1
2021-08-19 16:52:41.916,-0.16,-0.1
2021-08-19 16:52:41.920,-0.19,-0.105
2021-08-19 16:52:41.924,-0.205,-0.1
2021-08-19 16:52:41.928,-0.25,-0.085
2021-08-19 16:52:41.932,-0.245,-0.08
2021-08-19 16:52:41.936,-0.285,-0.085
2021-08-19 16:52:41.940,-0.32,-0.07
2021-08-19 16:52:41.944,-0.32,-0.065
2021-08-19 16:52:41.948,-0.345,-0.085
2021-08-19 16:52:41.952,-0.365,-0.055
2021-08-19 16:52:41.956,-0.365,-0.05
2021-08-19 16:52:41.960,-0.43,-0.04
2021-08-19 16:52:41.964,-0.465,-0.035
2021-08-19 16:52:41.968,-0.435,-0.01
2021-08-19 16:52:41.972,-0.435,0.0
2021-08-19 16:52:41.976,-0.43,0.0
2021-08-19 16:52:41.980,-0.4,0.015
2021-08-19 16:52:41.984,-0.39,-0.005
2021-08-19 16:52:41.988,-0.375,-0.005
2021-08-19 16:52:41.992,-0.365,-0.005
2021-08-19 16:52:41.996,-0.34,0.01
2021-08-19 16:52:42.000,-0.315,0.04
2021-08-19 16:52:42.004,-0.265,0.07
2021-08-19 16:52:42.008,-0.25,0.1
2021-08-19 16:52:42.012,-0.24,0.105
2021-08-19 16:52:42.016,-0.2,0.095
2021-08-19 16:52:42.020,-0.235,0.105
2021-08-19 16:52:42.024,-0.23,0.06
2021-08-19 16:52:42.028,-0.17,0.05
2021-08-19 16:52:42.032,-0.155,0.09
2021-08-19 16:52:42.036,-0.16,0.07
2021-08-19 16:52:42.040,-0.165,0.055
2021-08-19 16:52:42.044,-0.155,0.03
2021-08-19 16:52:42.048,-0.17,0.02
2021-08-19 16:52:42.052,-0.145,0.025
2021-08-19 16:52:42.056,-0.13,0.02
2021-08-19 16:52:42.060,-0.185,0.005
2021-08-19 16:52:42.064,-0.2,0.005
2021-08-19 16:52:42.068,-0.225,0.015
2021-08-19 16:52:42.072,-0.26,0.0
2021-08-19 16:52:42.076,-0.29,-0.01
2021-08-19 16:52:42.080,-0.27,0.0
2021-08-19 16:52:42.084,-0.26,-0.03
2021-08-19 16:52:42.088,-0.28,-0.03
2021-08-19 16:52:42.092,-0.26,-0.035
2021-08-19 16:52:42.096,-0.31,-0.05
2021-08-19 16:52:42.100,-0.305,-0.04
2021-08-19 16:52:42.104,-0.305,-0.08
2021-08-19 16:52:42.108,-0.33,-0.05
2021-08-19 16:52:42.112,-0.33,-0.075
2021-08-19 16:52:42.116,-0.315,-0.05
2021-08-19 16:52:42.120,-0.355,-0.06
2021-08-19 16:52:42.124,-0.375,-0.06
2021-08-19 16:52:42.128,-0.34,-0.065
2021-08-19 16:52:42.132,-0.37,-0.055
2021-08-19 16:52:42.136,-0.395,-0.07
2021-08-19 16:52:42.140,-0.355,-0.075
2021-08-19 16:52:42.144,-0.355,-0.09
2021-08-19 16:52:42.148,-0.36,-0.09
2021-08-19 16:52:42.152,-0.4,-0.075
2021-08-19 16:52:42.156,-0.425,-0.06
2021-08-19 16:52:42.160,-0.42,-0.06
2021-08-19 16:52:42.164,-0.405,-0.05
2021-08-19 16:52:42.168,-0.425,-0.065
2021-08-19 16:52:42.172,-0.48,-0.055
2021-08-19 16:52:42.176,-0.465,-0.06
2021-08-19 16:52:42.180,-0.475,-0.045
2021-08-19 16:52:42.184,-0.51,-0.05
2021-08-19 16:52:42.188,-0.46,-0.025
2021-08-19 16:52:42.192,-0.45,-0.015
2021-08-19 16:52:42.196,-0.45,0.0
2021-08-19 16:52:42.200,-0.415,0.0
2021-08-19 16:52:42.204,-0.44,0.005
2021-08-19 16:52:42.208,-0.455,0.015
2021-08-19 16:52:42.212,-0.5,0.02
2021-08-19 16:52:42.216,-0.435,0.03
2021-08-19 16:52:42.220,-0.37,0.045
2021-08-19 16:52:42.224,-0.285,0.05
2021-08-19 16:52:42.228,-0.235,0.085
2021-08-19 16:52:42.232,-0.235,0.035
2021-08-19 16:52:42.236,-0.225,0.03
2021-08-19 16:52:42.240,-0.2,0.02
2021-08-19 16:52:42.244,-0.245,0.01
2021-08-19 16:52:42.248,-0.255,0.0
2021-08-19 16:52:42.252,-0.21,0.0
2021-08-19 16:52:42.256,-0.285,0.0
2021-08-19 16:52:42.260,-0.3,-0.005
2021-08-19 16:52:42.264,-0.29,0.0
2021-08-19 16:52:42.268,-0.265,0.0
2021-08-19 16:52:42.272,-0.295,0.0
2021-08-19 16:52:42.276,-0.29,-0.03
2021-08-19 16:52:42.280,-0.325,-0.035
2021-08-19 16:52:42.284,-0.355,-0.015
2021-08-19 16:52:42.288,-0.4,0.005
2021-08-19 16:52:42.292,-0.4,0.065
2021-08-19 16:52:42.296,-0.415,0.09
2021-08-19 16:52:42.300,-0.31,0.05
2021-08-19 16:52:42.304,-0.04,-0.13
2021-08-19 16:52:42.308,0.39,-0.31
2021-08-19 16:52:42.312,0.95,-0.425
2021-08-19 16:52:42.316,1.475,-0.655
2021-08-19 16:52:42.320,1.615,-0.925
2021-08-19 16:52:42.324,0.955,-1.155
2021-08-19 16:52:42.328,0.18,-1.025
2021-08-19 16:52:42.332,-0.595,-0.625
2021-08-19 16:52:42.336,-0.885,-0.45
2021-08-19 16:52:42.340,-0.83,-0.36
2021-08-19 16:52:42.344,-0.72,-0.26
2021-08-19 16:52:42.348,-0.645,-0.28
2021-08-19 16:52:42.352,-0.525,-0.245
2021-08-19 16:52:42.356,-0.46,-0.21
2021-08-19 16:52:42.360,-0.45,-0.18
2021-08-19 16:52:42.364,-0.48,-0.14
2021-08-19 16:52:42.368,-0.48,-0.12
2021-08-19 16:52:42.372,-0.48,-0.12
2021-08-19 16:52:42.376,-0.515,-0.105
2021-08-19 16:52:42.380,-0.585,-0.09
2021-08-19 16:52:42.384,-0.58,-0.075
2021-08-19 16:52:42.388,-0.545,-0.085
2021-08-19 16:52:42.392,-0.515,-0.09
2021-08-19 16:52:42.396,-0.535,-0.09
2021-08-19 16:52:42.400,-0.6,-0.085
2021-08-19 16:52:42.404,-0.665,-0.075
2021-08-19 16:52:42.408,-0.6,-0.06
2021-08-19 16:52:42.412,-0.585,-0.065
2021-08-19 16:52:42.416,-0.585,-0.05
2021-08-19 16:52:42.420,-0.565,-0.065
2021-08-19 16:52:42.424,-0.54,-0.055
2021-08-19 16:52:42.428,-0.545,-0.06
2021-08-19 16:52:42.432,-0.505,-0.04
2021-08-19 16:52:42.436,-0.48,-0.05
2021-08-19 16:52:42.440,-0.51,-0.02
2021-08-19 16:52:42.444,-0.49,0.01
2021-08-19 16:52:42.448,-0.45,0.03
2021-08-19 16:52:42.452,-0.44,0.045
2021-08-19 16:52:42.456,-0.405,0.035
2021-08-19 16:52:42.460,-0.39,0.055
2021-08-19 16:52:42.464,-0.37,0.05
2021-08-19 16:52:42.468,-0.375,0.03
2021-08-19 16:52:42.472,-0.32,0.03
2021-08-19 16:52:42.476,-0.28,0.035
2021-08-19 16:52:42.480,-0.295,0.025
2021-08-19 16:52:42.484,-0.26,0.04
2021-08-19 16:52:42.488,-0.245,0.02
2021-08-19 16:52:42.492,-0.24,-0.005
2021-08-19 16:52:42.496,-0.24,-0.035
2021-08-19 16:52:42.500,-0.255,-0.08
2021-08-19 16:52:42.504,-0.295,-0.115
2021-08-19 16:52:42.508,-0.305,-0.11
2021-08-19 16:52:42.512,-0.255,-0.13
2021-08-19 16:52:42.516,-0.325,-0.14
2021-08-19 16:52:42.520,-0.35,-0.11
2021-08-19 16:52:42.524,-0.32,-0.115
2021-08-19 16:52:42.528,-0.355,-0.125
2021-08-19 16:52:42.532,-0.35,-0.12
2021-08-19 16:52:42.536,-0.345,-0.12
2021-08-19 16:52:42.540,-0.395,-0.12
2021-08-19 16:52:42.544,-0.335,-0.145
2021-08-19 16:52:42.548,-0.34,-0.135
2021-08-19 16:52:42.552,-0.38,-0.15
2021-08-19 16:52:42.556,-0.4,-0.15
2021-08-19 16:52:42.560,-0.33,-0.14
2021-08-19 16:52:42.564,-0.35,-0.15
2021-08-19 16:52:42.568,-0.32,-0.165
2021-08-19 16:52:42.572,-0.26,-0.18
2021-08-19 16:52:42.576,-0.235,-0.16
2021-08-19 16:52:42.580,-0.245,-0.195
2021-08-19 16:52:42.584,-0.17,-0.18
2021-08-19 16:52:42.588,-0.185,-0.195
2021-08-19 16:52:42.592,-0.205,-0.19
2021-08-19 16:52:42.596,-0.165,-0.18
2021-08-19 16:52:42.600,-0.175,-0.185
2021-08-19 16:52:42.604,-0.185,-0.18
2021-08-19 16:52:42.608,-0.195,-0.175
2021-08-19 16:52:42.612,-0.255,-0.165
2021-08-19 16:52:42.616,-0.26,-0.13
2021-08-19 16:52:42.620,-0.3,-0.125
2021-08-19 16:52:42.624,-0.29,-0.11
2021-08-19 16:52:42.628,-0.29,-0.085
2021-08-19 16:52:42.632,-0.285,-0.085
2021-08-19 16:52:42.636,-0.305,-0.065
2021-08-19 16:52:42.640,-0.305,-0.08
2021-08-19 16:52:42.644,-0.285,-0.075
2021-08-19 16:52:42.648,-0.325,-0.08
2021-08-19 16:52:42.652,-0.35,-0.065
2021-08-19 16:52:42.656,-0.32,-0.02
2021-08-19 16:52:42.660,-0.23,0.005
2021-08-19 16:52:42.664,-0.16,0.03
2021-08-19 16:52:42.668,-0.08,0.025
2021-08-19 16:52:42.672,-0.07,0.02
2021-08-19 16:52:42.676,-0.095,0.02
2021-08-19 16:52:42.680,-0.08,0.065
2021-08-19 16:52:42.684,-0.04,0.065
2021-08-19 16:52:42.688,-0.06,0.055
2021-08-19 16:52:42.692,-0.04,0.05
2021-08-19 16:52:42.696,0.015,0.055
2021-08-19 16:52:42.700,0.035,0.05
2021-08-19 16:52:42.704,0.08,0.005
2021-08-19 16:52:42.708,0.125,-0.01
2021-08-19 16:52:42.712,0.105,-0.025
2021-08-19 16:52:42.716,0.09,-0.03
2021-08-19 16:52:42.720,0.09,-0.045
2021-08-19 16:52:42.724,0.035,-0.07
2021-08-19 16:52:42.728,0.01,-0.045
2021-08-19 16:52:42.732,-0.005,-0.065
2021-08-19 16:52:42.736,-0.04,-0.08
2021-08-19 16:52:42.740,-0.065,-0.08
2021-08-19 16:52:42.744,-0.065,-0.085
2021-08-19 16:52:42.748,-0.065,-0.095
2021-08-19 16:52:42.752,-0.155,-0.095
2021-08-19 16:52:42.756,-0.15,-0.095
2021-08-19 16:52:42.760,-0.17,-0.105
2021-08-19 16:52:42.764,-0.215,-0.12
2021-08-19 16:52:42.768,-0.21,-0.115
2021-08-19 16:52:42.772,-0.18,-0.12
2021-08-19 16:52:42.776,-0.215,-0.13
2021-08-19 16:52:42.780,-0.24,-0.125
2021-08-19 16:52:42.784,-0.245,-0.14
2021-08-19 16:52:42.788,-0.285,-0.12
2021-08-19 16:52:42.792,-0.255,-0.15
2021-08-19 16:52:42.796,-0.24,-0.125
2021-08-19 16:52:42.800,-0.27,-0.125
2021-08-19 16:52:42.804,-0.28,-0.115
2021-08-19 16:52:42.808,-0.275,-0.13
2021-08-19 16:52:42.812,-0.36,-0.12
2021-08-19 16:52:42.816,-0.43,-0.125
2021-08-19 16:52:42.820,-0.425,-0.1
2021-08-19 16:52:42.824,-0.405,-0.095
2021-08-19 16:52:42.828,-0.415,-0.095
2021-08-19 16:52:42.832,-0.43,-0.105
2021-08-19 16:52:42.836,-0.49,-0.115
2021-08-19 16:52:42.840,-0.48,-0.085
2021-08-19 16:52:42.844,-0.445,-0.05
2021-08-19 16:52:42.848,-0.45,-0.06
2021-08-19 16:52:42.852,-0.41,-0.065
2021-08-19 16:52:42.856,-0.41,-0.055
2021-08-19 16:52:42.860,-0.445,-0.07
2021-08-19 16:52:42.864,-0.4,-0.055
2021-08-19 16:52:42.868,-0.325,-0.035
2021-08-19 16:52:42.872,-0.28,-0.015
2021-08-19 16:52:42.876,-0.255,0.005
2021-08-19 16:52:42.880,-0.235,0.005
2021-08-19 16:52:42.884,-0.25,0.01
2021-08-19 16:52:42.888,-0.245,0.025
2021-08-19 16:52:42.892,-0.2,0.02
2021-08-19 16:52:42.896,-0.205,0.06
2021-08-19 16:52:42.900,-0.25,0.06
2021-08-19 16:52:42.904,-0.26,0.08
2021-08-19 16:52:42.908,-0.27,0.1
2021-08-19 16:52:42.912,-0.23,0.1
2021-08-19 16:52:42.916,-0.16,0.08
2021-08-19 16:52:42.920,-0.125,0.035
2021-08-19 16:52:42.924,-0.115,0.0
2021-08-19 16:52:42.928,-0.115,0.005
2021-08-19 16:52:42.932,-0.13,0.005
2021-08-19 16:52:42.936,-0.205,-0.015
2021-08-19 16:52:42.940,-0.19,-0.01
2021-08-19 16:52:42.944,-0.18,-0.025
2021-08-19 16:52:42.948,-0.18,-0.04
2021-08-19 16:52:42.952,-0.175,-0.06
2021-08-19 16:52:42.956,-0.21,-0.05
2021-08-19 16:52:42.960,-0.225,-0.065
2021-08-19 16:52:42.964,-0.22,-0.04
2021-08-19 16:52:42.968,-0.205,-0.06
2021-08-19 16:52:42.972,-0.23,-0.06
2021-08-19 16:52:42.976,-0.265,-0.075
2021-08-19 16:52:42.980,-0.27,-0.085
2021-08-19 16:52:42.984,-0.295,-0.095
2021-08-19 16:52:42.988,-0.25,-0.105
2021-08-19 16:52:42.992,-0.265,-0.08
2021-08-19 16:52:42.996,-0.315,-0.09
2021-08-19 16:52:43.000,-0.315,-0.135
2021-08-19 16:52:43.004,-0.36,-0.075
2021-08-19 16:52:43.008,-0.39,-0.075
2021-08-19 16:52:43.012,-0.425,-0.01
2021-08-19 16:52:43.016,-0.49,0.055
2021-08-19 16:52:43.020,-0.42,0.025
2021-08-19 16:52:43.024,-0.18,-0.11
2021-08-19 16:52:43.028,0.34,-0.265
2021-08-19 16:52:43.032,0.955,-0.36
2021-08-19 16:52:43.036,1.525,-0.555
2021-08-19 16:52:43.040,1.79,-0.855
2021-08-19 16:52:43.044,1.23,-1.12
2021-08-19 16:52:43.048,0.33,-1.06
2021-08-19 16:52:43.052,-0.57,-0.745
2021-08-19 16:52:43.056,-0.93,-0.595
2021-08-19 16:52:43.060,-0.87,-0.535
2021-08-19 16:52:43.064,-0.7,-0.36
2021-08-19 16:52:43.068,-0.57,-0.32
2021-08-19 16:52:43.072,-0.525,-0.23
2021-08-19 16:52:43.076,-0.525,-0.16
2021-08-19 16:52:43.080,-0.48,-0.125
2021-08-19 16:52:43.084,-0.445,-0.08
2021-08-19 16:52:43.088,-0.4,-0.05
2021-08-19 16:52:43.092,-0.36,-0.05
2021-08-19 16:52:43.096,-0.335,-0.02
2021-08-19 16:52:43.100,-0.32,0.0
2021-08-19 16:52:43.104,-0.28,0.035
2021-08-19 16:52:43.108,-0.32,0.035
2021-08-19 16:52:43.112,-0.27,0.055
2021-08-19 16:52:43.116,-0.215,0.06
2021-08-19 16:52:43.120,-0.22,0.06
2021-08-19 16:52:43.124,-0.215,0.065
2021-08-19 16:52:43.128,-0.21,0.07
2021-08-19 16:52:43.132,-0.18,0.065
2021-08-19 16:52:43.136,-0.16,0.065
2021-08-19 16:52:43.140,-0.115,0.065
2021-08-19 16:52:43.144,-0.095,0.055
2021-08-19 16:52:43.148,-0.09,0.055
2021-08-19 16:52:43.152,-0.095,0.03
2021-08-19 16:52:43.156,-0.1,-0.005
2021-08-19 16:52:43.160,-0.105,-0.01
2021-08-19 16:52:43.164,-0.15,0.0
2021-08-19 16:52:43.168,-0.19,0.005
2021-08-19 16:52:43.172,-0.22,-0.005
2021-08-19 16:52:43.176,-0.17,0.0
2021-08-19 16:52:43.180,-0.2,0.0
2021-08-19 16:52:43.184,-0.23,-0.02
2021-08-19 16:52:43.188,-0.24,-0.025
2021-08-19 16:52:43.192,-0.23,-0.025
2021-08-19 16:52:43.196,-0.235,-0.02
2021-08-19 16:52:43.200,-0.235,-0.015
2021-08-19 16:52:43.204,-0.17,-0.01
2021-08-19 16:52:43.208,-0.21,-0.025
2021-08-19 16:52:43.212,-0.18,-0.01
2021-08-19 16:52:43.216,-0.2,-0.03
2021-08-19 16:52:43.220,-0.19,-0.035
2021-08-19 16:52:43.224,-0.185,-0.03
2021-08-19 16:52:43.228,-0.2,-0.025
2021-08-19 16:52:43.232,-0.205,-0.025
2021-08-19 16:52:43.236,-0.22,-0.025
2021-08-19 16:52:43.240,-0.175,-0.025
2021-08-19 16:52:43.244,-0.235,-0.055
2021-08-19 16:52:43.248,-0.255,-0.095
2021-08-19 16:52:43.252,-0.21,-0.075
2021-08-19 16:52:43.256,-0.26,-0.085
2021-08-19 16:52:43.260,-0.29,-0.085
2021-08-19 16:52:43.264,-0.33,-0.09
2021-08-19 16:52:43.268,-0.3,-0.085
2021-08-19 16:52:43.272,-0.3,-0.09
2021-08-19 16:52:43.276,-0.31,-0.115
2021-08-19 16:52:43.280,-0.33,-0.12
2021-08-19 16:52:43.284,-0.29,-0.105
2021-08-19 16:52:43.288,-0.24,-0.1
2021-08-19 16:52:43.292,-0.19,-0.095
2021-08-19 16:52:43.296,-0.09,-0.11
2021-08-19 16:52:43.300,-0.02,-0.095
2021-08-19 16:52:43.304,-0.005,-0.105
2021-08-19 16:52:43.308,0.005,-0.08
2021-08-19 16:52:43.312,0.1,-0.06
2021-08-19 16:52:43.316,0.09,-0.03
2021-08-19 16:52:43.320,0.085,-0.015
2021-08-19 16:52:43.324,0.135,0.015
2021-08-19 16:52:43.328,0.14,0.01
2021-08-19 16:52:43.332,0.12,0.0
2021-08-19 16:52:43.336,0.15,0.01
2021-08-19 16:52:43.340,0.135,0.005
2021-08-19 16:52:43.344,0.1,-0.02
2021-08-19 16:52:43.348,0.11,-0.015
2021-08-19 16:52:43.352,0.105,0.005
2021-08-19 16:52:43.356,0.06,0.005
2021-08-19 16:52:43.360,0.055,0.0
2021-08-19 16:52:43.364,0.04,0.01
2021-08-19 16:52:43.368,0.055,0.01
2021-08-19 16:52:43.372,0.045,0.005
2021-08-19 16:52:43.376,0.015,-0.015
2021-08-19 16:52:43.380,-0.075,0.0
2021-08-19 16:52:43.384,-0.07,-0.005
2021-08-19 16:52:43.388,-0.095,-0.01
2021-08-19 16:52:43.392,-0.085,0.005
2021-08-19 16:52:43.396,-0.045,0.01
2021-08-19 16:52:43.400,-0.03,0.0
2021-08-19 16:52:43.404,-0.065,0.0
2021-08-19 16:52:43.408,-0.11,0.0
2021-08-19 16:52:43.412,-0.13,-0.005
2021-08-19 16:52:43.416,-0.145,-0.005
2021-08-19 16:52:43.420,-0.165,0.02
2021-08-19 16:52:43.424,-0.16,0.005
2021-08-19 16:52:43.428,-0.195,0.01
2021-08-19 16:52:43.432,-0.175,0.01
2021-08-19 16:52:43.436,-0.135,0.005
2021-08-19 16:52:43.440,-0.17,0.0
2021-08-19 16:52:43.444,-0.165,-0.005
2021-08-19 16:52:43.448,-0.16,0.02
2021-08-19 16:52:43.452,-0.19,0.015
2021-08-19 16:52:43.456,-0.215,0.01
2021-08-19 16:52:43.460,-0.175,0.015
2021-08-19 16:52:43.464,-0.21,0.005
2021-08-19 16:52:43.468,-0.245,-0.005
2021-08-19 16:52:43.472,-0.245,-0.015
2021-08-19 16:52:43.476,-0.205,-0.02
2021-08-19 16:52:43.480,-0.21,-0.065
2021-08-19 16:52:43.484,-0.21,-0.06
2021-08-19 16:52:43.488,-0.255,-0.065
2021-08-19 16:52:43.492,-0.275,-0.095
2021-08-19 16:52:43.496,-0.185,-0.115
2021-08-19 16:52:43.500,-0.13,-0.09
2021-08-19 16:52:43.504,-0.075,-0.08
2021-08-19 16:52:43.508,-0.01,-0.09
2021-08-19 16:52:43.512,-0.025,-0.08
2021-08-19 16:52:43.516,0.0,-0.085
2021-08-19 16:52:43.520,0.06,-0.05
2021-08-19 16:52:43.524,0.105,-0.02
2021-08-19 16:52:43.528,0.065,-0.005
2021-08-19 16:52:43.532,0.02,0.04
2021-08-19 16:52:43.536,-0.025,0.105
2021-08-19 16:52:43.540,-0.08,0.165
2021-08-19 16:52:43.544,-0.03,0.125
2021-08-19 16:52:43.548,0.23,-0.07
2021-08-19 16:52:43.552,0.8,-0.205
2021-08-19 16:52:43.556,1.475,-0.36
2021-08-19 16:52:43.560,1.955,-0.65
2021-08-19 16:52:43.564,1.85,-0.915
2021-08-19 16:52:43.568,1.05,-1.07
2021-08-19 16:52:43.572,0.12,-0.8
2021-08-19 16:52:43.576,-0.675,-0.48
2021-08-19 16:52:43.580,-0.74,-0.355
2021-08-19 16:52:43.584,-0.555,-0.24
2021-08-19 16:52:43.588,-0.405,-0.23
2021-08-19 16:52:43.592,-0.275,-0.19
2021-08-19 16:52:43.596,-0.24,-0.125
2021-08-19 16:52:43.600,-0.22,-0.08
2021-08-19 16:52:43.604,-0.18,-0.04
2021-08-19 16:52:43.608,-0.195,-0.025
2021-08-19 16:52:43.612,-0.24,-0.01
2021-08-19 16:52:43.616,-0.235,0.005
2021-08-19 16:52:43.620,-0.225,0.02
2021-08-19 16:52:43.624,-0.23,0.02
2021-08-19 16:52:43.628,-0.21,0.005
2021-08-19 16:52:43.632,-0.22,0.015
2021-08-19 16:52:43.636,-0.22,0.015
2021-08-19 16:52:43.640,-0.2,0.025
2021-08-19 16:52:43.644,-0.19,0.005
2021-08-19 16:52:43.648,-0.25,0.025
2021-08-19 16:52:43.652,-0.27,0.015
2021-08-19 16:52:43.656,-0.255,0.015
2021-08-19 16:52:43.660,-0.275,0.035
2021-08-19 16:52:43.664,-0.22,0.02
2021-08-19 16:52:43.668,-0.18,0.015
2021-08-19 16:52:43.672,-0.22,0.0
2021-08-19 16:52:43.676,-0.275,0.005
2021-08-19 16:52:43.680,-0.315,0.0
2021-08-19 16:52:43.684,-0.31,0.02
2021-08-19 16:52:43.688,-0.325,0.005
2021-08-19 16:52:43.692,-0.33,0.0
2021-08-19 16:52:43.696,-0.31,-0.03
2021-08-19 16:52:43.700,-0.3,-0.05
2021-08-19 16:52:43.704,-0.31,-0.05
2021-08-19 16:52:43.708,-0.335,-0.065
2021-08-19 16:52:43.712,-0.355,-0.055
2021-08-19 16:52:43.716,-0.29,-0.045
2021-08-19 16:52:43.720,-0.2,-0.065
2021-08-19 16:52:43.724,-0.175,-0.085
2021-08-19 16:52:43.728,-0.135,-0.11
2021-08-19 16:52:43.732,-0.13,-0.105
2021-08-19 16:52:43.736,-0.105,-0.11
2021-08-19 16:52:43.740,-0.045,-0.12
2021-08-19 16:52:43.744,0.045,-0.09
2021-08-19 16:52:43.748,0.115,-0.065
2021-08-19 16:52:43.752,0.17,-0.085
2021-08-19 16:52:43.756,0.24,-0.075
2021-08-19 16:52:43.760,0.23,-0.065
2021-08-19 16:52:43.764,0.185,-0.055
2021-08-19 16:52:43.768,0.215,-0.04
2021-08-19 16:52:43.772,0.21,-0.02
2021-08-19 16:52:43.776,0.245,-0.035
2021-08-19 16:52:43.780,0.29,-0.035
2021-08-19 16:52:43.784,0.3,-0.035
2021-08-19 16:52:43.788,0.33,-0.025
2021-08-19 16:52:43.792,0.345,-0.035
2021-08-19 16:52:43.796,0.34,-0.065
2021-08-19 16:52:43.800,0.315,-0.05
2021-08-19 16:52:43.804,0.345,-0.03
2021-08-19 16:52:43.808,0.355,-0.045
2021-08-19 16:52:43.812,0.35,-0.04
2021-08-19 16:52:43.816,0.36,-0.05
2021-08-19 16:52:43.820,0.335,-0.04
2021-08-19 16:52:43.824,0.305,-0.045
2021-08-19 16:52:43.828,0.3,-0.02
2021-08-19 16:52:43.832,0.23,-0.01
2021-08-19 16:52:43.836,0.14,-0.01
2021-08-19 16:52:43.840,0.115,0.0
2021-08-19 16:52:43.844,0.085,-0.01
2021-08-19 16:52:43.848,0.035,-0.01
2021-08-19 16:52:43.852,0.045,0.015
2021-08-19 16:52:43.856,0.01,-0.02
2021-08-19 16:52:43.860,-0.02,-0.005
2021-08-19 16:52:43.864,-0.035,0.005
2021-08-19 16:52:43.868,-0.005,0.005
2021-08-19 16:52:43.872,-0.065,0.0
2021-08-19 16:52:43.876,-0.085,0.0
2021-08-19 16:52:43.880,-0.06,-0.01
2021-08-19 16:52:43.884,-0.075,0.035
2021-08-19 16:52:43.888,-0.055,0.06
2021-08-19 16:52:43.892,0.11,0.055
2021-08-19 16:52:43.896,0.435,-0.135
2021-08-19 16:52:43.900,1.12,-0.33
2021-08-19 16:52:43.904,1.72,-0.44
2021-08-19 16:52:43.916,1.79,-1.04
2021-08-19 16:52:43.920,0.815,-0.925
2021-08-19 16:52:43.924,0.0,-0.735
2021-08-19 16:52:43.928,-0.345,-0.695
2021-08-19 16:52:43.932,-0.355,-0.51
2021-08-19 16:52:43.936,-0.16,-0.35
2021-08-19 16:52:43.940,-0.125,-0.29
2021-08-19 16:52:43.944,-0.195,-0.23
2021-08-19 16:52:43.948,-0.165,-0.16
2021-08-19 16:52:43.952,-0.08,-0.08
2021-08-19 16:52:43.956,-0.05,-0.005
2021-08-19 16:52:43.960,-0.09,0.025
2021-08-19 16:52:43.964,-0.08,0.025
2021-08-19 16:52:43.968,-0.14,0.035
2021-08-19 16:52:43.972,-0.155,0.04
2021-08-19 16:52:43.976,-0.14,0.06
2021-08-19 16:52:43.980,-0.11,0.07
2021-08-19 16:52:43.984,-0.125,0.06
2021-08-19 16:52:43.988,-0.12,0.035
2021-08-19 16:52:43.992,-0.155,0.07
2021-08-19 16:52:43.996,-0.165,0.07
2021-08-19 16:52:44.000,-0.115,0.06
2021-08-19 16:52:44.004,-0.13,0.08
2021-08-19 16:52:44.008,-0.155,0.08
2021-08-19 16:52:44.012,-0.17,0.06
2021-08-19 16:52:44.016,-0.145,0.06
2021-08-19 16:52:44.020,-0.135,0.045
2021-08-19 16:52:44.024,-0.155,0.06
2021-08-19 16:52:44.028,-0.155,0.065
2021-08-19 16:52:44.032,-0.18,0.06
2021-08-19 16:52:44.036,-0.135,0.08
2021-08-19 16:52:44.040,-0.15,0.04
2021-08-19 16:52:44.044,-0.155,0.03
2021-08-19 16:52:44.048,-0.155,-0.005
2021-08-19 16:52:44.052,-0.16,-0.01
2021-08-19 16:52:44.056,-0.155,-0.01
2021-08-19 16:52:44.060,-0.135,0.005
2021-08-19 16:52:44.064,-0.115,0.0
2021-08-19 16:52:44.068,-0.1,-0.035
2021-08-19 16:52:44.072,-0.05,-0.025
2021-08-19 16:52:44.076,-0.03,-0.05
2021-08-19 16:52:44.080,0.005,-0.065
2021-08-19 16:52:44.084,0.0,-0.065
2021-08-19 16:52:44.088,0.0,-0.05
2021-08-19 16:52:44.092,-0.025,-0.09
2021-08-19 16:52:44.096,-0.02,-0.095
2021-08-19 16:52:44.100,0.0,-0.1
2021-08-19 16:52:44.104,-0.01,-0.115
2021-08-19 16:52:44.108,0.03,-0.115
2021-08-19 16:52:44.112,0.06,-0.085
2021-08-19 16:52:44.116,0.025,-0.1
2021-08-19 16:52:44.120,0.02,-0.12
2021-08-19 16:52:44.124,0.035,-0.14
2021-08-19 16:52:44.128,0.05,-0.16
2021-08-19 16:52:44.132,0.045,-0.195
2021-08-19 16:52:44.136,0.095,-0.165
2021-08-19 16:52:44.140,0.12,-0.16
2021-08-19 16:52:44.144,0.185,-0.135
2021-08-19 16:52:44.148,0.18,-0.095
2021-08-19 16:52:44.152,0.155,-0.095
2021-08-19 16:52:44.156,0.135,-0.085
2021-08-19 16:52:44.160,0.135,-0.07
2021-08-19 16:52:44.164,0.15,-0.05
2021-08-19 16:52:44.168,0.145,-0.005
2021-08-19 16:52:44.172,0.21,0.015
2021-08-19 16:52:44.176,0.175,0.015
2021-08-19 16:52:44.180,0.155,0.015
2021-08-19 16:52:44.184,0.1,0.035
2021-08-19 16:52:44.188,0.035,0.015
2021-08-19 16:52:44.192,0.04,0.035
2021-08-19 16:52:44.196,0.03,0.025
2021-08-19 16:52:44.200,0.005,0.02
2021-08-19 16:52:44.204,0.065,0.04
2021-08-19 16:52:44.208,0.08,0.045
2021-08-19 16:52:44.212,0.055,0.005
2021-08-19 16:52:44.216,0.095,0.015
2021-08-19 16:52:44.220,0.05,0.0
2021-08-19 16:52:44.224,0.04,0.005
2021-08-19 16:52:44.228,0.015,0.015
2021-08-19 16:52:44.232,0.045,0.015
2021-08-19 16:52:44.236,0.055,0.0
2021-08-19 16:52:44.240,0.12,-0.02
2021-08-19 16:52:44.244,0.23,-0.03
2021-08-19 16:52:44.248,0.215,-0.04
2021-08-19 16:52:44.252,0.19,-0.055
2021-08-19 16:52:44.256,0.23,-0.045
2021-08-19 16:52:44.260,0.205,-0.045
2021-08-19 16:52:44.264,0.165,-0.055
2021-08-19 16:52:44.268,0.15,-0.015
2021-08-19 16:52:44.272,0.1,-0.005
2021-08-19 16:52:44.276,0.015,-0.01
2021-08-19 16:52:44.280,0.03,-0.005
2021-08-19 16:52:44.284,-0.02,0.015
2021-08-19 16:52:44.288,-0.01,-0.015
2021-08-19 16:52:44.292,0.02,-0.05
2021-08-19 16:52:44.296,-0.01,-0.015
2021-08-19 16:52:44.300,-0.035,-0.02
2021-08-19 16:52:44.304,-0.085,-0.02
2021-08-19 16:52:44.308,-0.115,-0.01
2021-08-19 16:52:44.312,-0.185,-0.005
2021-08-19 16:52:44.316,-0.2,-0.005
2021-08-19 16:52:44.320,-0.19,0.0
2021-08-19 16:52:44.324,-0.19,-0.01
2021-08-19 16:52:44.328,-0.18,-0.02
2021-08-19 16:52:44.332,-0.175,0.0
2021-08-19 16:52:44.336,-0.25,0.0
2021-08-19 16:52:44.340,-0.32,0.055
2021-08-19 16:52:44.344,-0.405,0.115
2021-08-19 16:52:44.348,-0.415,0.085
2021-08-19 16:52:44.352,-0.2,-0.07
2021-08-19 16:52:44.356,0.325,-0.215
2021-08-19 16:52:44.360,0.98,-0.315
2021-08-19 16:52:44.364,1.665,-0.545
2021-08-19 16:52:44.368,1.85,-0.845
2021-08-19 16:52:44.372,1.27,-1.055
2021-08-19 16:52:44.376,0.43,-0.875
2021-08-19 16:52:44.380,-0.4,-0.51
2021-08-19 16:52:44.384,-0.64,-0.32
2021-08-19 16:52:44.388,-0.32,-0.205
2021-08-19 16:52:44.392,-0.17,-0.185
2021-08-19 16:52:44.396,-0.115,-0.165
2021-08-19 16:52:44.400,-0.08,-0.1
2021-08-19 16:52:44.404,-0.035,-0.03
2021-08-19 16:52:44.408,-0.07,0.0
2021-08-19 16:52:44.412,-0.095,0.01
2021-08-19 16:52:44.416,-0.07,0.015
2021-08-19 16:52:44.420,-0.12,0.015
2021-08-19 16:52:44.424,-0.145,0.025
2021-08-19 16:52:44.428,-0.16,0.05
2021-08-19 16:52:44.432,-0.18,0.05
2021-08-19 16:52:44.436,-0.16,0.06
2021-08-19 16:52:44.440,-0.15,0.055
2021-08-19 16:52:44.444,-0.17,0.05
2021-08-19 16:52:44.448,-0.185,0.025
2021-08-19 16:52:44.452,-0.18,0.04
2021-08-19 16:52:44.456,-0.185,0.04
2021-08-19 16:52:44.460,-0.2,0.025
2021-08-19 16:52:44.464,-0.14,0.03
2021-08-19 16:52:44.468,-0.15,0.04
2021-08-19 16:52:44.472,-0.155,0.04
2021-08-19 16:52:44.476,-0.18,0.04
2021-08-19 16:52:44.480,-0.22,0.055
2021-08-19 16:52:44.484,-0.22,0.045
2021-08-19 16:52:44.488,-0.195,0.05
2021-08-19 16:52:44.492,-0.19,0.04
2021-08-19 16:52:44.496,-0.22,0.03
2021-08-19 16:52:44.500,-0.21,0.055
2021-08-19 16:52:44.504,-0.23,0.055
2021-08-19 16:52:44.508,-0.265,0.04
2021-08-19 16:52:44.512,-0.195,0.045
2021-08-19 16:52:44.516,-0.19,0.055
2021-08-19 16:52:44.520,-0.2,0.06
2021-08-19 16:52:44.524,-0.145,0.075
2021-08-19 16:52:44.528,-0.075,0.055
2021-08-19 16:52:44.532,-0.105,0.03
2021-08-19 16:52:44.536,-0.095,0.02
2021-08-19 16:52:44.540,-0.12,0.03
2021-08-19 16:52:44.544,-0.17,0.035
2021-08-19 16:52:44.548,-0.195,0.035
2021-08-19 16:52:44.552,-0.205,0.045
2021-08-19 16:52:44.556,-0.29,0.065
2021-08-19 16:52:44.560,-0.305,0.065
2021-08-19 16:52:44.564,-0.315,0.06
2021-08-19 16:52:44.568,-0.345,0.06
2021-08-19 16:52:44.572,-0.375,0.06
2021-08-19 16:52:44.576,-0.41,0.06
2021-08-19 16:52:44.580,-0.49,0.055
2021-08-19 16:52:44.584,-0.51,0.06
2021-08-19 16:52:44.588,-0.465,0.06
2021-08-19 16:52:44.592,-0.39,0.05
2021-08-19 16:52:44.596,-0.32,0.06
2021-08-19 16:52:44.600,-0.255,0.045
2021-08-19 16:52:44.604,-0.2,0.06
2021-08-19 16:52:44.608,-0.11,0.05
2021-08-19 16:52:44.612,-0.04,0.055
2021-08-19 16:52:44.616,0.05,0.045
2021-08-19 16:52:44.620,0.085,0.025
2021-08-19 16:52:44.624,0.12,0.045
2021-08-19 16:52:44.628,0.05,0.05
2021-08-19 16:52:44.632,0.0,0.05
2021-08-19 16:52:44.636,0.035,0.045
2021-08-19 16:52:44.640,0.065,0.04
2021-08-19 16:52:44.644,0.03,0.03
2021-08-19 16:52:44.648,0.02,0.045
2021-08-19 16:52:44.652,-0.005,0.06
2021-08-19 16:52:44.656,-0.08,0.055
2021-08-19 16:52:44.660,-0.04,0.055
2021-08-19 16:52:44.664,-0.005,0.05
2021-08-19 16:52:44.668,-0.01,0.045
2021-08-19 16:52:44.672,0.01,0.025
2021-08-19 16:52:44.676,-0.01,0.03
2021-08-19 16:52:44.680,0.005,0.05
2021-08-19 16:52:44.684,-0.005,0.035
2021-08-19 16:52:44.688,-0.06,0.035
2021-08-19 16:52:44.692,-0.015,0.025
2021-08-19 16:52:44.696,-0.015,0.025
2021-08-19 16:52:44.700,-0.065,0.015
2021-08-19 16:52:44.704,-0.1,0.025
2021-08-19 16:52:44.708,-0.045,0.03
2021-08-19 16:52:44.712,-0.055,0.03
2021-08-19 16:52:44.716,-0.08,0.025
2021-08-19 16:52:44.720,-0.09,0.035
2021-08-19 16:52:44.724,-0.115,0.03
2021-08-19 16:52:44.728,-0.1,0.02
2021-08-19 16:52:44.732,-0.095,0.025
2021-08-19 16:52:44.736,-0.125,0.025
2021-08-19 16:52:44.740,-0.09,0.005
2021-08-19 16:52:44.744,-0.085,0.0
2021-08-19 16:52:44.748,-0.13,0.0
2021-08-19 16:52:44.752,-0.155,-0.025
2021-08-19 16:52:44.756,-0.14,-0.04
2021-08-19 16:52:44.760,-0.11,-0.04
2021-08-19 16:52:44.764,-0.13,-0.06
2021-08-19 16:52:44.768,-0.155,-0.065
2021-08-19 16:52:44.772,-0.185,-0.055
2021-08-19 16:52:44.776,-0.2,-0.055
2021-08-19 16:52:44.780,-0.185,-0.06
2021-08-19 16:52:44.784,-0.185,-0.06
2021-08-19 16:52:44.788,-0.26,-0.065
2021-08-19 16:52:44.792,-0.255,-0.055
2021-08-19 16:52:44.796,-0.19,-0.045
2021-08-19 16:52:44.800,-0.15,-0.035
2021-08-19 16:52:44.804,-0.145,-0.005
2021-08-19 16:52:44.808,-0.155,0.0
2021-08-19 16:52:44.812,-0.2,0.03
2021-08-19 16:52:44.816,-0.19,0.045
2021-08-19 16:52:44.820,-0.115,0.055
2021-08-19 16:52:44.824,-0.13,0.06
2021-08-19 16:52:44.828,-0.18,0.05
2021-08-19 16:52:44.832,-0.18,0.07
2021-08-19 16:52:44.836,-0.185,0.06
2021-08-19 16:52:44.840,-0.16,0.065
2021-08-19 16:52:44.844,-0.135,0.085
2021-08-19 16:52:44.848,-0.125,0.065
2021-08-19 16:52:44.852,-0.16,0.08
2021-08-19 16:52:44.856,-0.155,0.075
2021-08-19 16:52:44.860,-0.185,0.085
2021-08-19 16:52:44.864,-0.19,0.14
2021-08-19 16:52:44.868,-0.23,0.21
2021-08-19 16:52:44.872,-0.19,0.205
2021-08-19 16:52:44.876,0.125,0.05
2021-08-19 16:52:44.880,0.685,-0.125
2021-08-19 16:52:44.884,1.205,-0.225
2021-08-19 16:52:44.888,1.7,-0.435
2021-08-19 16:52:44.892,1.82,-0.75
2021-08-19 16:52:44.896,1.16,-1.05
2021-08-19 16:52:44.900,0.205,-1.015
2021-08-19 16:52:44.904,-0.715,-0.76
2021-08-19 16:52:44.908,-1.02,-0.55
2021-08-19 16:52:44.912,-0.87,-0.455
2021-08-19 16:52:44.916,-0.595,-0.28
2021-08-19 16:52:44.920,-0.415,-0.265
2021-08-19 16:52:44.924,-0.345,-0.17
2021-08-19 16:52:44.928,-0.26,-0.105
2021-08-19 16:52:44.932,-0.19,-0.04
2021-08-19 16:52:44.936,-0.185,0.0
2021-08-19 16:52:44.940,-0.26,0.02
2021-08-19 16:52:44.944,-0.3,0.025
2021-08-19 16:52:44.948,-0.32,0.035
2021-08-19 16:52:44.952,-0.315,0.005
2021-08-19 16:52:44.956,-0.31,0.01
2021-08-19 16:52:44.960,-0.335,0.015
2021-08-19 16:52:44.964,-0.31,0.02
2021-08-19 16:52:44.968,-0.29,0.01
2021-08-19 16:52:44.972,-0.325,0.01
2021-08-19 16:52:44.976,-0.345,0.005
2021-08-19 16:52:44.980,-0.31,0.015
2021-08-19 16:52:44.984,-0.375,0.0
2021-08-19 16:52:44.988,-0.37,0.0
2021-08-19 16:52:44.992,-0.385,-0.005
2021-08-19 16:52:44.996,-0.44,-0.01
2021-08-19 16:52:45.000,-0.41,-0.015
2021-08-19 16:52:45.004,-0.4,-0.01
2021-08-19 16:52:45.008,-0.45,-0.005
2021-08-19 16:52:45.012,-0.48,-0.01
2021-08-19 16:52:45.016,-0.48,0.0
2021-08-19 16:52:45.020,-0.44,0.005
2021-08-19 16:52:45.024,-0.4,0.005
2021-08-19 16:52:45.028,-0.36,0.005
2021-08-19 16:52:45.032,-0.32,0.01
2021-08-19 16:52:45.036,-0.28,0.015
2021-08-19 16:52:45.040,-0.235,0.025
2021-08-19 16:52:45.044,-0.245,0.025
2021-08-19 16:52:45.048,-0.205,0.02
2021-08-19 16:52:45.052,-0.135,0.035
2021-08-19 16:52:45.056,-0.155,0.055
2021-08-19 16:52:45.060,-0.15,0.08
2021-08-19 16:52:45.064,-0.105,0.1
2021-08-19 16:52:45.068,-0.14,0.095
2021-08-19 16:52:45.072,-0.15,0.08
2021-08-19 16:52:45.076,-0.145,0.095
2021-08-19 16:52:45.080,-0.135,0.11
2021-08-19 16:52:45.084,-0.145,0.1
2021-08-19 16:52:45.088,-0.06,0.075
2021-08-19 16:52:45.092,-0.05,0.08
2021-08-19 16:52:45.096,-0.11,0.07
2021-08-19 16:52:45.100,-0.075,0.06
2021-08-19 16:52:45.104,-0.04,0.03
2021-08-19 16:52:45.108,-0.055,0.0
2021-08-19 16:52:45.112,-0.02,-0.03
2021-08-19 16:52:45.116,-0.06,-0.04
2021-08-19 16:52:45.120,-0.11,-0.06
2021-08-19 16:52:45.124,-0.15,-0.06
2021-08-19 16:52:45.128,-0.11,-0.055
2021-08-19 16:52:45.132,-0.08,-0.065
2021-08-19 16:52:45.136,-0.05,-0.075
2021-08-19 16:52:45.140,-0.01,-0.09
2021-08-19 16:52:45.144,0.025,-0.09
2021-08-19 16:52:45.148,0.07,-0.085
2021-08-19 16:52:45.152,0.085,-0.07
2021-08-19 16:52:45.156,0.015,-0.095
2021-08-19 16:52:45.160,-0.025,-0.08
2021-08-19 16:52:45.164,-0.06,-0.07
2021-08-19 16:52:45.168,-0.125,-0.065
2021-08-19 16:52:45.172,-0.115,-0.075
2021-08-19 16:52:45.176,-0.1,-0.045
2021-08-19 16:52:45.180,-0.125,-0.055
2021-08-19 16:52:45.184,-0.115,-0.055
2021-08-19 16:52:45.188,-0.105,-0.005
2021-08-19 16:52:45.192,-0.16,0.01
2021-08-19 16:52:45.196,-0.205,0.025
2021-08-19 16:52:45.200,-0.265,0.07
2021-08-19 16:52:45.204,-0.3,0.07
2021-08-19 16:52:45.208,-0.285,0.095
2021-08-19 16:52:45.212,-0.25,0.09
2021-08-19 16:52:45.216,-0.275,0.085
2021-08-19 16:52:45.220,-0.28,0.095
2021-08-19 16:52:45.224,-0.275,0.09
2021-08-19 16:52:45.228,-0.21,0.105
2021-08-19 16:52:45.232,-0.175,0.13
2021-08-19 16:52:45.236,-0.13,0.145
2021-08-19 16:52:45.240,-0.115,0.145
2021-08-19 16:52:45.244,-0.115,0.185
2021-08-19 16:52:45.248,-0.1,0.2
2021-08-19 16:52:45.252,-0.1,0.165
2021-08-19 16:52:45.256,-0.13,0.175
2021-08-19 16:52:45.260,-0.145,0.17
2021-08-19 16:52:45.264,-0.195,0.18
2021-08-19 16:52:45.268,-0.165,0.17
2021-08-19 16:52:45.272,-0.145,0.155
2021-08-19 16:52:45.276,-0.16,0.165
2021-08-19 16:52:45.280,-0.235,0.17
2021-08-19 16:52:45.284,-0.19,0.18
2021-08-19 16:52:45.288,-0.19,0.135
2021-08-19 16:52:45.292,-0.19,0.105
2021-08-19 16:52:45.296,-0.155,0.1
2021-08-19 16:52:45.300,-0.135,0.06
2021-08-19 16:52:45.304,-0.165,0.05
2021-08-19 16:52:45.308,-0.105,0.04
2021-08-19 16:52:45.312,-0.105,0.035
2021-08-19 16:52:45.316,-0.16,0.02
2021-08-19 16:52:45.320,-0.18,0.04
2021-08-19 16:52:45.324,-0.145,0.085
2021-08-19 16:52:45.328,-0.18,0.075
2021-08-19 16:52:45.332,-0.16,0.085
2021-08-19 16:52:45.336,-0.16,0.08
2021-08-19 16:52:45.340,-0.175,0.075
2021-08-19 16:52:45.344,-0.145,0.09
2021-08-19 16:52:45.348,-0.12,0.08
2021-08-19 16:52:45.352,-0.16,0.07
2021-08-19 16:52:45.356,-0.135,0.06
2021-08-19 16:52:45.360,-0.175,0.065
2021-08-19 16:52:45.364,-0.22,0.045
2021-08-19 16:52:45.368,-0.225,0.06
2021-08-19 16:52:45.372,-0.22,0.05
2021-08-19 16:52:45.376,-0.305,0.045
2021-08-19 16:52:45.380,-0.305,0.03
2021-08-19 16:52:45.384,-0.3,0.0
2021-08-19 16:52:45.388,-0.305,0.015
2021-08-19 16:52:45.392,-0.29,0.01
2021-08-19 16:52:45.396,-0.3,0.0
2021-08-19 16:52:45.400,-0.29,-0.01
2021-08-19 16:52:45.404,-0.24,-0.015
2021-08-19 16:52:45.408,-0.25,0.02
2021-08-19 16:52:45.412,-0.265,0.035
2021-08-19 16:52:45.416,-0.265,0.05
2021-08-19 16:52:45.420,-0.29,0.06
2021-08-19 16:52:45.424,-0.34,0.015
2021-08-19 16:52:45.428,-0.36,0.03
2021-08-19 16:52:45.432,-0.36,0.015
2021-08-19 16:52:45.436,-0.34,0.015
2021-08-19 16:52:45.440,-0.345,0.03
2021-08-19 16:52:45.444,-0.305,0.075
2021-08-19 16:52:45.448,-0.31,0.095
2021-08-19 16:52:45.452,-0.28,0.105
2021-08-19 16:52:45.456,-0.225,0.12
2021-08-19 16:52:45.460,-0.2,0.135
2021-08-19 16:52:45.464,-0.22,0.135
2021-08-19 16:52:45.468,-0.21,0.18
2021-08-19 16:52:45.472,-0.215,0.235
2021-08-19 16:52:45.476,-0.22,0.295
2021-08-19 16:52:45.480,-0.08,0.22
2021-08-19 16:52:45.484,0.26,0.0
2021-08-19 16:52:45.488,0.83,-0.125
2021-08-19 16:52:45.492,1.435,-0.235
2021-08-19 16:52:45.496,1.84,-0.535
2021-08-19 16:52:45.500,1.675,-0.875
2021-08-19 16:52:45.504,0.805,-1.065
2021-08-19 16:52:45.508,-0.21,-0.865
2021-08-19 16:52:45.512,-0.975,-0.555
2021-08-19 16:52:45.516,-1.09,-0.53
2021-08-19 16:52:45.520,-0.96,-0.37
2021-08-19 16:52:45.524,-0.695,-0.235
2021-08-19 16:52:45.528,-0.565,-0.13
2021-08-19 16:52:45.532,-0.535,-0.05
2021-08-19 16:52:45.536,-0.51,-0.01
2021-08-19 16:52:45.540,-0.505,0.04
2021-08-19 16:52:45.544,-0.53,0.08
2021-08-19 16:52:45.548,-0.55,0.1
2021-08-19 16:52:45.552,-0.48,0.105
2021-08-19 16:52:45.556,-0.48,0.115
2021-08-19 16:52:45.560,-0.455,0.09
2021-08-19 16:52:45.564,-0.46,0.105
2021-08-19 16:52:45.568,-0.505,0.11
2021-08-19 16:52:45.572,-0.54,0.125
2021-08-19 16:52:45.576,-0.505,0.125
2021-08-19 16:52:45.580,-0.48,0.13
2021-08-19 16:52:45.584,-0.485,0.115
2021-08-19 16:52:45.588,-0.445,0.12
2021-08-19 16:52:45.592,-0.47,0.125
2021-08-19 16:52:45.596,-0.525,0.115
2021-08-19 16:52:45.600,-0.555,0.145
2021-08-19 16:52:45.604,-0.505,0.155
2021-08-19 16:52:45.608,-0.46,0.14
2021-08-19 16:52:45.612,-0.355,0.145
2021-08-19 16:52:45.616,-0.295,0.125
2021-08-19 16:52:45.620,-0.35,0.085
2021-08-19 16:52:45.624,-0.375,0.08
2021-08-19 16:52:45.628,-0.375,0.07
2021-08-19 16:52:45.632,-0.38,0.05
2021-08-19 16:52:45.636,-0.38,0.025
2021-08-19 16:52:45.640,-0.375,0.045
2021-08-19 16:52:45.644,-0.35,0.01
2021-08-19 16:52:45.648,-0.34,0.02
2021-08-19 16:52:45.652,-0.335,0.02
2021-08-19 16:52:45.656,-0.355,0.025
2021-08-19 16:52:45.660,-0.34,0.035
2021-08-19 16:52:45.664,-0.255,0.095
2021-08-19 16:52:45.668,-0.235,0.1
2021-08-19 16:52:45.672,-0.24,0.12
2021-08-19 16:52:45.676,-0.235,0.095
2021-08-19 16:52:45.680,-0.27,0.1
2021-08-19 16:52:45.684,-0.255,0.1
2021-08-19 16:52:45.688,-0.21,0.085
2021-08-19 16:52:45.692,-0.215,0.095
2021-08-19 16:52:45.696,-0.25,0.085
2021-08-19 16:52:45.700,-0.225,0.07
2021-08-19 16:52:45.704,-0.22,0.08
2021-08-19 16:52:45.708,-0.26,0.065
2021-08-19 16:52:45.712,-0.235,0.08
2021-08-19 16:52:45.716,-0.24,0.09
2021-08-19 16:52:45.720,-0.285,0.07
2021-08-19 16:52:45.724,-0.27,0.065
2021-08-19 16:52:45.728,-0.26,0.07
2021-08-19 16:52:45.732,-0.275,0.055
2021-08-19 16:52:45.736,-0.215,0.045
2021-08-19 16:52:45.740,-0.16,0.02
2021-08-19 16:52:45.744,-0.16,0.04
2021-08-19 16:52:45.748,-0.155,0.015
2021-08-19 16:52:45.752,-0.105,0.02
2021-08-19 16:52:45.756,-0.075,0.015
2021-08-19 16:52:45.760,-0.06,0.025
2021-08-19 16:52:45.764,-0.08,0.045
2021-08-19 16:52:45.768,-0.13,0.065
2021-08-19 16:52:45.772,-0.105,0.08
2021-08-19 16:52:45.776,-0.085,0.075
2021-08-19 16:52:45.780,-0.105,0.09
2021-08-19 16:52:45.784,-0.105,0.095
2021-08-19 16:52:45.788,-0.105,0.105
2021-08-19 16:52:45.792,-0.145,0.12
2021-08-19 16:52:45.796,-0.135,0.155
2021-08-19 16:52:45.800,-0.055,0.17
2021-08-19 16:52:45.804,-0.065,0.15
2021-08-19 16:52:45.808,-0.105,0.16
2021-08-19 16:52:45.812,-0.14,0.145
2021-08-19 16:52:45.816,-0.185,0.12
2021-08-19 16:52:45.820,-0.2,0.135
2021-08-19 16:52:45.824,-0.235,0.125
2021-08-19 16:52:45.828,-0.28,0.12
2021-08-19 16:52:45.832,-0.29,0.085
2021-08-19 16:52:45.836,-0.285,0.08
2021-08-19 16:52:45.840,-0.325,0.08
2021-08-19 16:52:45.844,-0.36,0.065
2021-08-19 16:52:45.848,-0.325,0.065
2021-08-19 16:52:45.852,-0.31,0.03
2021-08-19 16:52:45.856,-0.3,0.02
2021-08-19 16:52:45.860,-0.31,0.005
2021-08-19 16:52:45.864,-0.315,0.045
2021-08-19 16:52:45.868,-0.385,0.06
2021-08-19 16:52:45.872,-0.405,0.095
2021-08-19 16:52:45.876,-0.365,0.125
2021-08-19 16:52:45.880,-0.34,0.205
2021-08-19 16:52:45.884,-0.38,0.26
2021-08-19 16:52:45.888,-0.385,0.24
2021-08-19 16:52:45.892,-0.175,0.07
2021-08-19 16:52:45.896,0.495,-0.11
2021-08-19 16:52:45.900,1.16,-0.245
2021-08-19 16:52:45.904,1.725,-0.47
2021-08-19 16:52:45.908,1.885,-0.775
2021-08-19 16:52:45.912,1.38,-1.005
2021-08-19 16:52:45.916,0.385,-0.88
2021-08-19 16:52:45.920,-0.58,-0.53
2021-08-19 16:52:45.924,-0.855,-0.405
2021-08-19 16:52:45.928,-0.835,-0.28
2021-08-19 16:52:45.932,-0.595,-0.155
2021-08-19 16:52:45.936,-0.515,-0.1
2021-08-19 16:52:45.940,-0.46,-0.005
2021-08-19 16:52:45.944,-0.425,0.045
2021-08-19 16:52:45.948,-0.345,0.08
2021-08-19 16:52:45.952,-0.335,0.12
2021-08-19 16:52:45.956,-0.385,0.14
2021-08-19 16:52:45.960,-0.39,0.16
2021-08-19 16:52:45.964,-0.35,0.185
2021-08-19 16:52:45.968,-0.33,0.16
2021-08-19 16:52:45.972,-0.34,0.14
2021-08-19 16:52:45.976,-0.35,0.105
2021-08-19 16:52:45.980,-0.37,0.12
2021-08-19 16:52:45.984,-0.385,0.12
2021-08-19 16:52:45.988,-0.41,0.125
2021-08-19 16:52:45.992,-0.375,0.12
2021-08-19 16:52:45.996,-0.32,0.13
2021-08-19 16:52:46.000,-0.37,0.125
2021-08-19 16:52:46.004,-0.38,0.135
2021-08-19 16:52:46.008,-0.38,0.13
2021-08-19 16:52:46.012,-0.4,0.125
2021-08-19 16:52:46.016,-0.45,0.13
2021-08-19 16:52:46.020,-0.455,0.145
2021-08-19 16:52:46.024,-0.44,0.145
2021-08-19 16:52:46.028,-0.48,0.115
2021-08-19 16:52:46.032,-0.46,0.13
2021-08-19 16:52:46.036,-0.445,0.13
2021-08-19 16:52:46.040,-0.415,0.14
2021-08-19 16:52:46.044,-0.385,0.155
2021-08-19 16:52:46.048,-0.375,0.13
2021-08-19 16:52:46.052,-0.36,0.105
2021-08-19 16:52:46.056,-0.31,0.11
2021-08-19 16:52:46.060,-0.335,0.09
2021-08-19 16:52:46.064,-0.37,0.08
2021-08-19 16:52:46.068,-0.335,0.09
2021-08-19 16:52:46.072,-0.365,0.095
2021-08-19 16:52:46.076,-0.42,0.09
2021-08-19 16:52:46.080,-0.4,0.08
2021-08-19 16:52:46.084,-0.315,0.11
2021-08-19 16:52:46.088,-0.305,0.11
2021-08-19 16:52:46.092,-0.36,0.125
2021-08-19 16:52:46.096,-0.325,0.125
2021-08-19 16:52:46.100,-0.27,0.085
2021-08-19 16:52:46.104,-0.155,0.08
2021-08-19 16:52:46.108,-0.125,0.09
2021-08-19 16:52:46.112,-0.195,0.12
2021-08-19 16:52:46.116,-0.2,0.09
2021-08-19 16:52:46.120,-0.12,0.07
2021-08-19 16:52:46.124,-0.06,0.08
2021-08-19 16:52:46.128,-0.045,0.085
2021-08-19 16:52:46.132,0.035,0.095
2021-08-19 16:52:46.136,0.08,0.06
2021-08-19 16:52:46.140,0.095,0.07
2021-08-19 16:52:46.144,0.135,0.075
2021-08-19 16:52:46.148,0.13,0.085
2021-08-19 16:52:46.152,0.13,0.075
2021-08-19 16:52:46.156,0.155,0.1
2021-08-19 16:52:46.160,0.07,0.1
2021-08-19 16:52:46.164,-0.02,0.115
2021-08-19 16:52:46.168,-0.015,0.125
2021-08-19 16:52:46.172,-0.065,0.13
2021-08-19 16:52:46.176,-0.105,0.13
2021-08-19 16:52:46.180,-0.135,0.13
2021-08-19 16:52:46.184,-0.15,0.12
2021-08-19 16:52:46.188,-0.185,0.115
2021-08-19 16:52:46.192,-0.18,0.11
2021-08-19 16:52:46.196,-0.225,0.095
2021-08-19 16:52:46.200,-0.245,0.1
2021-08-19 16:52:46.204,-0.26,0.13
2021-08-19 16:52:46.208,-0.215,0.205
2021-08-19 16:52:46.212,-0.305,0.25
2021-08-19 16:52:46.216,-0.285,0.165
2021-08-19 16:52:46.220,0.08,-0.035
2021-08-19 16:52:46.224,0.7,-0.145
2021-08-19 16:52:46.228,1.335,-0.265
2021-08-19 16:52:46.232,1.81,-0.57
2021-08-19 16:52:46.236,1.785,-0.88
2021-08-19 16:52:46.240,1.23,-0.975
2021-08-19 16:52:46.244,0.415,-0.76
2021-08-19 16:52:46.248,-0.3,-0.555
2021-08-19 16:52:46.252,-0.55,-0.495
2021-08-19 16:52:46.256,-0.405,-0.27
2021-08-19 16:52:46.260,-0.24,-0.105
2021-08-19 16:52:46.264,-0.245,-0.05
2021-08-19 16:52:46.268,-0.285,-0.01
2021-08-19 16:52:46.272,-0.33,0.05
2021-08-19 16:52:46.276,-0.38,0.09
2021-08-19 16:52:46.280,-0.34,0.095
2021-08-19 16:52:46.284,-0.41,0.105
2021-08-19 16:52:46.288,-0.48,0.115
2021-08-19 16:52:46.292,-0.455,0.155
2021-08-19 16:52:46.296,-0.465,0.195
2021-08-19 16:52:46.300,-0.475,0.21
2021-08-19 16:52:46.304,-0.395,0.225
2021-08-19 16:52:46.308,-0.385,0.235
2021-08-19 16:52:46.312,-0.38,0.245
2021-08-19 16:52:46.316,-0.38,0.225
2021-08-19 16:52:46.320,-0.41,0.24
2021-08-19 16:52:46.324,-0.485,0.235
2021-08-19 16:52:46.328,-0.485,0.245
2021-08-19 16:52:46.332,-0.475,0.26
2021-08-19 16:52:46.336,-0.45,0.27
2021-08-19 16:52:46.340,-0.485,0.26
2021-08-19 16:52:46.344,-0.46,0.26
2021-08-19 16:52:46.348,-0.44,0.26
2021-08-19 16:52:46.352,-0.44,0.245
2021-08-19 16:52:46.356,-0.49,0.25
2021-08-19 16:52:46.360,-0.485,0.235
2021-08-19 16:52:46.364,-0.455,0.215
2021-08-19 16:52:46.368,-0.44,0.195
2021-08-19 16:52:46.372,-0.435,0.195
2021-08-19 16:52:46.376,-0.405,0.195
2021-08-19 16:52:46.380,-0.365,0.18
2021-08-19 16:52:46.384,-0.3,0.17
2021-08-19 16:52:46.388,-0.29,0.15
2021-08-19 16:52:46.392,-0.32,0.16
2021-08-19 16:52:46.396,-0.34,0.165
2021-08-19 16:52:46.400,-0.345,0.155
2021-08-19 16:52:46.404,-0.295,0.145
2021-08-19 16:52:46.408,-0.3,0.135
2021-08-19 16:52:46.412,-0.3,0.135
2021-08-19 16:52:46.416,-0.255,0.135
2021-08-19 16:52:46.420,-0.295,0.16
2021-08-19 16:52:46.424,-0.305,0.16
2021-08-19 16:52:46.428,-0.27,0.17
2021-08-19 16:52:46.432,-0.21,0.16
2021-08-19 16:52:46.436,-0.17,0.155
2021-08-19 16:52:46.440,-0.135,0.155
2021-08-19 16:52:46.444,-0.14,0.155
2021-08-19 16:52:46.448,-0.145,0.13
2021-08-19 16:52:46.452,-0.08,0.145
2021-08-19 16:52:46.456,-0.03,0.115
2021-08-19 16:52:46.460,0.01,0.12
2021-08-19 16:52:46.464,0.085,0.115
2021-08-19 16:52:46.468,0.115,0.105
2021-08-19 16:52:46.472,0.11,0.11
2021-08-19 16:52:46.476,0.085,0.105
2021-08-19 16:52:46.480,0.065,0.105
2021-08-19 16:52:46.484,0.045,0.15
2021-08-19 16:52:46.488,0.0,0.15
2021-08-19 16:52:46.492,-0.105,0.18
2021-08-19 16:52:46.496,-0.19,0.185
2021-08-19 16:52:46.500,0.025,-0.01
2021-08-19 16:52:46.504,0.61,-0.145
2021-08-19 16:52:46.508,1.21,-0.255
2021-08-19 16:52:46.512,1.71,-0.4
2021-08-19 16:52:46.516,1.835,-0.595
2021-08-19 16:52:46.520,1.385,-0.73
2021-08-19 16:52:46.524,0.555,-0.53
2021-08-19 16:52:46.528,-0.255,-0.13
2021-08-19 16:52:46.532,-0.485,-0.075
2021-08-19 16:52:46.536,-0.57,-0.1
2021-08-19 16:52:46.540,-0.42,-0.055
2021-08-19 16:52:46.544,-0.33,-0.035
2021-08-19 16:52:46.548,-0.3,0.025
2021-08-19 16:52:46.552,-0.365,0.05
2021-08-19 16:52:46.556,-0.435,0.085
2021-08-19 16:52:46.560,-0.455,0.095
2021-08-19 16:52:46.564,-0.465,0.125
2021-08-19 16:52:46.568,-0.49,0.135
2021-08-19 16:52:46.572,-0.52,0.145
2021-08-19 16:52:46.576,-0.52,0.155
2021-08-19 16:52:46.580,-0.54,0.135
2021-08-19 16:52:46.584,-0.57,0.16
2021-08-19 16:52:46.588,-0.56,0.185
2021-08-19 16:52:46.592,-0.58,0.165
2021-08-19 16:52:46.596,-0.565,0.155
2021-08-19 16:52:46.600,-0.52,0.185
2021-08-19 16:52:46.604,-0.545,0.185
2021-08-19 16:52:46.608,-0.56,0.2
2021-08-19 16:52:46.612,-0.55,0.215
2021-08-19 16:52:46.616,-0.56,0.2
2021-08-19 16:52:46.620,-0.57,0.235
2021-08-19 16:52:46.624,-0.525,0.225
2021-08-19 16:52:46.628,-0.5,0.255
2021-08-19 16:52:46.632,-0.49,0.21
2021-08-19 16:52:46.636,-0.445,0.21
2021-08-19 16:52:46.640,-0.43,0.205
2021-08-19 16:52:46.644,-0.405,0.195
2021-08-19 16:52:46.648,-0.34,0.16
2021-08-19 16:52:46.652,-0.31,0.175
2021-08-19 16:52:46.656,-0.305,0.155
2021-08-19 16:52:46.660,-0.295,0.175
2021-08-19 16:52:46.664,-0.29,0.175
2021-08-19 16:52:46.668,-0.26,0.15
2021-08-19 16:52:46.672,-0.225,0.14
2021-08-19 16:52:46.676,-0.285,0.12
2021-08-19 16:52:46.680,-0.31,0.135
2021-08-19 16:52:46.684,-0.29,0.15
2021-08-19 16:52:46.688,-0.31,0.17
2021-08-19 16:52:46.692,-0.305,0.135
2021-08-19 16:52:46.696,-0.275,0.125
2021-08-19 16:52:46.700,-0.255,0.145
2021-08-19 16:52:46.704,-0.29,0.135
2021-08-19 16:52:46.708,-0.27,0.105
2021-08-19 16:52:46.712,-0.25,0.105
2021-08-19 16:52:46.716,-0.26,0.08
2021-08-19 16:52:46.720,-0.2,0.06
2021-08-19 16:52:46.724,-0.155,0.055
2021-08-19 16:52:46.728,-0.09,0.055
2021-08-19 16:52:46.732,-0.005,0.04
2021-08-19 16:52:46.736,0.065,0.035
2021-08-19 16:52:46.740,0.06,0.055
2021-08-19 16:52:46.744,0.005,0.035
2021-08-19 16:52:46.748,0.015,0.055
2021-08-19 16:52:46.752,0.045,0.085
2021-08-19 16:52:46.756,0.09,0.085
2021-08-19 16:52:46.760,0.08,0.1
2021-08-19 16:52:46.764,-0.01,0.1
2021-08-19 16:52:46.768,-0.095,0.095
2021-08-19 16:52:46.772,-0.095,0.09
2021-08-19 16:52:46.776,-0.11,0.095
2021-08-19 16:52:46.780,-0.115,0.09
2021-08-19 16:52:46.784,-0.045,0.1
2021-08-19 16:52:46.788,-0.05,0.105
2021-08-19 16:52:46.792,-0.065,0.085
2021-08-19 16:52:46.796,-0.07,0.09
2021-08-19 16:52:46.800,-0.135,0.1
2021-08-19 16:52:46.804,-0.21,0.11
2021-08-19 16:52:46.808,-0.21,0.1
2021-08-19 16:52:46.812,-0.21,0.095
2021-08-19 16:52:46.816,-0.205,0.115
2021-08-19 16:52:46.820,-0.185,0.13
2021-08-19 16:52:46.824,-0.17,0.11
2021-08-19 16:52:46.828,-0.215,0.115
2021-08-19 16:52:46.832,-0.225,0.115
2021-08-19 16:52:46.836,-0.23,0.115
2021-08-19 16:52:46.840,-0.26,0.115
2021-08-19 16:52:46.844,-0.28,0.12
2021-08-19 16:52:46.848,-0.26,0.12
2021-08-19 16:52:46.852,-0.25,0.1
2021-08-19 16:52:46.856,-0.23,0.125
2021-08-19 16:52:46.860,-0.2,0.11
2021-08-19 16:52:46.864,-0.215,0.115
2021-08-19 16:52:46.868,-0.205,0.12
2021-08-19 16:52:46.872,-0.235,0.145
2021-08-19 16:52:46.876,-0.27,0.16
2021-08-19 16:52:46.880,-0.31,0.155
2021-08-19 16:52:46.884,-0.255,0.155
2021-08-19 16:52:46.888,-0.245,0.125
2021-08-19 16:52:46.892,-0.235,0.08
2021-08-19 16:52:46.896,-0.24,0.08
2021-08-19 16:52:46.900,-0.22,0.05
2021-08-19 16:52:46.904,-0.255,0.06
2021-08-19 16:52:46.908,-0.255,0.09
2021-08-19 16:52:46.912,-0.275,0.09
2021-08-19 16:52:46.916,-0.32,0.1
2021-08-19 16:52:46.920,-0.305,0.085
2021-08-19 16:52:46.924,-0.315,0.06
2021-08-19 16:52:46.928,-0.34,0.02
2021-08-19 16:52:46.932,-0.36,0.045
2021-08-19 16:52:46.936,-0.43,0.07
2021-08-19 16:52:46.940,-0.505,0.12
2021-08-19 16:52:46.944,-0.495,0.13
2021-08-19 16:52:46.948,-0.5,0.15
2021-08-19 16:52:46.952,-0.465,0.155
2021-08-19 16:52:46.956,-0.4,0.14
2021-08-19 16:52:46.960,-0.42,0.145
2021-08-19 16:52:46.964,-0.415,0.13
2021-08-19 16:52:46.968,-0.42,0.15
2021-08-19 16:52:46.972,-0.395,0.155
2021-08-19 16:52:46.976,-0.4,0.14
2021-08-19 16:52:46.980,-0.37,0.125
2021-08-19 16:52:46.984,-0.38,0.13
2021-08-19 16:52:46.988,-0.42,0.155
2021-08-19 16:52:46.992,-0.435,0.145
2021-08-19 16:52:46.996,-0.405,0.16
2021-08-19 16:52:47.000,-0.43,0.155
2021-08-19 16:52:47.004,-0.44,0.145
2021-08-19 16:52:47.008,-0.45,0.17
2021-08-19 16:52:47.012,-0.44,0.175
2021-08-19 16:52:47.016,-0.42,0.16
2021-08-19 16:52:47.020,-0.4,0.15
2021-08-19 16:52:47.024,-0.435,0.14
2021-08-19 16:52:47.028,-0.415,0.145
2021-08-19 16:52:47.032,-0.355,0.18
2021-08-19 16:52:47.036,-0.395,0.18
2021-08-19 16:52:47.040,-0.47,0.165
2021-08-19 16:52:47.044,-0.445,0.14
2021-08-19 16:52:47.048,-0.37,0.11
2021-08-19 16:52:47.052,-0.37,0.09
2021-08-19 16:52:47.056,-0.325,0.085
2021-08-19 16:52:47.060,-0.325,0.07
2021-08-19 16:52:47.064,-0.375,0.03
2021-08-19 16:52:47.068,-0.39,0.05
2021-08-19 16:52:47.072,-0.4,0.055
2021-08-19 16:52:47.076,-0.385,0.075
2021-08-19 16:52:47.080,-0.35,0.065
2021-08-19 16:52:47.084,-0.33,0.03
2021-08-19 16:52:47.088,-0.335,0.025
2021-08-19 16:52:47.092,-0.21,0.075
2021-08-19 16:52:47.096,-0.26,0.095
2021-08-19 16:52:47.100,-0.405,0.105
2021-08-19 16:52:47.104,-0.425,0.095
2021-08-19 16:52:47.108,-0.46,0.11
2021-08-19 16:52:47.112,-0.37,0.105
2021-08-19 16:52:47.116,-0.29,0.09
2021-08-19 16:52:47.120,-0.37,0.08
2021-08-19 16:52:47.124,-0.455,0.05
2021-08-19 16:52:47.128,-0.5,0.085
2021-08-19 16:52:47.132,-0.495,0.12
2021-08-19 16:52:47.136,-0.515,0.145
2021-08-19 16:52:47.140,-0.515,0.185
2021-08-19 16:52:47.144,-0.465,0.15
2021-08-19 16:52:47.148,-0.29,0.015
2021-08-19 16:52:47.152,0.035,-0.16
2021-08-19 16:52:47.156,0.545,-0.27
2021-08-19 16:52:47.160,1.13,-0.48
2021-08-19 16:52:47.164,1.575,-0.79
2021-08-19 16:52:47.168,1.455,-0.985
2021-08-19 16:52:47.172,0.635,-0.965
2021-08-19 16:52:47.176,-0.05,-0.515
2021-08-19 16:52:47.180,-0.65,-0.1
2021-08-19 16:52:47.184,-0.845,0.03
2021-08-19 16:52:47.188,-0.685,0.035
2021-08-19 16:52:47.192,-0.535,-0.05
2021-08-19 16:52:47.196,-0.53,-0.04
2021-08-19 16:52:47.200,-0.465,0.0
2021-08-19 16:52:47.204,-0.43,0.055
2021-08-19 16:52:47.208,-0.485,0.08
2021-08-19 16:52:47.212,-0.49,0.105
2021-08-19 16:52:47.216,-0.52,0.13
2021-08-19 16:52:47.220,-0.56,0.14
2021-08-19 16:52:47.224,-0.475,0.13
2021-08-19 16:52:47.228,-0.325,0.1
2021-08-19 16:52:47.232,-0.32,0.065
2021-08-19 16:52:47.236,-0.365,0.05
2021-08-19 16:52:47.240,-0.46,0.055
2021-08-19 16:52:47.244,-0.48,0.07
2021-08-19 16:52:47.248,-0.49,0.055
2021-08-19 16:52:47.252,-0.49,0.045
2021-08-19 16:52:47.256,-0.455,0.055
2021-08-19 16:52:47.260,-0.455,0.055
2021-08-19 16:52:47.264,-0.48,0.085
2021-08-19 16:52:47.268,-0.54,0.075
2021-08-19 16:52:47.272,-0.595,0.055
2021-08-19 16:52:47.276,-0.6,0.035
2021-08-19 16:52:47.280,-0.485,0.075
2021-08-19 16:52:47.284,-0.455,0.06
2021-08-19 16:52:47.288,-0.51,0.06
2021-08-19 16:52:47.292,-0.55,0.035
2021-08-19 16:52:47.296,-0.615,0.04
2021-08-19 16:52:47.300,-0.555,0.055
2021-08-19 16:52:47.304,-0.49,0.03
2021-08-19 16:52:47.308,-0.42,-0.005
2021-08-19 16:52:47.312,-0.49,0.035
2021-08-19 16:52:47.316,-0.51,0.06
2021-08-19 16:52:47.320,-0.515,0.06
2021-08-19 16:52:47.324,-0.425,0.025
2021-08-19 16:52:47.328,-0.355,0.02
2021-08-19 16:52:47.332,-0.39,0.03
2021-08-19 16:52:47.336,-0.5,0.075
2021-08-19 16:52:47.340,-0.56,0.08
2021-08-19 16:52:47.344,-0.48,0.08
2021-08-19 16:52:47.348,-0.48,0.06
2021-08-19 16:52:47.352,-0.455,0.06
2021-08-19 16:52:47.356,-0.5,0.06
2021-08-19 16:52:47.360,-0.575,0.07
2021-08-19 16:52:47.364,-0.525,0.085
2021-08-19 16:52:47.368,-0.515,0.06
2021-08-19 16:52:47.372,-0.525,0.035
2021-08-19 16:52:47.376,-0.505,0.045
2021-08-19 16:52:47.380,-0.525,0.04
2021-08-19 16:52:47.384,-0.495,0.05
2021-08-19 16:52:47.388,-0.48,0.045
2021-08-19 16:52:47.392,-0.44,-0.015
2021-08-19 16:52:47.396,-0.41,-0.025
2021-08-19 16:52:47.400,-0.38,-0.025
2021-08-19 16:52:47.404,-0.375,-0.08
2021-08-19 16:52:47.408,-0.435,-0.08
2021-08-19 16:52:47.412,-0.43,-0.09
2021-08-19 16:52:47.416,-0.39,-0.14
2021-08-19 16:52:47.420,-0.295,-0.175
2021-08-19 16:52:47.424,-0.29,-0.155
2021-08-19 16:52:47.428,-0.21,-0.16
2021-08-19 16:52:47.432,-0.245,-0.155
2021-08-19 16:52:47.436,-0.205,-0.175
2021-08-19 16:52:47.440,-0.19,-0.16
2021-08-19 16:52:47.444,-0.17,-0.17
2021-08-19 16:52:47.448,-0.05,-0.16
2021-08-19 16:52:47.452,-0.095,-0.145
2021-08-19 16:52:47.456,-0.15,-0.105
2021-08-19 16:52:47.460,-0.21,-0.095
2021-08-19 16:52:47.464,-0.19,-0.07
2021-08-19 16:52:47.468,-0.205,-0.07
2021-08-19 16:52:47.472,-0.175,-0.045
2021-08-19 16:52:47.476,-0.15,-0.015
2021-08-19 16:52:47.480,-0.165,-0.005
2021-08-19 16:52:47.484,-0.185,-0.005
2021-08-19 16:52:47.488,-0.19,0.0
2021-08-19 16:52:47.492,-0.175,-0.005
2021-08-19 16:52:47.496,-0.17,0.025
2021-08-19 16:52:47.500,-0.195,0.03
2021-08-19 16:52:47.504,-0.18,0.005
2021-08-19 16:52:47.508,-0.205,0.02
2021-08-19 16:52:47.512,-0.145,0.03
2021-08-19 16:52:47.516,-0.095,0.0
2021-08-19 16:52:47.520,-0.07,0.03
2021-08-19 16:52:47.524,-0.06,0.035
2021-08-19 16:52:47.528,-0.095,0.035
2021-08-19 16:52:47.532,-0.065,0.025
2021-08-19 16:52:47.536,0.01,0.08
2021-08-19 16:52:47.540,-0.02,0.115
2021-08-19 16:52:47.544,-0.04,0.07
2021-08-19 16:52:47.548,0.21,-0.105
2021-08-19 16:52:47.552,0.845,-0.26
2021-08-19 16:52:47.556,1.47,-0.36
2021-08-19 16:52:47.560,1.905,-0.54
2021-08-19 16:52:47.564,1.975,-0.775
2021-08-19 16:52:47.568,1.41,-0.89
2021-08-19 16:52:47.572,0.375,-0.61
2021-08-19 16:52:47.576,-0.47,-0.1
2021-08-19 16:52:47.580,-0.795,0.065
2021-08-19 16:52:47.584,-0.76,0.185
2021-08-19 16:52:47.588,-0.695,0.325
2021-08-19 16:52:47.592,-0.875,0.385
2021-08-19 16:52:47.596,-0.945,0.515
2021-08-19 16:52:47.600,-0.99,0.66
2021-08-19 16:52:47.604,-0.975,0.7
2021-08-19 16:52:47.608,-0.995,0.7
2021-08-19 16:52:47.612,-0.995,0.705
2021-08-19 16:52:47.616,-0.95,0.68
2021-08-19 16:52:47.620,-0.875,0.625
2021-08-19 16:52:47.624,-0.765,0.565
2021-08-19 16:52:47.628,-0.655,0.51
2021-08-19 16:52:47.632,-0.505,0.385
2021-08-19 16:52:47.636,-0.375,0.275
2021-08-19 16:52:47.640,-0.325,0.18
2021-08-19 16:52:47.644,-0.315,0.135
2021-08-19 16:52:47.648,-0.3,0.115
2021-08-19 16:52:47.652,-0.295,0.085
2021-08-19 16:52:47.656,-0.28,0.08
2021-08-19 16:52:47.660,-0.27,0.08
2021-08-19 16:52:47.664,-0.285,0.07
2021-08-19 16:52:47.668,-0.295,0.085
2021-08-19 16:52:47.672,-0.235,0.075
2021-08-19 16:52:47.676,-0.23,0.07
2021-08-19 16:52:47.680,-0.23,0.055
2021-08-19 16:52:47.684,-0.195,0.055
2021-08-19 16:52:47.688,-0.205,0.035
2021-08-19 16:52:47.692,-0.195,0.025
2021-08-19 16:52:47.696,-0.185,0.025
2021-08-19 16:52:47.700,-0.17,0.02
2021-08-19 16:52:47.704,-0.125,0.015
2021-08-19 16:52:47.708,-0.08,-0.005
2021-08-19 16:52:47.712,-0.06,-0.005
2021-08-19 16:52:47.716,-0.09,-0.015
2021-08-19 16:52:47.720,-0.025,-0.04
2021-08-19 16:52:47.724,0.0,-0.015
2021-08-19 16:52:47.728,0.05,-0.025
2021-08-19 16:52:47.732,0.115,-0.04
2021-08-19 16:52:47.736,0.17,-0.04
2021-08-19 16:52:47.740,0.185,-0.055
2021-08-19 16:52:47.744,0.23,-0.045
2021-08-19 16:52:47.748,0.315,-0.025
2021-08-19 16:52:47.752,0.345,-0.05
2021-08-19 16:52:47.756,0.39,-0.025
2021-08-19 16:52:47.760,0.4,-0.04
2021-08-19 16:52:47.764,0.375,-0.025
2021-08-19 16:52:47.768,0.415,-0.025
2021-08-19 16:52:47.772,0.415,-0.045
2021-08-19 16:52:47.776,0.42,-0.075
2021-08-19 16:52:47.780,0.435,-0.09
2021-08-19 16:52:47.784,0.44,-0.12
2021-08-19 16:52:47.788,0.465,-0.135
2021-08-19 16:52:47.792,0.48,-0.15
2021-08-19 16:52:47.796,0.49,-0.15
2021-08-19 16:52:47.800,0.425,-0.155
2021-08-19 16:52:47.804,0.38,-0.16
2021-08-19 16:52:47.808,0.39,-0.175
2021-08-19 16:52:47.812,0.35,-0.18
2021-08-19 16:52:47.816,0.33,-0.165
2021-08-19 16:52:47.820,0.315,-0.16
2021-08-19 16:52:47.824,0.275,-0.16
2021-08-19 16:52:47.828,0.245,-0.155
2021-08-19 16:52:47.832,0.26,-0.125
2021-08-19 16:52:47.836,0.245,-0.13
2021-08-19 16:52:47.840,0.185,-0.115
2021-08-19 16:52:47.844,0.155,-0.105
2021-08-19 16:52:47.848,0.115,-0.085
2021-08-19 16:52:47.852,0.055,-0.075
2021-08-19 16:52:47.856,0.105,-0.065
2021-08-19 16:52:47.860,0.1,-0.055
2021-08-19 16:52:47.864,0.045,-0.05
2021-08-19 16:52:47.868,0.055,-0.025
2021-08-19 16:52:47.872,0.07,-0.005
2021-08-19 16:52:47.876,0.05,-0.015
2021-08-19 16:52:47.880,0.025,0.015
2021-08-19 16:52:47.884,0.055,-0.01
2021-08-19 16:52:47.888,0.075,-0.02
2021-08-19 16:52:47.892,0.115,0.015
2021-08-19 16:52:47.896,0.095,0.055
2021-08-19 16:52:47.900,0.015,0.06
2021-08-19 16:52:47.904,-0.05,0.06
2021-08-19 16:52:47.908,-0.005,0.06
2021-08-19 16:52:47.912,0.015,0.06
2021-08-19 16:52:47.916,0.04,0.06
2021-08-19 16:52:47.920,-0.015,0.06
2021-08-19 16:52:47.924,-0.08,0.045
2021-08-19 16:52:47.928,-0.105,0.075
2021-08-19 16:52:47.932,-0.11,0.085
2021-08-19 16:52:47.936,-0.07,0.06
2021-08-19 16:52:47.940,-0.06,0.045
2021-08-19 16:52:47.944,-0.045,0.04
2021-08-19 16:52:47.948,-0.06,0.04
2021-08-19 16:52:47.952,-0.065,0.035
2021-08-19 16:52:47.956,-0.055,0.05
2021-08-19 16:52:47.960,-0.14,0.065
2021-08-19 16:52:47.964,-0.2,0.095
2021-08-19 16:52:47.968,-0.225,0.095
2021-08-19 16:52:47.972,-0.225,0.1
2021-08-19 16:52:47.976,-0.235,0.095
2021-08-19 16:52:47.980,-0.19,0.11
2021-08-19 16:52:47.984,-0.14,0.095
2021-08-19 16:52:47.988,-0.135,0.085
2021-08-19 16:52:47.992,-0.11,0.095
2021-08-19 16:52:47.996,-0.095,0.105
2021-08-19 16:52:48.000,-0.105,0.14
2021-08-19 16:52:48.004,-0.12,0.155
2021-08-19 16:52:48.008,-0.185,0.17
2021-08-19 16:52:48.012,-0.205,0.165
2021-08-19 16:52:48.016,-0.16,0.165
2021-08-19 16:52:48.020,-0.18,0.145
2021-08-19 16:52:48.024,-0.21,0.14
2021-08-19 16:52:48.028,-0.17,0.125
2021-08-19 16:52:48.032,-0.07,0.155
2021-08-19 16:52:48.036,-0.045,0.145
2021-08-19 16:52:48.040,-0.04,0.145
2021-08-19 16:52:48.044,-0.135,0.165
2021-08-19 16:52:48.048,-0.21,0.17
2021-08-19 16:52:48.052,-0.19,0.18
2021-08-19 16:52:48.056,-0.175,0.18
2021-08-19 16:52:48.060,-0.165,0.175
2021-08-19 16:52:48.064,-0.13,0.165
2021-08-19 16:52:48.068,-0.075,0.16
2021-08-19 16:52:48.072,-0.05,0.14
2021-08-19 16:52:48.076,-0.06,0.13
2021-08-19 16:52:48.080,-0.095,0.115
2021-08-19 16:52:48.084,-0.13,0.13
2021-08-19 16:52:48.088,-0.145,0.11
2021-08-19 16:52:48.092,-0.13,0.115
2021-08-19 16:52:48.096,-0.125,0.12
2021-08-19 16:52:48.100,-0.09,0.125
2021-08-19 16:52:48.104,-0.105,0.12
2021-08-19 16:52:48.108,-0.16,0.115
2021-08-19 16:52:48.112,-0.15,0.11
2021-08-19 16:52:48.116,-0.105,0.105
2021-08-19 16:52:48.120,-0.145,0.09
2021-08-19 16:52:48.124,-0.185,0.1
2021-08-19 16:52:48.128,-0.225,0.105
2021-08-19 16:52:48.132,-0.255,0.1
2021-08-19 16:52:48.136,-0.28,0.115
2021-08-19 16:52:48.140,-0.22,0.115
2021-08-19 16:52:48.144,-0.195,0.07
2021-08-19 16:52:48.148,-0.165,0.065
2021-08-19 16:52:48.152,-0.135,0.065
2021-08-19 16:52:48.156,-0.185,0.075
2021-08-19 16:52:48.160,-0.185,0.065
2021-08-19 16:52:48.164,-0.155,0.075
2021-08-19 16:52:48.168,-0.165,0.125
2021-08-19 16:52:48.172,-0.175,0.18
2021-08-19 16:52:48.176,-0.18,0.255
2021-08-19 16:52:48.180,-0.17,0.25
2021-08-19 16:52:48.184,0.0,0.095
2021-08-19 16:52:48.188,0.465,-0.07
2021-08-19 16:52:48.192,1.05,-0.175
2021-08-19 16:52:48.196,1.625,-0.37
2021-08-19 16:52:48.200,1.905,-0.69
2021-08-19 16:52:48.204,1.52,-0.99
2021-08-19 16:52:48.208,0.73,-0.95
2021-08-19 16:52:48.212,-0.155,-0.555
2021-08-19 16:52:48.216,-0.65,-0.345
2021-08-19 16:52:48.220,-0.67,-0.305
2021-08-19 16:52:48.224,-0.435,-0.14
2021-08-19 16:52:48.228,-0.29,-0.115
2021-08-19 16:52:48.232,-0.265,-0.025
2021-08-19 16:52:48.236,-0.23,0.02
2021-08-19 16:52:48.240,-0.21,0.065
2021-08-19 16:52:48.244,-0.165,0.11
2021-08-19 16:52:48.248,-0.14,0.145
2021-08-19 16:52:48.252,-0.11,0.155
2021-08-19 16:52:48.256,-0.085,0.14
2021-08-19 16:52:48.260,-0.105,0.135
2021-08-19 16:52:48.264,-0.16,0.14
2021-08-19 16:52:48.268,-0.23,0.145
2021-08-19 16:52:48.272,-0.23,0.125
2021-08-19 16:52:48.276,-0.165,0.13
2021-08-19 16:52:48.280,-0.16,0.115
2021-08-19 16:52:48.284,-0.175,0.11
2021-08-19 16:52:48.288,-0.13,0.09
2021-08-19 16:52:48.292,-0.14,0.08
2021-08-19 16:52:48.296,-0.135,0.095
2021-08-19 16:52:48.300,-0.15,0.15
2021-08-19 16:52:48.304,-0.155,0.15
2021-08-19 16:52:48.308,-0.145,0.155
2021-08-19 16:52:48.312,-0.075,0.18
2021-08-19 16:52:48.316,-0.08,0.165
2021-08-19 16:52:48.320,-0.13,0.175
2021-08-19 16:52:48.324,-0.1,0.175
2021-08-19 16:52:48.328,-0.09,0.185
2021-08-19 16:52:48.332,-0.085,0.19
2021-08-19 16:52:48.336,-0.075,0.185
2021-08-19 16:52:48.340,-0.1,0.18
2021-08-19 16:52:48.344,-0.125,0.155
2021-08-19 16:52:48.348,-0.07,0.175
2021-08-19 16:52:48.352,-0.05,0.155
2021-08-19 16:52:48.356,-0.02,0.145
2021-08-19 16:52:48.360,0.02,0.14
2021-08-19 16:52:48.364,0.0,0.13
2021-08-19 16:52:48.368,-0.07,0.145
2021-08-19 16:52:48.372,-0.065,0.145
2021-08-19 16:52:48.376,-0.065,0.15
2021-08-19 16:52:48.380,-0.085,0.15
2021-08-19 16:52:48.384,-0.075,0.14
2021-08-19 16:52:48.388,-0.04,0.155
2021-08-19 16:52:48.392,-0.075,0.15
2021-08-19 16:52:48.396,-0.105,0.145
2021-08-19 16:52:48.400,-0.115,0.15
2021-08-19 16:52:48.404,-0.14,0.125
2021-08-19 16:52:48.408,-0.125,0.1
2021-08-19 16:52:48.412,-0.1,0.115
2021-08-19 16:52:48.416,-0.125,0.105
2021-08-19 16:52:48.420,-0.165,0.115
2021-08-19 16:52:48.424,-0.245,0.12
2021-08-19 16:52:48.428,-0.305,0.13
2021-08-19 16:52:48.432,-0.31,0.105
2021-08-19 16:52:48.436,-0.295,0.06
2021-08-19 16:52:48.440,-0.285,0.005
2021-08-19 16:52:48.444,-0.25,0.0
2021-08-19 16:52:48.448,-0.22,0.035
2021-08-19 16:52:48.452,-0.17,0.06
2021-08-19 16:52:48.456,-0.11,0.08
2021-08-19 16:52:48.460,-0.035,0.08
2021-08-19 16:52:48.464,0.01,0.07
2021-08-19 16:52:48.468,0.03,0.075
2021-08-19 16:52:48.472,0.075,0.075
2021-08-19 16:52:48.476,0.065,0.075
2021-08-19 16:52:48.480,0.145,0.06
2021-08-19 16:52:48.484,0.145,0.07
2021-08-19 16:52:48.488,0.1,0.09
2021-08-19 16:52:48.492,0.13,0.085
2021-08-19 16:52:48.496,0.125,0.095
2021-08-19 16:52:48.500,0.105,0.08
2021-08-19 16:52:48.504,0.11,0.08
2021-08-19 16:52:48.508,0.105,0.105
2021-08-19 16:52:48.512,0.075,0.095
2021-08-19 16:52:48.516,0.025,0.11
2021-08-19 16:52:48.520,0.03,0.12
2021-08-19 16:52:48.524,0.025,0.12
2021-08-19 16:52:48.528,0.055,0.115
2021-08-19 16:52:48.532,0.065,0.11
2021-08-19 16:52:48.536,0.005,0.13
2021-08-19 16:52:48.540,0.01,0.11
2021-08-19 16:52:48.544,0.035,0.11
2021-08-19 16:52:48.548,-0.015,0.13
2021-08-19 16:52:48.552,-0.025,0.125
2021-08-19 16:52:48.556,0.01,0.12
2021-08-19 16:52:48.560,0.025,0.1
2021-08-19 16:52:48.564,0.05,0.11
2021-08-19 16:52:48.568,0.11,0.095
2021-08-19 16:52:48.572,0.125,0.1
2021-08-19 16:52:48.576,0.165,0.085
2021-08-19 16:52:48.580,0.205,0.085
2021-08-19 16:52:48.584,0.175,0.08
2021-08-19 16:52:48.588,0.155,0.06
2021-08-19 16:52:48.592,0.195,0.095
2021-08-19 16:52:48.596,0.21,0.145
2021-08-19 16:52:48.600,0.215,0.195
2021-08-19 16:52:48.604,0.225,0.18
2021-08-19 16:52:48.608,0.36,0.0
2021-08-19 16:52:48.612,0.82,-0.235
2021-08-19 16:52:48.616,1.385,-0.375
2021-08-19 16:52:48.620,1.81,-0.625
2021-08-19 16:52:48.624,1.93,-0.905
2021-08-19 16:52:48.628,1.38,-1.045
2021-08-19 16:52:48.632,0.46,-0.73
2021-08-19 16:52:48.636,-0.14,-0.15
2021-08-19 16:52:48.640,-0.235,-0.06
2021-08-19 16:52:48.644,-0.2,-0.05
2021-08-19 16:52:48.648,-0.19,-0.065
2021-08-19 16:52:48.652,-0.13,-0.09
2021-08-19 16:52:48.656,-0.035,0.0
2021-08-19 16:52:48.660,0.025,0.1
2021-08-19 16:52:48.664,0.03,0.135
2021-08-19 16:52:48.668,0.04,0.14
2021-08-19 16:52:48.672,-0.015,0.135
2021-08-19 16:52:48.676,-0.02,0.15
2021-08-19 16:52:48.680,-0.03,0.16
2021-08-19 16:52:48.684,-0.07,0.135
2021-08-19 16:52:48.688,-0.065,0.12
2021-08-19 16:52:48.692,-0.08,0.125
2021-08-19 16:52:48.696,-0.125,0.13
2021-08-19 16:52:48.700,-0.13,0.12
2021-08-19 16:52:48.704,-0.13,0.105
2021-08-19 16:52:48.708,-0.15,0.09
2021-08-19 16:52:48.712,-0.15,0.1
2021-08-19 16:52:48.716,-0.135,0.085
2021-08-19 16:52:48.720,-0.145,0.095
2021-08-19 16:52:48.724,-0.105,0.1
2021-08-19 16:52:48.728,-0.08,0.1
2021-08-19 16:52:48.732,-0.085,0.1
2021-08-19 16:52:48.736,-0.075,0.085
2021-08-19 16:52:48.740,-0.01,0.1
2021-08-19 16:52:48.744,-0.01,0.1
2021-08-19 16:52:48.748,0.03,0.12
2021-08-19 16:52:48.752,0.085,0.08
2021-08-19 16:52:48.756,0.085,0.065
2021-08-19 16:52:48.760,0.1,0.06
2021-08-19 16:52:48.764,0.075,0.045
2021-08-19 16:52:48.768,0.085,0.045
2021-08-19 16:52:48.772,0.1,0.05
2021-08-19 16:52:48.776,0.095,0.045
2021-08-19 16:52:48.780,0.07,0.035
2021-08-19 16:52:48.784,0.06,0.01
2021-08-19 16:52:48.788,0.12,0.025
2021-08-19 16:52:48.792,0.135,0.0
2021-08-19 16:52:48.796,0.115,-0.01
2021-08-19 16:52:48.800,0.105,0.0
2021-08-19 16:52:48.804,0.12,-0.02
2021-08-19 16:52:48.808,0.175,-0.03
2021-08-19 16:52:48.812,0.22,-0.055
2021-08-19 16:52:48.816,0.145,-0.055
2021-08-19 16:52:48.820,0.065,-0.06
2021-08-19 16:52:48.824,0.1,-0.06
2021-08-19 16:52:48.828,0.14,-0.1
2021-08-19 16:52:48.832,0.155,-0.11
2021-08-19 16:52:48.836,0.185,-0.11
2021-08-19 16:52:48.840,0.175,-0.11
2021-08-19 16:52:48.844,0.23,-0.16
2021-08-19 16:52:48.848,0.285,-0.135
2021-08-19 16:52:48.852,0.345,-0.12
2021-08-19 16:52:48.856,0.33,-0.095
2021-08-19 16:52:48.860,0.275,-0.08
2021-08-19 16:52:48.864,0.175,-0.05
2021-08-19 16:52:48.868,0.145,-0.04
2021-08-19 16:52:48.872,0.195,0.01
2021-08-19 16:52:48.876,0.25,0.03
2021-08-19 16:52:48.880,0.245,0.035
2021-08-19 16:52:48.884,0.25,0.055
2021-08-19 16:52:48.888,0.24,0.065
2021-08-19 16:52:48.892,0.24,0.03
2021-08-19 16:52:48.896,0.205,0.04
2021-08-19 16:52:48.900,0.16,0.08
2021-08-19 16:52:48.904,0.125,0.06
2021-08-19 16:52:48.908,0.08,0.05
2021-08-19 16:52:48.912,0.08,0.05
2021-08-19 16:52:48.916,0.095,0.035
2021-08-19 16:52:48.920,0.125,0.045
2021-08-19 16:52:48.924,0.095,0.04
2021-08-19 16:52:48.928,0.02,0.035
2021-08-19 16:52:48.932,-0.01,0.03
2021-08-19 16:52:48.936,0.04,0.035
2021-08-19 16:52:48.940,0.04,0.045
2021-08-19 16:52:48.944,0.07,0.03
2021-08-19 16:52:48.948,0.1,0.035
2021-08-19 16:52:48.952,0.1,0.03
2021-08-19 16:52:48.956,0.05,0.025
2021-08-19 16:52:48.960,0.045,0.015
2021-08-19 16:52:48.964,-0.02,0.0
2021-08-19 16:52:48.968,-0.005,0.015
2021-08-19 16:52:48.972,0.03,0.03
2021-08-19 16:52:48.976,0.0,0.01
2021-08-19 16:52:48.980,-0.05,0.0
2021-08-19 16:52:48.984,-0.08,0.01
2021-08-19 16:52:48.988,-0.065,0.025
2021-08-19 16:52:48.992,-0.075,0.01
2021-08-19 16:52:48.996,-0.035,-0.02
2021-08-19 16:52:49.000,-0.01,-0.03
2021-08-19 16:52:49.004,-0.035,-0.04
2021-08-19 16:52:49.008,-0.04,-0.02
2021-08-19 16:52:49.012,-0.105,-0.03
2021-08-19 16:52:49.016,-0.14,-0.01
2021-08-19 16:52:49.020,-0.09,-0.01
2021-08-19 16:52:49.024,-0.025,-0.015
2021-08-19 16:52:49.028,0.005,-0.025
2021-08-19 16:52:49.032,0.0,-0.015
2021-08-19 16:52:49.036,-0.03,-0.02
2021-08-19 16:52:49.040,-0.05,0.005
2021-08-19 16:52:49.044,-0.03,0.025
2021-08-19 16:52:49.048,-0.015,0.035
2021-08-19 16:52:49.052,0.0,0.05
2021-08-19 16:52:49.056,0.035,0.06
2021-08-19 16:52:49.060,-0.01,0.07
2021-08-19 16:52:49.064,-0.08,0.065
2021-08-19 16:52:49.068,-0.085,0.075
2021-08-19 16:52:49.072,-0.125,0.08
2021-08-19 16:52:49.076,-0.135,0.08
2021-08-19 16:52:49.080,-0.1,0.09
2021-08-19 16:52:49.084,-0.045,0.07
2021-08-19 16:52:49.088,-0.02,0.08
2021-08-19 16:52:49.092,-0.03,0.08
2021-08-19 16:52:49.096,-0.055,0.075
2021-08-19 16:52:49.100,-0.06,0.08
2021-08-19 16:52:49.104,-0.04,0.075
2021-08-19 16:52:49.108,-0.05,0.1
2021-08-19 16:52:49.112,-0.095,0.135
2021-08-19 16:52:49.116,-0.135,0.205
2021-08-19 16:52:49.120,-0.155,0.225
2021-08-19 16:52:49.124,0.015,0.075
2021-08-19 16:52:49.128,0.405,-0.125
2021-08-19 16:52:49.132,0.975,-0.26
2021-08-19 16:52:49.136,1.545,-0.45
2021-08-19 16:52:49.140,1.87,-0.79
2021-08-19 16:52:49.144,1.49,-1.135
2021-08-19 16:52:49.148,0.66,-1.15
2021-08-19 16:52:49.152,-0.07,-0.79
2021-08-19 16:52:49.156,-0.565,-0.48
2021-08-19 16:52:49.160,-0.57,-0.39
2021-08-19 16:52:49.164,-0.45,-0.27
2021-08-19 16:52:49.168,-0.285,-0.24
2021-08-19 16:52:49.172,-0.215,-0.18
2021-08-19 16:52:49.176,-0.21,-0.095
2021-08-19 16:52:49.180,-0.16,-0.07
2021-08-19 16:52:49.184,-0.135,-0.035
2021-08-19 16:52:49.188,-0.155,-0.02
2021-08-19 16:52:49.192,-0.14,-0.02
2021-08-19 16:52:49.196,-0.16,0.0
2021-08-19 16:52:49.200,-0.125,-0.005
2021-08-19 16:52:49.204,-0.055,0.005
2021-08-19 16:52:49.208,-0.16,0.0
2021-08-19 16:52:49.212,-0.22,0.005
2021-08-19 16:52:49.216,-0.245,0.025
2021-08-19 16:52:49.220,-0.2,0.02
2021-08-19 16:52:49.224,-0.225,0.04
2021-08-19 16:52:49.228,-0.175,0.04
2021-08-19 16:52:49.232,-0.16,0.02
2021-08-19 16:52:49.236,-0.19,0.02
2021-08-19 16:52:49.240,-0.175,0.01
2021-08-19 16:52:49.244,-0.175,-0.005
2021-08-19 16:52:49.248,-0.165,-0.02
2021-08-19 16:52:49.252,-0.195,0.04
2021-08-19 16:52:49.256,-0.215,0.05
2021-08-19 16:52:49.260,-0.215,0.065
2021-08-19 16:52:49.264,-0.25,0.08
2021-08-19 16:52:49.268,-0.22,0.085
2021-08-19 16:52:49.272,-0.16,0.05
2021-08-19 16:52:49.276,-0.22,0.06
2021-08-19 16:52:49.280,-0.25,0.07
2021-08-19 16:52:49.284,-0.28,0.08
2021-08-19 16:52:49.288,-0.25,0.1
2021-08-19 16:52:49.292,-0.25,0.095
2021-08-19 16:52:49.296,-0.21,0.085
2021-08-19 16:52:49.300,-0.17,0.06
2021-08-19 16:52:49.304,-0.06,0.04
2021-08-19 16:52:49.308,-0.17,0.035
2021-08-19 16:52:49.312,-0.24,0.075
2021-08-19 16:52:49.316,-0.195,0.09
2021-08-19 16:52:49.320,-0.05,0.025
2021-08-19 16:52:49.324,-0.015,0.035
2021-08-19 16:52:49.328,0.04,0.03
2021-08-19 16:52:49.332,0.01,0.035
2021-08-19 16:52:49.336,-0.145,0.01
2021-08-19 16:52:49.340,-0.105,-0.01
2021-08-19 16:52:49.344,-0.1,-0.005
2021-08-19 16:52:49.348,-0.155,0.04
2021-08-19 16:52:49.352,-0.14,0.035
2021-08-19 16:52:49.356,-0.095,0.025
2021-08-19 16:52:49.360,-0.14,0.025
2021-08-19 16:52:49.364,-0.165,0.02
2021-08-19 16:52:49.368,-0.15,0.02
2021-08-19 16:52:49.372,-0.08,0.015
2021-08-19 16:52:49.376,-0.005,-0.01
2021-08-19 16:52:49.380,-0.025,0.0
2021-08-19 16:52:49.384,-0.11,-0.015
2021-08-19 16:52:49.388,-0.045,-0.015
2021-08-19 16:52:49.392,0.025,-0.02
2021-08-19 16:52:49.396,0.12,-0.04
2021-08-19 16:52:49.400,0.185,-0.05
2021-08-19 16:52:49.404,0.115,-0.015
2021-08-19 16:52:49.408,0.07,-0.02
2021-08-19 16:52:49.412,0.05,-0.035
2021-08-19 16:52:49.416,0.045,-0.015
2021-08-19 16:52:49.420,-0.06,-0.035
2021-08-19 16:52:49.424,0.055,-0.025
2021-08-19 16:52:49.428,0.055,0.01
2021-08-19 16:52:49.432,0.06,-0.02
2021-08-19 16:52:49.436,0.055,-0.04
2021-08-19 16:52:49.440,-0.025,-0.005
2021-08-19 16:52:49.444,-0.065,0.0
2021-08-19 16:52:49.448,-0.005,0.005
2021-08-19 16:52:49.452,-0.045,0.015
2021-08-19 16:52:49.456,0.005,0.005
2021-08-19 16:52:49.460,0.02,0.0
2021-08-19 16:52:49.464,0.03,0.0
2021-08-19 16:52:49.468,0.0,0.005
2021-08-19 16:52:49.472,-0.05,0.015
2021-08-19 16:52:49.476,-0.04,-0.005
2021-08-19 16:52:49.480,-0.09,-0.01
2021-08-19 16:52:49.484,-0.06,0.01
2021-08-19 16:52:49.488,-0.11,0.04
2021-08-19 16:52:49.492,-0.07,0.03
2021-08-19 16:52:49.496,-0.065,0.015
2021-08-19 16:52:49.500,0.015,0.0
2021-08-19 16:52:49.504,0.12,-0.055
2021-08-19 16:52:49.508,0.005,-0.005
2021-08-19 16:52:49.512,-0.04,0.03
2021-08-19 16:52:49.516,-0.055,0.04
2021-08-19 16:52:49.520,-0.045,0.1
2021-08-19 16:52:49.524,-0.05,0.1
2021-08-19 16:52:49.528,-0.015,0.05
2021-08-19 16:52:49.532,0.0,0.075
2021-08-19 16:52:49.536,-0.02,0.045
2021-08-19 16:52:49.540,-0.025,0.08
2021-08-19 16:52:49.544,-0.045,0.13
2021-08-19 16:52:49.548,-0.06,0.175
2021-08-19 16:52:49.552,-0.08,0.185
2021-08-19 16:52:49.556,0.04,0.055
2021-08-19 16:52:49.560,0.49,-0.1
2021-08-19 16:52:49.564,1.105,-0.165
2021-08-19 16:52:49.568,1.64,-0.305
2021-08-19 16:52:49.572,1.84,-0.64
2021-08-19 16:52:49.576,1.365,-0.93
2021-08-19 16:52:49.580,0.35,-0.94
2021-08-19 16:52:49.584,-0.63,-0.675
2021-08-19 16:52:49.588,-0.99,-0.505
2021-08-19 16:52:49.592,-0.87,-0.405
2021-08-19 16:52:49.596,-0.625,-0.23
2021-08-19 16:52:49.600,-0.435,-0.185
2021-08-19 16:52:49.604,-0.355,-0.16
2021-08-19 16:52:49.608,-0.27,-0.06
2021-08-19 16:52:49.612,-0.305,-0.05
2021-08-19 16:52:49.616,-0.27,-0.035
2021-08-19 16:52:49.620,-0.27,-0.02
2021-08-19 16:52:49.624,-0.31,-0.04
2021-08-19 16:52:49.628,-0.34,-0.025
2021-08-19 16:52:49.632,-0.33,-0.045
2021-08-19 16:52:49.636,-0.37,-0.055
2021-08-19 16:52:49.640,-0.335,-0.045
2021-08-19 16:52:49.644,-0.335,-0.01
2021-08-19 16:52:49.648,-0.35,-0.01
2021-08-19 16:52:49.652,-0.39,-0.01
2021-08-19 16:52:49.656,-0.355,-0.025
2021-08-19 16:52:49.660,-0.285,0.0
2021-08-19 16:52:49.664,-0.315,-0.01
2021-08-19 16:52:49.668,-0.345,-0.01
2021-08-19 16:52:49.672,-0.37,0.0
2021-08-19 16:52:49.676,-0.44,0.02
2021-08-19 16:52:49.680,-0.385,-0.015
2021-08-19 16:52:49.684,-0.39,-0.015
2021-08-19 16:52:49.688,-0.385,-0.015
2021-08-19 16:52:49.692,-0.315,-0.02
2021-08-19 16:52:49.696,-0.285,-0.035
2021-08-19 16:52:49.700,-0.34,-0.035
2021-08-19 16:52:49.704,-0.385,-0.03
2021-08-19 16:52:49.708,-0.38,0.0
2021-08-19 16:52:49.712,-0.38,-0.02
2021-08-19 16:52:49.716,-0.37,-0.01
2021-08-19 16:52:49.720,-0.31,0.005
2021-08-19 16:52:49.724,-0.32,-0.02
2021-08-19 16:52:49.728,-0.245,-0.025
2021-08-19 16:52:49.732,-0.155,-0.015
2021-08-19 16:52:49.736,-0.13,-0.01
2021-08-19 16:52:49.740,-0.115,0.02
2021-08-19 16:52:49.744,-0.14,0.035
2021-08-19 16:52:49.748,-0.175,0.04
2021-08-19 16:52:49.752,-0.165,-0.005
2021-08-19 16:52:49.756,-0.125,-0.02
2021-08-19 16:52:49.760,-0.15,-0.015
2021-08-19 16:52:49.764,-0.165,-0.01
2021-08-19 16:52:49.768,-0.12,0.025
2021-08-19 16:52:49.772,-0.09,0.015
2021-08-19 16:52:49.776,-0.06,0.0
2021-08-19 16:52:49.780,-0.04,0.005
2021-08-19 16:52:49.784,-0.075,-0.005
2021-08-19 16:52:49.788,-0.07,0.01
2021-08-19 16:52:49.792,-0.015,0.025
2021-08-19 16:52:49.796,0.09,0.025
2021-08-19 16:52:49.800,0.15,0.015
2021-08-19 16:52:49.804,0.19,0.035
2021-08-19 16:52:49.808,0.18,0.02
2021-08-19 16:52:49.812,0.125,0.02
2021-08-19 16:52:49.816,0.14,0.02
2021-08-19 16:52:49.820,0.08,0.01
2021-08-19 16:52:49.824,0.045,0.01
2021-08-19 16:52:49.828,0.065,0.03
2021-08-19 16:52:49.832,0.04,0.03
2021-08-19 16:52:49.836,0.0,0.02
2021-08-19 16:52:49.840,0.0,-0.015
2021-08-19 16:52:49.844,-0.01,0.0
2021-08-19 16:52:49.848,-0.085,-0.025
2021-08-19 16:52:49.852,-0.08,0.0
2021-08-19 16:52:49.856,-0.09,0.0
2021-08-19 16:52:49.860,-0.12,0.005
2021-08-19 16:52:49.864,-0.12,0.0
2021-08-19 16:52:49.868,-0.13,-0.02
2021-08-19 16:52:49.872,-0.135,-0.015
2021-08-19 16:52:49.876,-0.105,-0.03
2021-08-19 16:52:49.880,-0.1,-0.04
2021-08-19 16:52:49.884,-0.135,-0.035
2021-08-19 16:52:49.888,-0.175,-0.045
2021-08-19 16:52:49.892,-0.18,-0.075
2021-08-19 16:52:49.896,-0.175,-0.065
2021-08-19 16:52:49.900,-0.17,-0.05
2021-08-19 16:52:49.904,-0.185,-0.055
2021-08-19 16:52:49.908,-0.155,-0.03
2021-08-19 16:52:49.912,-0.18,-0.04
2021-08-19 16:52:49.916,-0.17,-0.06
2021-08-19 16:52:49.920,-0.205,-0.03
2021-08-19 16:52:49.924,-0.25,-0.035
2021-08-19 16:52:49.928,-0.24,-0.015
2021-08-19 16:52:49.932,-0.195,-0.01
2021-08-19 16:52:49.936,-0.205,-0.02
2021-08-19 16:52:49.940,-0.205,-0.005
2021-08-19 16:52:49.944,-0.25,0.03
2021-08-19 16:52:49.948,-0.32,0.05
2021-08-19 16:52:49.952,-0.24,0.055
2021-08-19 16:52:49.956,-0.2,0.06
2021-08-19 16:52:49.960,-0.18,0.06
2021-08-19 16:52:49.964,-0.12,0.075
2021-08-19 16:52:49.968,-0.09,0.07
2021-08-19 16:52:49.972,-0.065,0.095
2021-08-19 16:52:49.976,0.0,0.12
2021-08-19 16:52:49.980,0.0,0.13
2021-08-19 16:52:49.984,0.01,0.125
2021-08-19 16:52:49.988,0.02,0.115
2021-08-19 16:52:49.992,0.0,0.105
2021-08-19 16:52:49.996,0.0,0.09
2021-08-19 16:52:50.000,0.05,0.075
2021-08-19 16:52:50.004,0.055,0.06
2021-08-19 16:52:50.008,0.03,0.055
2021-08-19 16:52:50.012,0.045,0.065
2021-08-19 16:52:50.016,0.045,0.04
2021-08-19 16:52:50.020,0.015,0.045
2021-08-19 16:52:50.024,-0.04,0.05
2021-08-19 16:52:50.028,-0.055,0.06
2021-08-19 16:52:50.032,-0.075,0.03
2021-08-19 16:52:50.036,-0.025,0.035
2021-08-19 16:52:50.040,0.0,0.065
2021-08-19 16:52:50.044,-0.05,0.06
2021-08-19 16:52:50.048,-0.08,0.125
2021-08-19 16:52:50.052,-0.145,0.195
2021-08-19 16:52:50.056,-0.17,0.18
2021-08-19 16:52:50.060,0.035,0.03
2021-08-19 16:52:50.064,0.515,-0.13
2021-08-19 16:52:50.068,1.075,-0.23
2021-08-19 16:52:50.072,1.655,-0.445
2021-08-19 16:52:50.076,1.92,-0.8
2021-08-19 16:52:50.080,1.485,-1.12
2021-08-19 16:52:50.084,0.62,-1.13
2021-08-19 16:52:50.088,-0.245,-0.85
2021-08-19 16:52:50.092,-0.77,-0.64
2021-08-19 16:52:50.096,-0.78,-0.53
2021-08-19 16:52:50.100,-0.57,-0.34
2021-08-19 16:52:50.104,-0.43,-0.255
2021-08-19 16:52:50.108,-0.335,-0.19
2021-08-19 16:52:50.112,-0.29,-0.13
2021-08-19 16:52:50.116,-0.305,-0.085
2021-08-19 16:52:50.120,-0.3,-0.03
2021-08-19 16:52:50.124,-0.275,0.02
2021-08-19 16:52:50.128,-0.28,0.01
2021-08-19 16:52:50.132,-0.265,0.01
2021-08-19 16:52:50.136,-0.245,0.015
2021-08-19 16:52:50.140,-0.285,0.025
2021-08-19 16:52:50.144,-0.31,0.03
2021-08-19 16:52:50.148,-0.39,0.055
2021-08-19 16:52:50.152,-0.465,0.1
2021-08-19 16:52:50.156,-0.465,0.12
2021-08-19 16:52:50.160,-0.4,0.115
2021-08-19 16:52:50.164,-0.36,0.105
2021-08-19 16:52:50.168,-0.345,0.07
2021-08-19 16:52:50.172,-0.285,0.085
2021-08-19 16:52:50.176,-0.235,0.095
2021-08-19 16:52:50.180,-0.215,0.095
2021-08-19 16:52:50.184,-0.17,0.095
2021-08-19 16:52:50.188,-0.16,0.11
2021-08-19 16:52:50.192,-0.16,0.115
2021-08-19 16:52:50.196,-0.14,0.13
2021-08-19 16:52:50.200,-0.145,0.155
2021-08-19 16:52:50.204,-0.17,0.15
2021-08-19 16:52:50.208,-0.165,0.135
2021-08-19 16:52:50.212,-0.1,0.135
2021-08-19 16:52:50.216,-0.125,0.115
2021-08-19 16:52:50.220,-0.095,0.135
2021-08-19 16:52:50.224,-0.095,0.1
2021-08-19 16:52:50.228,-0.08,0.09
2021-08-19 16:52:50.232,-0.05,0.1
2021-08-19 16:52:50.236,-0.02,0.13
2021-08-19 16:52:50.240,-0.055,0.105
2021-08-19 16:52:50.244,-0.075,0.09
2021-08-19 16:52:50.248,-0.085,0.11
2021-08-19 16:52:50.252,-0.155,0.105
2021-08-19 16:52:50.256,-0.165,0.095
2021-08-19 16:52:50.260,-0.09,0.105
2021-08-19 16:52:50.264,-0.045,0.095
2021-08-19 16:52:50.268,-0.03,0.085
2021-08-19 16:52:50.272,-0.015,0.055
2021-08-19 16:52:50.276,-0.025,0.07
2021-08-19 16:52:50.280,-0.075,0.075
2021-08-19 16:52:50.284,-0.06,0.065
2021-08-19 16:52:50.288,-0.06,0.07
2021-08-19 16:52:50.292,-0.03,0.075
2021-08-19 16:52:50.296,0.03,0.06
2021-08-19 16:52:50.300,0.065,0.055
2021-08-19 16:52:50.304,0.065,0.035
2021-08-19 16:52:50.308,0.075,0.05
2021-08-19 16:52:50.312,0.08,0.055
2021-08-19 16:52:50.316,0.115,0.05
2021-08-19 16:52:50.320,0.205,0.025
2021-08-19 16:52:50.324,0.26,0.02
2021-08-19 16:52:50.328,0.275,-0.01
2021-08-19 16:52:50.332,0.3,0.005
2021-08-19 16:52:50.336,0.33,0.025
2021-08-19 16:52:50.340,0.285,0.02
2021-08-19 16:52:50.344,0.275,0.02
2021-08-19 16:52:50.348,0.25,0.05
2021-08-19 16:52:50.352,0.2,0.06
2021-08-19 16:52:50.356,0.14,0.065
2021-08-19 16:52:50.360,0.095,0.065
2021-08-19 16:52:50.364,0.045,0.065
2021-08-19 16:52:50.368,0.02,0.075
2021-08-19 16:52:50.372,-0.025,0.07
2021-08-19 16:52:50.376,-0.07,0.08
2021-08-19 16:52:50.380,-0.09,0.065
2021-08-19 16:52:50.384,-0.1,0.055
2021-08-19 16:52:50.388,-0.14,0.085
2021-08-19 16:52:50.392,-0.145,0.145
2021-08-19 16:52:50.396,-0.05,0.19
2021-08-19 16:52:50.400,0.115,0.1
2021-08-19 16:52:50.404,0.575,-0.175
2021-08-19 16:52:50.408,1.12,-0.375
2021-08-19 16:52:50.412,1.505,-0.57
2021-08-19 16:52:50.416,1.605,-0.84
2021-08-19 16:52:50.420,1.225,-1.04
2021-08-19 16:52:50.424,0.25,-0.99
2021-08-19 16:52:50.428,-0.78,-0.7
2021-08-19 16:52:50.432,-1.325,-0.4
2021-08-19 16:52:50.436,-1.29,-0.215
2021-08-19 16:52:50.440,-1.045,0.095
2021-08-19 16:52:50.444,-0.695,0.355
2021-08-19 16:52:50.448,-0.675,0.44
2021-08-19 16:52:50.452,-0.68,0.575
2021-08-19 16:52:50.456,-0.63,0.685
2021-08-19 16:52:50.460,-0.66,0.7
2021-08-19 16:52:50.464,-0.72,0.71
2021-08-19 16:52:50.468,-0.74,0.71
2021-08-19 16:52:50.472,-0.73,0.67
2021-08-19 16:52:50.476,-0.64,0.56
2021-08-19 16:52:50.480,-0.455,0.485
2021-08-19 16:52:50.484,-0.265,0.4
2021-08-19 16:52:50.488,-0.135,0.27
2021-08-19 16:52:50.492,-0.08,0.205
2021-08-19 16:52:50.496,-0.055,0.165
2021-08-19 16:52:50.500,-0.075,0.15
2021-08-19 16:52:50.504,-0.095,0.13
2021-08-19 16:52:50.508,-0.08,0.13
2021-08-19 16:52:50.512,-0.1,0.12
2021-08-19 16:52:50.516,-0.09,0.115
2021-08-19 16:52:50.520,-0.08,0.125
2021-08-19 16:52:50.524,-0.105,0.125
2021-08-19 16:52:50.528,-0.075,0.11
2021-08-19 16:52:50.532,-0.06,0.08
2021-08-19 16:52:50.536,-0.065,0.09
2021-08-19 16:52:50.540,-0.03,0.085
2021-08-19 16:52:50.544,0.025,0.07
2021-08-19 16:52:50.548,-0.005,0.08
2021-08-19 16:52:50.552,-0.03,0.07
2021-08-19 16:52:50.556,0.02,0.07
2021-08-19 16:52:50.560,0.045,0.05
2021-08-19 16:52:50.564,0.06,0.04
2021-08-19 16:52:50.568,0.095,0.045
2021-08-19 16:52:50.572,0.12,0.02
2021-08-19 16:52:50.576,0.135,0.05
2021-08-19 16:52:50.580,0.185,0.02
2021-08-19 16:52:50.584,0.21,-0.01
2021-08-19 16:52:50.588,0.215,-0.02
2021-08-19 16:52:50.592,0.25,-0.03
2021-08-19 16:52:50.596,0.24,-0.045
2021-08-19 16:52:50.600,0.245,-0.095
2021-08-19 16:52:50.604,0.28,-0.115
2021-08-19 16:52:50.608,0.395,-0.1
2021-08-19 16:52:50.612,0.49,-0.12
2021-08-19 16:52:50.616,0.565,-0.115
2021-08-19 16:52:50.620,0.63,-0.12
2021-08-19 16:52:50.624,0.685,-0.13
2021-08-19 16:52:50.628,0.74,-0.155
2021-08-19 16:52:50.632,0.765,-0.155
2021-08-19 16:52:50.636,0.755,-0.14
2021-08-19 16:52:50.640,0.79,-0.165
2021-08-19 16:52:50.644,0.805,-0.175
2021-08-19 16:52:50.648,0.82,-0.17
2021-08-19 16:52:50.652,0.84,-0.18
2021-08-19 16:52:50.656,0.875,-0.185
2021-08-19 16:52:50.660,0.85,-0.205
2021-08-19 16:52:50.664,0.79,-0.2
2021-08-19 16:52:50.668,0.715,-0.195
2021-08-19 16:52:50.672,0.65,-0.165
2021-08-19 16:52:50.676,0.62,-0.16
2021-08-19 16:52:50.680,0.55,-0.15
2021-08-19 16:52:50.684,0.44,-0.145
2021-08-19 16:52:50.688,0.37,-0.12
2021-08-19 16:52:50.692,0.355,-0.09
2021-08-19 16:52:50.696,0.295,-0.055
2021-08-19 16:52:50.700,0.25,-0.055
2021-08-19 16:52:50.704,0.22,-0.04
2021-08-19 16:52:50.708,0.14,-0.025
2021-08-19 16:52:50.712,0.125,-0.02
2021-08-19 16:52:50.716,0.115,-0.02
2021-08-19 16:52:50.720,0.095,-0.015
2021-08-19 16:52:50.724,0.045,-0.025
2021-08-19 16:52:50.728,0.09,-0.005
2021-08-19 16:52:50.732,0.105,0.0
2021-08-19 16:52:50.736,0.09,0.005
2021-08-19 16:52:50.740,0.075,0.0
2021-08-19 16:52:50.744,0.06,0.015
2021-08-19 16:52:50.748,0.005,-0.01
2021-08-19 16:52:50.752,-0.025,0.005
2021-08-19 16:52:50.756,-0.035,0.0
2021-08-19 16:52:50.760,-0.005,0.005
2021-08-19 16:52:50.764,0.025,0.025
2021-08-19 16:52:50.768,0.035,0.015
2021-08-19 16:52:50.772,0.075,0.025
2021-08-19 16:52:50.776,0.13,0.03
2021-08-19 16:52:50.780,0.1,0.025
2021-08-19 16:52:50.784,0.075,0.055
2021-08-19 16:52:50.788,0.07,0.04
2021-08-19 16:52:50.792,0.04,0.05
2021-08-19 16:52:50.796,-0.095,0.045
2021-08-19 16:52:50.800,-0.145,0.055
2021-08-19 16:52:50.804,-0.125,0.065
2021-08-19 16:52:50.808,-0.15,0.025
2021-08-19 16:52:50.812,-0.165,0.035
2021-08-19 16:52:50.816,-0.175,0.025
2021-08-19 16:52:50.820,-0.225,0.015
2021-08-19 16:52:50.824,-0.17,0.055
2021-08-19 16:52:50.828,-0.095,0.065
2021-08-19 16:52:50.832,-0.165,0.065
2021-08-19 16:52:50.836,-0.245,0.06
2021-08-19 16:52:50.840,-0.24,0.07
2021-08-19 16:52:50.844,-0.24,0.075
2021-08-19 16:52:50.848,-0.205,0.07
2021-08-19 16:52:50.852,-0.165,0.065
2021-08-19 16:52:50.856,-0.175,0.05
2021-08-19 16:52:50.860,-0.195,0.035
2021-08-19 16:52:50.864,-0.19,0.06
2021-08-19 16:52:50.868,-0.18,0.05
2021-08-19 16:52:50.872,-0.175,0.035
2021-08-19 16:52:50.876,-0.195,0.04
2021-08-19 16:52:50.880,-0.27,0.065
2021-08-19 16:52:50.884,-0.37,0.055
2021-08-19 16:52:50.888,-0.35,0.065
2021-08-19 16:52:50.892,-0.3,0.05
2021-08-19 16:52:50.896,-0.335,0.04
2021-08-19 16:52:50.900,-0.37,0.065
2021-08-19 16:52:50.904,-0.4,0.05
2021-08-19 16:52:50.908,-0.425,0.06
2021-08-19 16:52:50.912,-0.41,0.06
2021-08-19 16:52:50.916,-0.37,0.03
2021-08-19 16:52:50.920,-0.33,0.025
2021-08-19 16:52:50.924,-0.325,0.025
2021-08-19 16:52:50.928,-0.33,0.02
2021-08-19 16:52:50.932,-0.41,0.035
2021-08-19 16:52:50.936,-0.4,0.045
2021-08-19 16:52:50.940,-0.355,0.055
2021-08-19 16:52:50.944,-0.38,0.08
2021-08-19 16:52:50.948,-0.37,0.09
2021-08-19 16:52:50.952,-0.36,0.075
2021-08-19 16:52:50.956,-0.375,0.07
2021-08-19 16:52:50.960,-0.395,0.065
2021-08-19 16:52:50.964,-0.385,0.065
2021-08-19 16:52:50.968,-0.37,0.09
2021-08-19 16:52:50.972,-0.305,0.08
2021-08-19 16:52:50.976,-0.315,0.08
2021-08-19 16:52:50.980,-0.47,0.065
2021-08-19 16:52:50.984,-0.475,0.055
2021-08-19 16:52:50.988,-0.47,0.08
2021-08-19 16:52:50.992,-0.43,0.06
2021-08-19 16:52:50.996,-0.43,0.06
2021-08-19 16:52:51.000,-0.37,0.07
2021-08-19 16:52:51.004,-0.405,0.08
2021-08-19 16:52:51.008,-0.445,0.135
2021-08-19 16:52:51.012,-0.495,0.185
2021-08-19 16:52:51.016,-0.4,0.115
2021-08-19 16:52:51.020,-0.145,-0.11
2021-08-19 16:52:51.024,0.31,-0.275
2021-08-19 16:52:51.028,0.845,-0.415
2021-08-19 16:52:51.032,1.38,-0.65
2021-08-19 16:52:51.036,1.55,-0.945
2021-08-19 16:52:51.040,0.86,-1.14
2021-08-19 16:52:51.044,0.13,-0.855
2021-08-19 16:52:51.048,-0.59,-0.425
2021-08-19 16:52:51.052,-0.86,-0.295
2021-08-19 16:52:51.056,-0.83,-0.2
2021-08-19 16:52:51.060,-0.69,-0.17
2021-08-19 16:52:51.064,-0.65,-0.17
2021-08-19 16:52:51.068,-0.57,-0.105
2021-08-19 16:52:51.072,-0.495,-0.04
2021-08-19 16:52:51.076,-0.485,-0.005
2021-08-19 16:52:51.080,-0.52,0.03
2021-08-19 16:52:51.084,-0.52,0.035
2021-08-19 16:52:51.088,-0.505,0.045
2021-08-19 16:52:51.092,-0.505,0.05
2021-08-19 16:52:51.096,-0.475,0.075
2021-08-19 16:52:51.100,-0.48,0.05
2021-08-19 16:52:51.104,-0.49,0.025
2021-08-19 16:52:51.108,-0.49,0.005
2021-08-19 16:52:51.112,-0.46,0.025
2021-08-19 16:52:51.116,-0.455,0.045
2021-08-19 16:52:51.120,-0.405,0.03
2021-08-19 16:52:51.124,-0.415,0.03
2021-08-19 16:52:51.128,-0.52,0.045
2021-08-19 16:52:51.132,-0.56,0.065
2021-08-19 16:52:51.136,-0.57,0.05
2021-08-19 16:52:51.140,-0.565,0.035
2021-08-19 16:52:51.144,-0.555,0.015
2021-08-19 16:52:51.148,-0.51,0.02
2021-08-19 16:52:51.152,-0.565,0.03
2021-08-19 16:52:51.156,-0.63,0.035
2021-08-19 16:52:51.160,-0.61,0.02
2021-08-19 16:52:51.164,-0.64,0.015
2021-08-19 16:52:51.168,-0.67,0.025
2021-08-19 16:52:51.172,-0.655,0.035
2021-08-19 16:52:51.176,-0.645,0.015
2021-08-19 16:52:51.180,-0.64,0.02
2021-08-19 16:52:51.184,-0.615,0.01
2021-08-19 16:52:51.188,-0.615,0.0
2021-08-19 16:52:51.192,-0.59,0.02
2021-08-19 16:52:51.196,-0.55,0.01
2021-08-19 16:52:51.200,-0.585,0.0
2021-08-19 16:52:51.204,-0.625,-0.005
2021-08-19 16:52:51.208,-0.6,-0.005
2021-08-19 16:52:51.212,-0.585,-0.005
2021-08-19 16:52:51.216,-0.54,0.005
2021-08-19 16:52:51.220,-0.54,-0.01
2021-08-19 16:52:51.224,-0.59,-0.045
2021-08-19 16:52:51.228,-0.595,-0.035
2021-08-19 16:52:51.232,-0.575,0.0
2021-08-19 16:52:51.236,-0.555,-0.005
2021-08-19 16:52:51.240,-0.635,0.015
2021-08-19 16:52:51.244,-0.715,0.025
2021-08-19 16:52:51.248,-0.795,0.05
2021-08-19 16:52:51.252,-0.79,0.055
2021-08-19 16:52:51.256,-0.78,0.03
2021-08-19 16:52:51.260,-0.76,0.0
2021-08-19 16:52:51.264,-0.725,0.01
2021-08-19 16:52:51.268,-0.62,0.03
2021-08-19 16:52:51.272,-0.63,0.02
2021-08-19 16:52:51.276,-0.64,0.0
2021-08-19 16:52:51.280,-0.64,0.01
2021-08-19 16:52:51.284,-0.59,-0.02
2021-08-19 16:52:51.288,-0.61,-0.03
2021-08-19 16:52:51.292,-0.595,0.0
2021-08-19 16:52:51.296,-0.545,-0.01
2021-08-19 16:52:51.300,-0.48,-0.015
2021-08-19 16:52:51.304,-0.385,-0.02
2021-08-19 16:52:51.308,-0.385,-0.01
2021-08-19 16:52:51.312,-0.42,-0.02
2021-08-19 16:52:51.316,-0.405,0.0
2021-08-19 16:52:51.320,-0.41,0.0
2021-08-19 16:52:51.324,-0.435,0.0
2021-08-19 16:52:51.328,-0.395,0.005
2021-08-19 16:52:51.332,-0.395,0.0
2021-08-19 16:52:51.336,-0.44,0.02
2021-08-19 16:52:51.340,-0.415,0.01
2021-08-19 16:52:51.344,-0.41,0.02
2021-08-19 16:52:51.348,-0.42,-0.005
2021-08-19 16:52:51.352,-0.415,0.005
2021-08-19 16:52:51.356,-0.385,0.035
2021-08-19 16:52:51.360,-0.4,0.0
2021-08-19 16:52:51.364,-0.38,0.015
2021-08-19 16:52:51.368,-0.375,0.01
2021-08-19 16:52:51.372,-0.4,0.0
2021-08-19 16:52:51.376,-0.37,-0.01
2021-08-19 16:52:51.380,-0.31,0.0
2021-08-19 16:52:51.384,-0.28,-0.005
2021-08-19 16:52:51.388,-0.28,0.0
2021-08-19 16:52:51.392,-0.295,0.0
2021-08-19 16:52:51.396,-0.33,0.02
2021-08-19 16:52:51.400,-0.345,0.035
2021-08-19 16:52:51.404,-0.22,0.04
2021-08-19 16:52:51.408,-0.19,0.04
2021-08-19 16:52:51.412,-0.16,0.015
2021-08-19 16:52:51.416,-0.125,0.01
2021-08-19 16:52:51.420,-0.1,0.005
2021-08-19 16:52:51.424,-0.04,0.02
2021-08-19 16:52:51.428,-0.015,0.05
2021-08-19 16:52:51.432,-0.09,0.03
2021-08-19 16:52:51.436,-0.15,0.08
2021-08-19 16:52:51.440,-0.2,0.06
2021-08-19 16:52:51.444,-0.245,0.07
2021-08-19 16:52:51.448,-0.235,0.07
2021-08-19 16:52:51.452,-0.24,0.07
2021-08-19 16:52:51.456,-0.3,0.09
2021-08-19 16:52:51.460,-0.335,0.075
2021-08-19 16:52:51.464,-0.325,0.08
2021-08-19 16:52:51.468,-0.365,0.065
2021-08-19 16:52:51.472,-0.39,0.045
2021-08-19 16:52:51.476,-0.375,0.075
2021-08-19 16:52:51.480,-0.355,0.075
2021-08-19 16:52:51.484,-0.38,0.09
2021-08-19 16:52:51.488,-0.365,0.11
2021-08-19 16:52:51.492,-0.405,0.155
2021-08-19 16:52:51.496,-0.46,0.185
2021-08-19 16:52:51.500,-0.54,0.22
2021-08-19 16:52:51.504,-0.55,0.19
2021-08-19 16:52:51.508,-0.375,0.005
2021-08-19 16:52:51.512,0.12,-0.095
2021-08-19 16:52:51.516,0.78,-0.235
2021-08-19 16:52:51.520,1.39,-0.515
2021-08-19 16:52:51.524,1.49,-0.84
2021-08-19 16:52:51.528,0.74,-1.015
2021-08-19 16:52:51.532,-0.21,-0.76
2021-08-19 16:52:51.536,-1.065,-0.435
2021-08-19 16:52:51.540,-1.215,-0.285
2021-08-19 16:52:51.544,-0.985,-0.16
2021-08-19 16:52:51.548,-0.815,-0.11
2021-08-19 16:52:51.552,-0.7,-0.07
2021-08-19 16:52:51.556,-0.635,-0.035
2021-08-19 16:52:51.560,-0.62,-0.005
2021-08-19 16:52:51.564,-0.58,0.0
2021-08-19 16:52:51.568,-0.565,0.035
2021-08-19 16:52:51.572,-0.535,0.045
2021-08-19 16:52:51.576,-0.53,0.04
2021-08-19 16:52:51.580,-0.54,0.03
2021-08-19 16:52:51.584,-0.56,0.065
2021-08-19 16:52:51.588,-0.52,0.06
2021-08-19 16:52:51.592,-0.505,0.055
2021-08-19 16:52:51.596,-0.47,0.06
2021-08-19 16:52:51.600,-0.45,0.08
2021-08-19 16:52:51.604,-0.48,0.09
2021-08-19 16:52:51.608,-0.525,0.08
2021-08-19 16:52:51.612,-0.53,0.1
2021-08-19 16:52:51.616,-0.505,0.07
2021-08-19 16:52:51.620,-0.51,0.095
2021-08-19 16:52:51.624,-0.515,0.095
2021-08-19 16:52:51.628,-0.505,0.105
2021-08-19 16:52:51.632,-0.51,0.1
2021-08-19 16:52:51.636,-0.505,0.08
2021-08-19 16:52:51.640,-0.48,0.075
2021-08-19 16:52:51.644,-0.5,0.085
2021-08-19 16:52:51.648,-0.5,0.1
2021-08-19 16:52:51.652,-0.49,0.09
2021-08-19 16:52:51.656,-0.455,0.055
2021-08-19 16:52:51.660,-0.425,0.065
2021-08-19 16:52:51.664,-0.48,0.085
2021-08-19 16:52:51.668,-0.535,0.075
2021-08-19 16:52:51.672,-0.54,0.075
2021-08-19 16:52:51.676,-0.53,0.07
2021-08-19 16:52:51.680,-0.52,0.05
2021-08-19 16:52:51.684,-0.45,0.06
2021-08-19 16:52:51.688,-0.42,0.075
2021-08-19 16:52:51.692,-0.51,0.065
2021-08-19 16:52:51.696,-0.54,0.08
2021-08-19 16:52:51.700,-0.485,0.08
2021-08-19 16:52:51.704,-0.42,0.07
2021-08-19 16:52:51.708,-0.35,0.06
2021-08-19 16:52:51.712,-0.365,0.075
2021-08-19 16:52:51.716,-0.425,0.075
2021-08-19 16:52:51.720,-0.445,0.065
2021-08-19 16:52:51.724,-0.4,0.045
2021-08-19 16:52:51.728,-0.38,0.05
2021-08-19 16:52:51.732,-0.355,0.03
2021-08-19 16:52:51.736,-0.3,0.02
2021-08-19 16:52:51.740,-0.29,0.015
2021-08-19 16:52:51.744,-0.24,-0.005
2021-08-19 16:52:51.748,-0.195,0.005
2021-08-19 16:52:51.752,-0.21,0.005
2021-08-19 16:52:51.756,-0.11,0.025
2021-08-19 16:52:51.760,-0.07,0.06
2021-08-19 16:52:51.764,-0.06,0.055
2021-08-19 16:52:51.768,-0.07,0.055
2021-08-19 16:52:51.772,-0.065,0.07
2021-08-19 16:52:51.776,-0.08,0.075
2021-08-19 16:52:51.780,-0.15,0.07
2021-08-19 16:52:51.784,-0.19,0.065
2021-08-19 16:52:51.788,-0.2,0.06
2021-08-19 16:52:51.792,-0.24,0.075
2021-08-19 16:52:51.796,-0.26,0.09
2021-08-19 16:52:51.800,-0.3,0.1
2021-08-19 16:52:51.804,-0.335,0.11
2021-08-19 16:52:51.808,-0.355,0.125
2021-08-19 16:52:51.812,-0.38,0.11
2021-08-19 16:52:51.816,-0.385,0.12
2021-08-19 16:52:51.820,-0.375,0.125
2021-08-19 16:52:51.824,-0.38,0.15
2021-08-19 16:52:51.828,-0.4,0.145
2021-08-19 16:52:51.832,-0.41,0.15
2021-08-19 16:52:51.836,-0.38,0.13
2021-08-19 16:52:51.840,-0.365,0.13
2021-08-19 16:52:51.844,-0.32,0.155
2021-08-19 16:52:51.848,-0.305,0.12
2021-08-19 16:52:51.852,-0.31,0.115
2021-08-19 16:52:51.856,-0.345,0.125
2021-08-19 16:52:51.860,-0.35,0.125
2021-08-19 16:52:51.864,-0.39,0.14
2021-08-19 16:52:51.868,-0.395,0.23
2021-08-19 16:52:51.872,-0.385,0.28
2021-08-19 16:52:51.876,-0.32,0.28
2021-08-19 16:52:51.880,-0.025,0.18
2021-08-19 16:52:51.884,0.52,-0.04
2021-08-19 16:52:51.888,1.12,-0.16
2021-08-19 16:52:51.892,1.66,-0.32
2021-08-19 16:52:51.896,1.86,-0.62
2021-08-19 16:52:51.900,1.54,-0.885
2021-08-19 16:52:51.904,0.63,-0.885
2021-08-19 16:52:51.908,-0.32,-0.665
2021-08-19 16:52:51.912,-0.705,-0.56
2021-08-19 16:52:51.916,-0.84,-0.47
2021-08-19 16:52:51.920,-0.6,-0.19
2021-08-19 16:52:51.924,-0.43,-0.09
2021-08-19 16:52:51.928,-0.44,-0.035
2021-08-19 16:52:51.932,-0.465,0.005
2021-08-19 16:52:51.936,-0.465,0.035
2021-08-19 16:52:51.940,-0.46,0.09
2021-08-19 16:52:51.944,-0.425,0.125
2021-08-19 16:52:51.948,-0.445,0.13
2021-08-19 16:52:51.952,-0.505,0.12
2021-08-19 16:52:51.956,-0.49,0.125
2021-08-19 16:52:51.960,-0.465,0.1
2021-08-19 16:52:51.964,-0.415,0.085
2021-08-19 16:52:51.968,-0.385,0.095
2021-08-19 16:52:51.972,-0.395,0.105
2021-08-19 16:52:51.976,-0.435,0.085
2021-08-19 16:52:51.980,-0.43,0.105
2021-08-19 16:52:51.984,-0.44,0.12
2021-08-19 16:52:51.988,-0.55,0.1
2021-08-19 16:52:51.992,-0.535,0.135
2021-08-19 16:52:51.996,-0.485,0.135
2021-08-19 16:52:52.000,-0.465,0.105
2021-08-19 16:52:52.004,-0.425,0.095
2021-08-19 16:52:52.008,-0.45,0.12
2021-08-19 16:52:52.012,-0.47,0.14
2021-08-19 16:52:52.016,-0.44,0.13
2021-08-19 16:52:52.020,-0.425,0.13
2021-08-19 16:52:52.024,-0.425,0.155
2021-08-19 16:52:52.028,-0.39,0.125
2021-08-19 16:52:52.032,-0.38,0.125
2021-08-19 16:52:52.036,-0.43,0.13
2021-08-19 16:52:52.040,-0.45,0.115
2021-08-19 16:52:52.044,-0.41,0.13
2021-08-19 16:52:52.048,-0.37,0.11
2021-08-19 16:52:52.052,-0.29,0.125
2021-08-19 16:52:52.056,-0.27,0.135
2021-08-19 16:52:52.060,-0.255,0.12
2021-08-19 16:52:52.064,-0.205,0.12
2021-08-19 16:52:52.068,-0.195,0.12
2021-08-19 16:52:52.072,-0.225,0.125
2021-08-19 16:52:52.076,-0.24,0.11
2021-08-19 16:52:52.080,-0.195,0.105
2021-08-19 16:52:52.084,-0.21,0.09
2021-08-19 16:52:52.088,-0.22,0.095
2021-08-19 16:52:52.092,-0.2,0.095
2021-08-19 16:52:52.096,-0.19,0.09
2021-08-19 16:52:52.100,-0.175,0.075
2021-08-19 16:52:52.104,-0.125,0.065
2021-08-19 16:52:52.108,-0.155,0.05
2021-08-19 16:52:52.112,-0.16,0.03
2021-08-19 16:52:52.116,-0.11,0.015
2021-08-19 16:52:52.120,-0.105,0.01
2021-08-19 16:52:52.124,-0.095,0.015
2021-08-19 16:52:52.128,-0.04,0.03
2021-08-19 16:52:52.132,-0.005,0.035
2021-08-19 16:52:52.136,-0.06,0.055
2021-08-19 16:52:52.140,-0.05,0.05
2021-08-19 16:52:52.144,-0.07,0.045
2021-08-19 16:52:52.148,-0.09,0.025
2021-08-19 16:52:52.152,-0.09,0.04
2021-08-19 16:52:52.156,-0.1,0.055
2021-08-19 16:52:52.160,-0.12,0.085
2021-08-19 16:52:52.164,-0.15,0.085
2021-08-19 16:52:52.168,-0.205,0.115
2021-08-19 16:52:52.172,-0.265,0.09
2021-08-19 16:52:52.176,-0.285,0.105
2021-08-19 16:52:52.180,-0.24,0.11
2021-08-19 16:52:52.184,-0.225,0.115
2021-08-19 16:52:52.188,-0.215,0.12
2021-08-19 16:52:52.192,-0.235,0.105
2021-08-19 16:52:52.196,-0.3,0.105
2021-08-19 16:52:52.200,-0.31,0.125
2021-08-19 16:52:52.204,-0.305,0.125
2021-08-19 16:52:52.208,-0.3,0.125
2021-08-19 16:52:52.212,-0.3,0.12
2021-08-19 16:52:52.216,-0.27,0.12
2021-08-19 16:52:52.220,-0.255,0.12
2021-08-19 16:52:52.224,-0.25,0.125
2021-08-19 16:52:52.228,-0.24,0.115
2021-08-19 16:52:52.232,-0.24,0.115
2021-08-19 16:52:52.236,-0.23,0.12
2021-08-19 16:52:52.240,-0.195,0.1
2021-08-19 16:52:52.244,-0.21,0.105
2021-08-19 16:52:52.248,-0.225,0.145
2021-08-19 16:52:52.252,-0.165,0.145
2021-08-19 16:52:52.256,-0.18,0.15
2021-08-19 16:52:52.260,-0.2,0.14
2021-08-19 16:52:52.264,-0.245,0.15
2021-08-19 16:52:52.268,-0.275,0.135
2021-08-19 16:52:52.272,-0.28,0.15
2021-08-19 16:52:52.276,-0.245,0.145
2021-08-19 16:52:52.280,-0.24,0.105
2021-08-19 16:52:52.284,-0.21,0.115
2021-08-19 16:52:52.288,-0.21,0.12
2021-08-19 16:52:52.292,-0.225,0.09
2021-08-19 16:52:52.296,-0.26,0.08
2021-08-19 16:52:52.300,-0.255,0.065
2021-08-19 16:52:52.304,-0.265,0.075
2021-08-19 16:52:52.308,-0.3,0.065
2021-08-19 16:52:52.312,-0.265,0.09
2021-08-19 16:52:52.316,-0.255,0.105
2021-08-19 16:52:52.320,-0.305,0.13
2021-08-19 16:52:52.324,-0.305,0.19
2021-08-19 16:52:52.328,-0.34,0.29
2021-08-19 16:52:52.332,-0.395,0.275
2021-08-19 16:52:52.336,-0.265,0.125
2021-08-19 16:52:52.340,0.155,-0.035
2021-08-19 16:52:52.344,0.725,-0.18
2021-08-19 16:52:52.348,1.375,-0.45
2021-08-19 16:52:52.352,1.665,-0.79
2021-08-19 16:52:52.356,1.18,-1.01
2021-08-19 16:52:52.360,0.32,-0.82
2021-08-19 16:52:52.364,-0.6,-0.38
2021-08-19 16:52:52.368,-1.08,-0.185
2021-08-19 16:52:52.372,-0.9,-0.095
2021-08-19 16:52:52.376,-0.73,-0.04
2021-08-19 16:52:52.380,-0.545,-0.03
2021-08-19 16:52:52.384,-0.42,0.04
2021-08-19 16:52:52.388,-0.395,0.085
2021-08-19 16:52:52.392,-0.45,0.125
2021-08-19 16:52:52.396,-0.44,0.165
2021-08-19 16:52:52.400,-0.41,0.17
2021-08-19 16:52:52.404,-0.455,0.19
2021-08-19 16:52:52.408,-0.49,0.195
2021-08-19 16:52:52.412,-0.52,0.205
2021-08-19 16:52:52.416,-0.515,0.195
2021-08-19 16:52:52.420,-0.45,0.175
2021-08-19 16:52:52.424,-0.43,0.19
2021-08-19 16:52:52.428,-0.46,0.17
2021-08-19 16:52:52.432,-0.495,0.17
2021-08-19 16:52:52.436,-0.48,0.18
2021-08-19 16:52:52.440,-0.49,0.18
2021-08-19 16:52:52.444,-0.465,0.18
2021-08-19 16:52:52.448,-0.44,0.155
2021-08-19 16:52:52.452,-0.495,0.155
2021-08-19 16:52:52.456,-0.48,0.185
2021-08-19 16:52:52.460,-0.435,0.165
2021-08-19 16:52:52.464,-0.43,0.15
2021-08-19 16:52:52.468,-0.38,0.14
2021-08-19 16:52:52.472,-0.365,0.15
2021-08-19 16:52:52.476,-0.4,0.14
2021-08-19 16:52:52.480,-0.45,0.15
2021-08-19 16:52:52.484,-0.385,0.145
2021-08-19 16:52:52.488,-0.36,0.145
2021-08-19 16:52:52.492,-0.355,0.135
2021-08-19 16:52:52.496,-0.315,0.145
2021-08-19 16:52:52.500,-0.305,0.14
2021-08-19 16:52:52.504,-0.335,0.135
2021-08-19 16:52:52.508,-0.32,0.145
2021-08-19 16:52:52.512,-0.37,0.125
2021-08-19 16:52:52.516,-0.39,0.12
2021-08-19 16:52:52.520,-0.41,0.135
2021-08-19 16:52:52.524,-0.44,0.145
2021-08-19 16:52:52.528,-0.45,0.155
2021-08-19 16:52:52.532,-0.405,0.165
2021-08-19 16:52:52.536,-0.405,0.15
2021-08-19 16:52:52.540,-0.41,0.16
2021-08-19 16:52:52.544,-0.405,0.18
2021-08-19 16:52:52.548,-0.445,0.165
2021-08-19 16:52:52.552,-0.445,0.175
2021-08-19 16:52:52.556,-0.48,0.19
2021-08-19 16:52:52.560,-0.485,0.195
2021-08-19 16:52:52.564,-0.465,0.175
2021-08-19 16:52:52.568,-0.4,0.2
2021-08-19 16:52:52.572,-0.395,0.18
2021-08-19 16:52:52.576,-0.38,0.175
2021-08-19 16:52:52.580,-0.385,0.165
2021-08-19 16:52:52.584,-0.36,0.155
2021-08-19 16:52:52.588,-0.325,0.145
2021-08-19 16:52:52.592,-0.24,0.135
2021-08-19 16:52:52.596,-0.155,0.12
2021-08-19 16:52:52.600,-0.135,0.12
2021-08-19 16:52:52.604,-0.1,0.115
2021-08-19 16:52:52.608,-0.1,0.11
2021-08-19 16:52:52.612,-0.16,0.12
2021-08-19 16:52:52.616,-0.185,0.12
2021-08-19 16:52:52.620,-0.17,0.12
2021-08-19 16:52:52.624,-0.2,0.12
2021-08-19 16:52:52.628,-0.2,0.13
2021-08-19 16:52:52.632,-0.16,0.125
2021-08-19 16:52:52.636,-0.22,0.11
2021-08-19 16:52:52.640,-0.245,0.125
2021-08-19 16:52:52.644,-0.215,0.125
2021-08-19 16:52:52.648,-0.225,0.11
2021-08-19 16:52:52.652,-0.255,0.11
2021-08-19 16:52:52.656,-0.255,0.12
2021-08-19 16:52:52.660,-0.275,0.14
2021-08-19 16:52:52.664,-0.245,0.115
2021-08-19 16:52:52.668,-0.205,0.12
2021-08-19 16:52:52.672,-0.22,0.13
2021-08-19 16:52:52.676,-0.23,0.145
2021-08-19 16:52:52.680,-0.225,0.14
2021-08-19 16:52:52.684,-0.24,0.13
2021-08-19 16:52:52.688,-0.24,0.135
2021-08-19 16:52:52.692,-0.205,0.135
2021-08-19 16:52:52.696,-0.2,0.15
2021-08-19 16:52:52.700,-0.235,0.145
2021-08-19 16:52:52.704,-0.22,0.15
2021-08-19 16:52:52.708,-0.24,0.155
2021-08-19 16:52:52.712,-0.25,0.145
2021-08-19 16:52:52.716,-0.275,0.145
2021-08-19 16:52:52.720,-0.305,0.14
2021-08-19 16:52:52.724,-0.35,0.15
2021-08-19 16:52:52.728,-0.315,0.155
2021-08-19 16:52:52.732,-0.315,0.15
2021-08-19 16:52:52.736,-0.315,0.13
2021-08-19 16:52:52.740,-0.285,0.13
2021-08-19 16:52:52.744,-0.28,0.13
2021-08-19 16:52:52.748,-0.335,0.13
2021-08-19 16:52:52.752,-0.305,0.155
2021-08-19 16:52:52.756,-0.345,0.125
2021-08-19 16:52:52.760,-0.38,0.135
2021-08-19 16:52:52.764,-0.355,0.115
2021-08-19 16:52:52.768,-0.315,0.115
2021-08-19 16:52:52.772,-0.31,0.095
2021-08-19 16:52:52.776,-0.35,0.12
2021-08-19 16:52:52.780,-0.37,0.105
2021-08-19 16:52:52.784,-0.37,0.095
2021-08-19 16:52:52.788,-0.365,0.095
2021-08-19 16:52:52.792,-0.35,0.1
2021-08-19 16:52:52.796,-0.355,0.085
2021-08-19 16:52:52.800,-0.335,0.1
2021-08-19 16:52:52.804,-0.29,0.08
2021-08-19 16:52:52.808,-0.285,0.06
2021-08-19 16:52:52.812,-0.23,0.075
2021-08-19 16:52:52.816,-0.205,0.075
2021-08-19 16:52:52.820,-0.23,0.095
2021-08-19 16:52:52.824,-0.27,0.105
2021-08-19 16:52:52.828,-0.26,0.1
2021-08-19 16:52:52.832,-0.28,0.12
2021-08-19 16:52:52.836,-0.32,0.135
2021-08-19 16:52:52.840,-0.31,0.13
2021-08-19 16:52:52.844,-0.32,0.13
2021-08-19 16:52:52.848,-0.33,0.12
2021-08-19 16:52:52.852,-0.28,0.11
2021-08-19 16:52:52.856,-0.315,0.105
2021-08-19 16:52:52.860,-0.305,0.1
2021-08-19 16:52:52.864,-0.3,0.1
2021-08-19 16:52:52.868,-0.32,0.09
2021-08-19 16:52:52.872,-0.34,0.1
2021-08-19 16:52:52.876,-0.31,0.095
2021-08-19 16:52:52.880,-0.315,0.09
2021-08-19 16:52:52.884,-0.31,0.075
2021-08-19 16:52:52.888,-0.28,0.09
2021-08-19 16:52:52.892,-0.285,0.085
2021-08-19 16:52:52.896,-0.26,0.085
2021-08-19 16:52:52.900,-0.215,0.08
2021-08-19 16:52:52.904,-0.195,0.095
2021-08-19 16:52:52.908,-0.24,0.125
2021-08-19 16:52:52.912,-0.32,0.12
2021-08-19 16:52:52.916,-0.305,0.12
2021-08-19 16:52:52.920,-0.27,0.105
2021-08-19 16:52:52.924,-0.285,0.11
2021-08-19 16:52:52.928,-0.385,0.1
2021-08-19 16:52:52.932,-0.435,0.125
2021-08-19 16:52:52.936,-0.43,0.115
2021-08-19 16:52:52.940,-0.415,0.115
2021-08-19 16:52:52.944,-0.395,0.135
2021-08-19 16:52:52.948,-0.355,0.12
2021-08-19 16:52:52.952,-0.365,0.095
2021-08-19 16:52:52.956,-0.4,0.13
2021-08-19 16:52:52.960,-0.395,0.115
2021-08-19 16:52:52.964,-0.39,0.11
2021-08-19 16:52:52.968,-0.37,0.12
2021-08-19 16:52:52.972,-0.34,0.12
2021-08-19 16:52:52.976,-0.335,0.08
2021-08-19 16:52:52.980,-0.37,0.08
2021-08-19 16:52:52.984,-0.395,0.105
2021-08-19 16:52:52.988,-0.43,0.1
2021-08-19 16:52:52.992,-0.475,0.07
2021-08-19 16:52:52.996,-0.42,0.08
2021-08-19 16:52:53.000,-0.4,0.085
2021-08-19 16:52:53.004,-0.36,0.09
2021-08-19 16:52:53.008,-0.29,0.095
2021-08-19 16:52:53.012,-0.25,0.08
2021-08-19 16:52:53.016,-0.275,0.085
2021-08-19 16:52:53.020,-0.285,0.09
2021-08-19 16:52:53.024,-0.29,0.085
2021-08-19 16:52:53.028,-0.345,0.09
2021-08-19 16:52:53.032,-0.31,0.11
2021-08-19 16:52:53.036,-0.325,0.105
2021-08-19 16:52:53.040,-0.365,0.07
2021-08-19 16:52:53.044,-0.39,0.095
2021-08-19 16:52:53.048,-0.36,0.11
2021-08-19 16:52:53.052,-0.385,0.105
2021-08-19 16:52:53.056,-0.395,0.115
2021-08-19 16:52:53.060,-0.38,0.165
2021-08-19 16:52:53.064,-0.35,0.2
2021-08-19 16:52:53.068,-0.345,0.25
2021-08-19 16:52:53.072,-0.28,0.145
2021-08-19 16:52:53.076,-0.045,-0.095
2021-08-19 16:52:53.080,0.495,-0.255
2021-08-19 16:52:53.084,1.08,-0.43
2021-08-19 16:52:53.088,1.535,-0.765
2021-08-19 16:52:53.092,1.54,-1.09
2021-08-19 16:52:53.096,0.83,-1.15
2021-08-19 16:52:53.100,0.12,-0.815
2021-08-19 16:52:53.104,-0.615,-0.435
2021-08-19 16:52:53.108,-0.795,-0.395
2021-08-19 16:52:53.112,-0.725,-0.29
2021-08-19 16:52:53.116,-0.515,-0.2
2021-08-19 16:52:53.120,-0.355,-0.15
2021-08-19 16:52:53.124,-0.28,-0.06
2021-08-19 16:52:53.128,-0.395,-0.005
2021-08-19 16:52:53.132,-0.45,0.045
2021-08-19 16:52:53.136,-0.485,0.055
2021-08-19 16:52:53.140,-0.47,0.075
2021-08-19 16:52:53.144,-0.44,0.08
2021-08-19 16:52:53.148,-0.425,0.085
2021-08-19 16:52:53.152,-0.415,0.085
2021-08-19 16:52:53.156,-0.435,0.08
2021-08-19 16:52:53.160,-0.455,0.075
2021-08-19 16:52:53.164,-0.48,0.075
2021-08-19 16:52:53.168,-0.39,0.095
2021-08-19 16:52:53.172,-0.38,0.115
2021-08-19 16:52:53.176,-0.395,0.075
2021-08-19 16:52:53.180,-0.395,0.11
2021-08-19 16:52:53.184,-0.445,0.12
2021-08-19 16:52:53.188,-0.53,0.105
2021-08-19 16:52:53.192,-0.51,0.125
2021-08-19 16:52:53.196,-0.495,0.115
2021-08-19 16:52:53.200,-0.49,0.1
2021-08-19 16:52:53.204,-0.45,0.115
2021-08-19 16:52:53.208,-0.435,0.105
2021-08-19 16:52:53.212,-0.505,0.085
2021-08-19 16:52:53.216,-0.485,0.09
2021-08-19 16:52:53.220,-0.435,0.09
2021-08-19 16:52:53.224,-0.455,0.07
2021-08-19 16:52:53.228,-0.475,0.08
2021-08-19 16:52:53.232,-0.515,0.075
2021-08-19 16:52:53.236,-0.485,0.03
2021-08-19 16:52:53.240,-0.475,0.04
2021-08-19 16:52:53.244,-0.42,0.035
2021-08-19 16:52:53.248,-0.475,0.05
2021-08-19 16:52:53.252,-0.565,0.05
2021-08-19 16:52:53.256,-0.59,0.045
2021-08-19 16:52:53.260,-0.515,0.045
2021-08-19 16:52:53.264,-0.5,0.09
2021-08-19 16:52:53.268,-0.54,0.08
2021-08-19 16:52:53.272,-0.585,0.095
2021-08-19 16:52:53.276,-0.58,0.065
2021-08-19 16:52:53.280,-0.58,0.055
2021-08-19 16:52:53.284,-0.555,0.015
2021-08-19 16:52:53.288,-0.5,-0.015
2021-08-19 16:52:53.292,-0.49,-0.07
2021-08-19 16:52:53.296,-0.495,-0.06
2021-08-19 16:52:53.300,-0.505,-0.065
2021-08-19 16:52:53.304,-0.535,-0.02
2021-08-19 16:52:53.308,-0.62,-0.08
2021-08-19 16:52:53.312,-0.675,-0.1
2021-08-19 16:52:53.316,-0.655,-0.08
2021-08-19 16:52:53.320,-0.575,-0.07
2021-08-19 16:52:53.324,-0.605,-0.055
2021-08-19 16:52:53.328,-0.48,-0.11
2021-08-19 16:52:53.332,-0.475,-0.125
2021-08-19 16:52:53.336,-0.485,-0.135
2021-08-19 16:52:53.340,-0.505,-0.15
2021-08-19 16:52:53.344,-0.415,-0.175
2021-08-19 16:52:53.348,-0.26,-0.2
2021-08-19 16:52:53.352,-0.255,-0.17
2021-08-19 16:52:53.356,-0.28,-0.13
2021-08-19 16:52:53.360,-0.28,-0.115
2021-08-19 16:52:53.364,-0.14,-0.12
2021-08-19 16:52:53.368,-0.27,-0.115
2021-08-19 16:52:53.372,-0.31,-0.055
2021-08-19 16:52:53.376,-0.25,-0.05
2021-08-19 16:52:53.380,-0.305,-0.015
2021-08-19 16:52:53.384,-0.305,0.05
2021-08-19 16:52:53.388,-0.315,0.07
2021-08-19 16:52:53.392,-0.335,0.065
2021-08-19 16:52:53.396,-0.475,0.095
2021-08-19 16:52:53.400,-0.44,0.085
2021-08-19 16:52:53.404,-0.465,0.095
2021-08-19 16:52:53.408,-0.385,0.115
2021-08-19 16:52:53.412,-0.47,0.12
2021-08-19 16:52:53.416,-0.505,0.15
2021-08-19 16:52:53.420,-0.47,0.145
2021-08-19 16:52:53.424,-0.46,0.13
2021-08-19 16:52:53.428,-0.405,0.145
2021-08-19 16:52:53.432,-0.49,0.195
2021-08-19 16:52:53.436,-0.455,0.255
2021-08-19 16:52:53.440,-0.495,0.26
2021-08-19 16:52:53.444,-0.56,0.2
2021-08-19 16:52:53.448,-0.39,-0.01
2021-08-19 16:52:53.452,0.105,-0.28
2021-08-19 16:52:53.456,0.6,-0.51
2021-08-19 16:52:53.460,0.86,-0.82
2021-08-19 16:52:53.464,0.475,-1.04
2021-08-19 16:52:53.468,-0.4,-1.015
2021-08-19 16:52:53.472,-1.13,-0.75
2021-08-19 16:52:53.476,-1.47,-0.46
2021-08-19 16:52:53.480,-1.37,-0.235
2021-08-19 16:52:53.484,-1.21,0.09
2021-08-19 16:52:53.488,-1.02,0.29
2021-08-19 16:52:53.492,-1.155,0.38
2021-08-19 16:52:53.496,-1.22,0.525
2021-08-19 16:52:53.500,-1.14,0.625
2021-08-19 16:52:53.504,-1.185,0.6
2021-08-19 16:52:53.508,-1.26,0.6
2021-08-19 16:52:53.512,-1.28,0.67
2021-08-19 16:52:53.516,-1.17,0.645
2021-08-19 16:52:53.520,-0.985,0.55
2021-08-19 16:52:53.524,-0.865,0.415
2021-08-19 16:52:53.528,-0.775,0.34
2021-08-19 16:52:53.532,-0.63,0.275
2021-08-19 16:52:53.536,-0.53,0.175
2021-08-19 16:52:53.540,-0.52,0.11
2021-08-19 16:52:53.544,-0.48,0.065
2021-08-19 16:52:53.548,-0.48,0.105
2021-08-19 16:52:53.552,-0.49,0.105
2021-08-19 16:52:53.556,-0.415,0.11
2021-08-19 16:52:53.560,-0.385,0.09
2021-08-19 16:52:53.564,-0.395,0.045
2021-08-19 16:52:53.568,-0.38,0.05
2021-08-19 16:52:53.572,-0.38,0.075
2021-08-19 16:52:53.576,-0.425,0.065
2021-08-19 16:52:53.580,-0.475,0.07
2021-08-19 16:52:53.584,-0.435,0.07
2021-08-19 16:52:53.588,-0.375,0.085
2021-08-19 16:52:53.592,-0.42,0.05
2021-08-19 16:52:53.596,-0.43,0.025
2021-08-19 16:52:53.600,-0.395,0.01
2021-08-19 16:52:53.604,-0.37,0.015
2021-08-19 16:52:53.608,-0.32,-0.005
2021-08-19 16:52:53.612,-0.36,0.01
2021-08-19 16:52:53.616,-0.4,0.02
2021-08-19 16:52:53.620,-0.35,-0.005
2021-08-19 16:52:53.624,-0.275,-0.015
2021-08-19 16:52:53.628,-0.22,-0.06
2021-08-19 16:52:53.632,-0.16,-0.06
2021-08-19 16:52:53.636,-0.145,-0.04
2021-08-19 16:52:53.640,-0.115,-0.055
2021-08-19 16:52:53.644,-0.1,-0.055
2021-08-19 16:52:53.648,-0.145,-0.065
2021-08-19 16:52:53.652,-0.145,-0.06
2021-08-19 16:52:53.656,-0.05,-0.065
2021-08-19 16:52:53.660,0.005,-0.075
2021-08-19 16:52:53.664,-0.015,-0.095
2021-08-19 16:52:53.668,0.005,-0.13
2021-08-19 16:52:53.672,0.06,-0.14
2021-08-19 16:52:53.676,0.06,-0.155
2021-08-19 16:52:53.680,0.155,-0.205
2021-08-19 16:52:53.684,0.25,-0.2
2021-08-19 16:52:53.688,0.3,-0.23
2021-08-19 16:52:53.692,0.325,-0.255
2021-08-19 16:52:53.696,0.345,-0.255
2021-08-19 16:52:53.700,0.34,-0.24
2021-08-19 16:52:53.704,0.33,-0.275
2021-08-19 16:52:53.708,0.3,-0.265
2021-08-19 16:52:53.712,0.265,-0.265
2021-08-19 16:52:53.716,0.225,-0.27
2021-08-19 16:52:53.720,0.19,-0.25
2021-08-19 16:52:53.724,0.13,-0.245
2021-08-19 16:52:53.728,0.11,-0.205
2021-08-19 16:52:53.732,0.135,-0.185
2021-08-19 16:52:53.736,0.115,-0.18
2021-08-19 16:52:53.740,0.04,-0.16
2021-08-19 16:52:53.744,0.0,-0.15
2021-08-19 16:52:53.748,0.015,-0.13
2021-08-19 16:52:53.752,-0.01,-0.115
2021-08-19 16:52:53.756,-0.02,-0.085
2021-08-19 16:52:53.760,-0.105,-0.045
2021-08-19 16:52:53.764,-0.165,0.01
2021-08-19 16:52:53.768,-0.12,0.05
2021-08-19 16:52:53.772,-0.06,0.0
2021-08-19 16:52:53.776,0.2,-0.165
2021-08-19 16:52:53.780,0.82,-0.315
2021-08-19 16:52:53.784,1.425,-0.39
2021-08-19 16:52:53.788,1.87,-0.57
2021-08-19 16:52:53.796,1.655,-0.975
2021-08-19 16:52:53.800,0.72,-0.845
2021-08-19 16:52:53.804,-0.35,-0.425
2021-08-19 16:52:53.808,-1.03,-0.16
2021-08-19 16:52:53.812,-1.28,0.06
2021-08-19 16:52:53.816,-1.245,0.295
2021-08-19 16:52:53.820,-1.225,0.365
2021-08-19 16:52:53.824,-1.305,0.475
2021-08-19 16:52:53.828,-1.32,0.595
2021-08-19 16:52:53.832,-1.28,0.645
2021-08-19 16:52:53.836,-1.3,0.65
2021-08-19 16:52:53.840,-1.3,0.675
2021-08-19 16:52:53.844,-1.19,0.69
2021-08-19 16:52:53.848,-1.12,0.645
2021-08-19 16:52:53.852,-0.985,0.53
2021-08-19 16:52:53.856,-0.8,0.41
2021-08-19 16:52:53.860,-0.68,0.255
2021-08-19 16:52:53.864,-0.595,0.145
2021-08-19 16:52:53.868,-0.485,0.055
2021-08-19 16:52:53.872,-0.47,0.035
2021-08-19 16:52:53.876,-0.46,0.035
2021-08-19 16:52:53.880,-0.53,0.035
2021-08-19 16:52:53.884,-0.58,0.03
2021-08-19 16:52:53.888,-0.6,0.0
2021-08-19 16:52:53.892,-0.55,-0.01
2021-08-19 16:52:53.896,-0.52,-0.025
2021-08-19 16:52:53.900,-0.505,-0.025
2021-08-19 16:52:53.904,-0.5,-0.03
2021-08-19 16:52:53.908,-0.505,-0.035
2021-08-19 16:52:53.912,-0.48,-0.04
2021-08-19 16:52:53.916,-0.44,-0.035
2021-08-19 16:52:53.920,-0.45,-0.045
2021-08-19 16:52:53.924,-0.485,-0.05
2021-08-19 16:52:53.928,-0.485,-0.035
2021-08-19 16:52:53.932,-0.46,-0.04
2021-08-19 16:52:53.936,-0.445,-0.035
2021-08-19 16:52:53.940,-0.43,-0.04
2021-08-19 16:52:53.944,-0.465,-0.045
2021-08-19 16:52:53.948,-0.485,-0.03
2021-08-19 16:52:53.952,-0.42,-0.03
2021-08-19 16:52:53.956,-0.33,-0.07
2021-08-19 16:52:53.960,-0.345,-0.04
2021-08-19 16:52:53.964,-0.33,-0.04
2021-08-19 16:52:53.968,-0.34,-0.03
2021-08-19 16:52:53.972,-0.34,-0.035
2021-08-19 16:52:53.976,-0.32,0.0
2021-08-19 16:52:53.980,-0.335,-0.015
2021-08-19 16:52:53.984,-0.31,-0.045
2021-08-19 16:52:53.988,-0.215,-0.05
2021-08-19 16:52:53.992,-0.195,-0.02
2021-08-19 16:52:53.996,-0.265,-0.045
2021-08-19 16:52:54.000,-0.28,-0.055
2021-08-19 16:52:54.004,-0.2,-0.08
2021-08-19 16:52:54.008,-0.15,-0.095
2021-08-19 16:52:54.012,-0.085,-0.085
2021-08-19 16:52:54.016,-0.025,-0.06
2021-08-19 16:52:54.020,-0.02,-0.07
2021-08-19 16:52:54.024,-0.035,-0.085
2021-08-19 16:52:54.028,-0.03,-0.13
2021-08-19 16:52:54.032,-0.07,-0.12
2021-08-19 16:52:54.036,-0.065,-0.095
2021-08-19 16:52:54.040,-0.075,-0.065
2021-08-19 16:52:54.044,-0.095,-0.09
2021-08-19 16:52:54.048,-0.125,-0.105
2021-08-19 16:52:54.052,-0.09,-0.11
2021-08-19 16:52:54.056,-0.055,-0.09
2021-08-19 16:52:54.060,-0.1,-0.045
2021-08-19 16:52:54.064,-0.21,-0.01
2021-08-19 16:52:54.068,-0.355,0.01
2021-08-19 16:52:54.072,-0.38,0.02
2021-08-19 16:52:54.076,-0.3,0.03
2021-08-19 16:52:54.080,-0.29,0.005
2021-08-19 16:52:54.084,-0.295,0.005
2021-08-19 16:52:54.088,-0.295,0.0
2021-08-19 16:52:54.092,-0.285,0.0
2021-08-19 16:52:54.096,-0.29,0.0
2021-08-19 16:52:54.100,-0.28,0.015
2021-08-19 16:52:54.104,-0.34,0.015
2021-08-19 16:52:54.108,-0.395,0.0
2021-08-19 16:52:54.112,-0.39,-0.01
2021-08-19 16:52:54.116,-0.37,0.0
2021-08-19 16:52:54.120,-0.305,-0.03
2021-08-19 16:52:54.124,-0.285,-0.005
2021-08-19 16:52:54.128,-0.335,0.0
2021-08-19 16:52:54.132,-0.455,-0.01
2021-08-19 16:52:54.136,-0.45,0.005
2021-08-19 16:52:54.140,-0.41,0.02
2021-08-19 16:52:54.144,-0.38,0.005
2021-08-19 16:52:54.148,-0.33,0.015
2021-08-19 16:52:54.152,-0.365,0.03
2021-08-19 16:52:54.156,-0.44,0.03
2021-08-19 16:52:54.160,-0.415,0.02
2021-08-19 16:52:54.164,-0.4,0.0
2021-08-19 16:52:54.168,-0.36,-0.01
2021-08-19 16:52:54.172,-0.355,0.02
2021-08-19 16:52:54.176,-0.35,0.035
2021-08-19 16:52:54.180,-0.39,0.045
2021-08-19 16:52:54.184,-0.355,0.065
2021-08-19 16:52:54.188,-0.29,0.035
2021-08-19 16:52:54.192,-0.34,0.04
2021-08-19 16:52:54.196,-0.385,0.07
2021-08-19 16:52:54.200,-0.405,0.095
2021-08-19 16:52:54.204,-0.44,0.105
2021-08-19 16:52:54.208,-0.4,0.12
2021-08-19 16:52:54.212,-0.405,0.12
2021-08-19 16:52:54.216,-0.475,0.135
2021-08-19 16:52:54.220,-0.49,0.165
2021-08-19 16:52:54.224,-0.43,0.175
2021-08-19 16:52:54.228,-0.41,0.165
2021-08-19 16:52:54.232,-0.34,0.155
2021-08-19 16:52:54.236,-0.21,0.12
2021-08-19 16:52:54.240,-0.22,0.095
2021-08-19 16:52:54.244,-0.32,0.11
2021-08-19 16:52:54.248,-0.385,0.09
2021-08-19 16:52:54.252,-0.41,0.09
2021-08-19 16:52:54.256,-0.465,0.105
2021-08-19 16:52:54.260,-0.425,0.09
2021-08-19 16:52:54.264,-0.4,0.075
2021-08-19 16:52:54.268,-0.4,0.075
2021-08-19 16:52:54.272,-0.43,0.085
2021-08-19 16:52:54.276,-0.49,0.09
2021-08-19 16:52:54.280,-0.515,0.075
2021-08-19 16:52:54.284,-0.435,0.075
2021-08-19 16:52:54.288,-0.405,0.055
2021-08-19 16:52:54.292,-0.45,0.075
2021-08-19 16:52:54.296,-0.41,0.07
2021-08-19 16:52:54.300,-0.39,0.06
2021-08-19 16:52:54.304,-0.4,0.03
2021-08-19 16:52:54.308,-0.415,0.04
2021-08-19 16:52:54.312,-0.395,0.065
2021-08-19 16:52:54.316,-0.45,0.065
2021-08-19 16:52:54.320,-0.475,0.045
2021-08-19 16:52:54.324,-0.45,0.025
2021-08-19 16:52:54.328,-0.43,-0.005
2021-08-19 16:52:54.332,-0.425,0.005
2021-08-19 16:52:54.336,-0.415,0.005
2021-08-19 16:52:54.340,-0.435,0.03
2021-08-19 16:52:54.344,-0.455,0.035
2021-08-19 16:52:54.348,-0.525,0.04
2021-08-19 16:52:54.352,-0.53,0.0
2021-08-19 16:52:54.356,-0.49,0.025
2021-08-19 16:52:54.360,-0.44,0.025
2021-08-19 16:52:54.364,-0.445,0.005
2021-08-19 16:52:54.368,-0.45,0.005
2021-08-19 16:52:54.372,-0.41,0.005
2021-08-19 16:52:54.376,-0.44,0.025
2021-08-19 16:52:54.380,-0.46,0.025
2021-08-19 16:52:54.384,-0.47,0.045
2021-08-19 16:52:54.388,-0.465,0.035
2021-08-19 16:52:54.392,-0.465,0.045
2021-08-19 16:52:54.396,-0.475,0.05
2021-08-19 16:52:54.400,-0.48,0.04
2021-08-19 16:52:54.404,-0.41,0.06
2021-08-19 16:52:54.408,-0.33,0.07
2021-08-19 16:52:54.412,-0.29,0.085
2021-08-19 16:52:54.416,-0.31,0.13
2021-08-19 16:52:54.420,-0.34,0.21
2021-08-19 16:52:54.424,-0.315,0.21
2021-08-19 16:52:54.428,-0.125,0.11
2021-08-19 16:52:54.432,0.365,-0.045
2021-08-19 16:52:54.436,0.995,-0.145
2021-08-19 16:52:54.440,1.64,-0.35
2021-08-19 16:52:54.444,1.965,-0.71
2021-08-19 16:52:54.448,1.65,-0.985
2021-08-19 16:52:54.452,0.8,-0.94
2021-08-19 16:52:54.456,-0.14,-0.66
2021-08-19 16:52:54.460,-0.845,-0.48
2021-08-19 16:52:54.464,-0.955,-0.47
2021-08-19 16:52:54.468,-0.805,-0.265
2021-08-19 16:52:54.472,-0.58,-0.22
2021-08-19 16:52:54.476,-0.47,-0.17
2021-08-19 16:52:54.480,-0.445,-0.095
2021-08-19 16:52:54.484,-0.465,-0.05
2021-08-19 16:52:54.488,-0.485,0.025
2021-08-19 16:52:54.492,-0.46,0.04
2021-08-19 16:52:54.496,-0.43,0.05
2021-08-19 16:52:54.500,-0.47,0.065
2021-08-19 16:52:54.504,-0.495,0.05
2021-08-19 16:52:54.508,-0.47,0.045
2021-08-19 16:52:54.512,-0.445,0.005
2021-08-19 16:52:54.516,-0.455,0.025
2021-08-19 16:52:54.520,-0.45,0.035
2021-08-19 16:52:54.524,-0.445,0.03
2021-08-19 16:52:54.528,-0.375,0.015
2021-08-19 16:52:54.532,-0.37,0.025
2021-08-19 16:52:54.536,-0.455,0.015
2021-08-19 16:52:54.540,-0.505,0.02
2021-08-19 16:52:54.544,-0.405,0.01
2021-08-19 16:52:54.548,-0.34,0.025
2021-08-19 16:52:54.552,-0.42,0.04
2021-08-19 16:52:54.556,-0.52,0.045
2021-08-19 16:52:54.560,-0.6,0.04
2021-08-19 16:52:54.564,-0.5,0.045
2021-08-19 16:52:54.568,-0.4,0.025
2021-08-19 16:52:54.572,-0.41,0.015
2021-08-19 16:52:54.576,-0.47,0.025
2021-08-19 16:52:54.580,-0.52,0.03
2021-08-19 16:52:54.584,-0.48,0.02
2021-08-19 16:52:54.588,-0.39,0.02
2021-08-19 16:52:54.592,-0.38,0.035
2021-08-19 16:52:54.596,-0.445,0.025
2021-08-19 16:52:54.600,-0.425,0.05
2021-08-19 16:52:54.604,-0.395,0.035
2021-08-19 16:52:54.608,-0.39,0.015
2021-08-19 16:52:54.612,-0.345,0.01
2021-08-19 16:52:54.616,-0.32,-0.015
2021-08-19 16:52:54.620,-0.32,-0.01
2021-08-19 16:52:54.624,-0.365,0.0
2021-08-19 16:52:54.628,-0.37,0.005
2021-08-19 16:52:54.632,-0.36,0.015
2021-08-19 16:52:54.636,-0.315,0.005
2021-08-19 16:52:54.640,-0.275,0.045
2021-08-19 16:52:54.644,-0.29,0.065
2021-08-19 16:52:54.648,-0.31,0.045
2021-08-19 16:52:54.652,-0.33,0.055
2021-08-19 16:52:54.656,-0.31,0.035
2021-08-19 16:52:54.660,-0.3,0.025
2021-08-19 16:52:54.664,-0.34,0.015
2021-08-19 16:52:54.668,-0.39,0.005
2021-08-19 16:52:54.672,-0.44,0.01
2021-08-19 16:52:54.676,-0.415,0.015
2021-08-19 16:52:54.680,-0.375,0.0
2021-08-19 16:52:54.684,-0.39,-0.025
2021-08-19 16:52:54.688,-0.4,-0.045
2021-08-19 16:52:54.692,-0.37,-0.055
2021-08-19 16:52:54.696,-0.335,-0.08
2021-08-19 16:52:54.700,-0.3,-0.06
2021-08-19 16:52:54.704,-0.245,-0.08
2021-08-19 16:52:54.708,-0.22,-0.08
2021-08-19 16:52:54.712,-0.12,-0.06
2021-08-19 16:52:54.716,-0.045,-0.08
2021-08-19 16:52:54.720,-0.035,-0.1
2021-08-19 16:52:54.724,-0.01,-0.06
2021-08-19 16:52:54.728,-0.02,-0.085
2021-08-19 16:52:54.732,-0.04,-0.075
2021-08-19 16:52:54.736,-0.105,-0.045
2021-08-19 16:52:54.740,-0.155,-0.03
2021-08-19 16:52:54.744,-0.125,-0.05
2021-08-19 16:52:54.748,-0.095,-0.04
2021-08-19 16:52:54.752,-0.1,-0.035
2021-08-19 16:52:54.756,-0.14,-0.03
2021-08-19 16:52:54.760,-0.21,-0.005
2021-08-19 16:52:54.764,-0.205,-0.005
2021-08-19 16:52:54.768,-0.19,-0.015
2021-08-19 16:52:54.772,-0.21,-0.015
2021-08-19 16:52:54.776,-0.18,0.0
2021-08-19 16:52:54.780,-0.185,-0.02
2021-08-19 16:52:54.784,-0.145,-0.03
2021-08-19 16:52:54.788,-0.155,-0.015
2021-08-19 16:52:54.792,-0.13,-0.02
2021-08-19 16:52:54.796,-0.14,-0.02
2021-08-19 16:52:54.800,-0.08,-0.035
2021-08-19 16:52:54.804,-0.065,-0.04
2021-08-19 16:52:54.808,-0.06,-0.065
2021-08-19 16:52:54.812,-0.065,-0.03
2021-08-19 16:52:54.816,-0.015,-0.035
2021-08-19 16:52:54.820,0.06,-0.045
2021-08-19 16:52:54.824,0.08,-0.055
2021-08-19 16:52:54.828,0.03,-0.055
2021-08-19 16:52:54.832,0.01,-0.06
2021-08-19 16:52:54.836,0.01,-0.055
2021-08-19 16:52:54.840,0.055,-0.04
2021-08-19 16:52:54.844,0.075,-0.035
2021-08-19 16:52:54.848,0.06,-0.025
2021-08-19 16:52:54.852,0.015,-0.025
2021-08-19 16:52:54.856,0.02,-0.01
2021-08-19 16:52:54.860,-0.005,0.0
2021-08-19 16:52:54.864,-0.1,0.03
2021-08-19 16:52:54.868,-0.17,0.04
2021-08-19 16:52:54.872,-0.11,0.035
2021-08-19 16:52:54.876,-0.02,0.035
2021-08-19 16:52:54.880,-0.035,0.035
2021-08-19 16:52:54.884,-0.085,0.04
2021-08-19 16:52:54.888,-0.16,0.045
2021-08-19 16:52:54.892,-0.16,0.06
2021-08-19 16:52:54.896,-0.16,0.09
2021-08-19 16:52:54.900,-0.18,0.16
2021-08-19 16:52:54.904,-0.29,0.195
2021-08-19 16:52:54.908,-0.345,0.115
2021-08-19 16:52:54.912,-0.19,-0.06
2021-08-19 16:52:54.916,0.18,-0.2
2021-08-19 16:52:54.920,0.725,-0.325
2021-08-19 16:52:54.924,1.345,-0.63
2021-08-19 16:52:54.928,1.46,-0.99
2021-08-19 16:52:54.932,0.81,-1.22
2021-08-19 16:52:54.936,-0.105,-1.055
2021-08-19 16:52:54.940,-0.97,-0.715
2021-08-19 16:52:54.944,-1.195,-0.55
2021-08-19 16:52:54.948,-0.975,-0.42
2021-08-19 16:52:54.952,-0.635,-0.305
2021-08-19 16:52:54.956,-0.365,-0.235
2021-08-19 16:52:54.960,-0.3,-0.165
2021-08-19 16:52:54.964,-0.32,-0.11
2021-08-19 16:52:54.968,-0.37,-0.055
2021-08-19 16:52:54.972,-0.39,-0.025
2021-08-19 16:52:54.976,-0.355,-0.03
2021-08-19 16:52:54.980,-0.29,-0.01
2021-08-19 16:52:54.984,-0.24,-0.015
2021-08-19 16:52:54.988,-0.26,-0.03
2021-08-19 16:52:54.992,-0.29,-0.04
2021-08-19 16:52:54.996,-0.265,-0.025
2021-08-19 16:52:55.000,-0.28,-0.035
2021-08-19 16:52:55.004,-0.26,-0.04
2021-08-19 16:52:55.008,-0.265,-0.035
2021-08-19 16:52:55.012,-0.255,-0.055
2021-08-19 16:52:55.016,-0.24,-0.04
2021-08-19 16:52:55.020,-0.215,-0.03
2021-08-19 16:52:55.024,-0.16,-0.05
2021-08-19 16:52:55.028,-0.19,-0.025
2021-08-19 16:52:55.032,-0.195,-0.02
2021-08-19 16:52:55.036,-0.19,-0.035
2021-08-19 16:52:55.040,-0.215,-0.03
2021-08-19 16:52:55.044,-0.24,-0.025
2021-08-19 16:52:55.048,-0.23,-0.01
2021-08-19 16:52:55.052,-0.24,-0.005
2021-08-19 16:52:55.056,-0.245,0.0
2021-08-19 16:52:55.060,-0.23,0.0
2021-08-19 16:52:55.064,-0.295,0.04
2021-08-19 16:52:55.068,-0.305,0.05
2021-08-19 16:52:55.072,-0.305,0.03
2021-08-19 16:52:55.076,-0.24,0.015
2021-08-19 16:52:55.080,-0.15,0.015
2021-08-19 16:52:55.084,-0.065,0.035
2021-08-19 16:52:55.088,-0.08,0.065
2021-08-19 16:52:55.092,-0.065,0.095
2021-08-19 16:52:55.096,-0.065,0.115
2021-08-19 16:52:55.100,-0.07,0.105
2021-08-19 16:52:55.104,-0.105,0.11
2021-08-19 16:52:55.108,-0.09,0.13
2021-08-19 16:52:55.112,-0.155,0.1
2021-08-19 16:52:55.116,-0.175,0.125
2021-08-19 16:52:55.120,-0.14,0.11
2021-08-19 16:52:55.124,-0.145,0.115
2021-08-19 16:52:55.128,-0.18,0.105
2021-08-19 16:52:55.132,-0.185,0.095
2021-08-19 16:52:55.136,-0.21,0.09
2021-08-19 16:52:55.140,-0.175,0.06
2021-08-19 16:52:55.144,-0.09,0.045
2021-08-19 16:52:55.148,-0.075,0.02
2021-08-19 16:52:55.152,-0.04,0.005
2021-08-19 16:52:55.156,0.03,-0.005
2021-08-19 16:52:55.160,0.065,-0.025
2021-08-19 16:52:55.164,0.095,-0.045
2021-08-19 16:52:55.168,0.165,-0.055
2021-08-19 16:52:55.172,0.215,-0.085
2021-08-19 16:52:55.176,0.215,-0.105
2021-08-19 16:52:55.180,0.155,-0.09
2021-08-19 16:52:55.184,0.065,-0.055
2021-08-19 16:52:55.188,-0.005,-0.07
2021-08-19 16:52:55.192,0.05,-0.05
2021-08-19 16:52:55.196,0.1,-0.05
2021-08-19 16:52:55.200,0.02,-0.05
2021-08-19 16:52:55.204,-0.03,-0.025
2021-08-19 16:52:55.208,-0.075,-0.04
2021-08-19 16:52:55.212,-0.09,-0.04
2021-08-19 16:52:55.216,-0.055,-0.04
2021-08-19 16:52:55.220,-0.05,-0.025
2021-08-19 16:52:55.224,-0.1,-0.015
2021-08-19 16:52:55.228,-0.145,0.0
2021-08-19 16:52:55.232,-0.195,0.015
2021-08-19 16:52:55.236,-0.22,0.0
2021-08-19 16:52:55.240,-0.19,0.0
2021-08-19 16:52:55.244,-0.12,0.0
2021-08-19 16:52:55.248,-0.115,-0.005
2021-08-19 16:52:55.252,-0.155,0.0
2021-08-19 16:52:55.256,-0.185,0.005
2021-08-19 16:52:55.260,-0.175,-0.01
2021-08-19 16:52:55.264,-0.13,-0.005
2021-08-19 16:52:55.268,-0.12,0.005
2021-08-19 16:52:55.272,-0.17,0.0
2021-08-19 16:52:55.276,-0.195,0.02
2021-08-19 16:52:55.280,-0.18,0.02
2021-08-19 16:52:55.284,-0.165,0.025
2021-08-19 16:52:55.288,-0.13,0.03
2021-08-19 16:52:55.292,-0.13,0.03
2021-08-19 16:52:55.296,-0.14,0.035
2021-08-19 16:52:55.300,-0.09,0.03
2021-08-19 16:52:55.304,-0.115,0.04
2021-08-19 16:52:55.308,-0.14,0.06
2021-08-19 16:52:55.312,-0.105,0.055
2021-08-19 16:52:55.316,-0.02,0.075
2021-08-19 16:52:55.320,0.0,0.06
2021-08-19 16:52:55.324,0.0,0.065
2021-08-19 16:52:55.328,-0.035,0.07
2021-08-19 16:52:55.332,-0.035,0.06
2021-08-19 16:52:55.336,-0.04,0.035
2021-08-19 16:52:55.340,-0.01,0.055
2021-08-19 16:52:55.344,-0.025,0.055
2021-08-19 16:52:55.348,-0.02,0.05
2021-08-19 16:52:55.352,0.01,0.065
2021-08-19 16:52:55.356,0.045,0.05
2021-08-19 16:52:55.360,-0.025,0.105
2021-08-19 16:52:55.364,-0.04,0.18
2021-08-19 16:52:55.368,-0.125,0.215
2021-08-19 16:52:55.372,-0.09,0.09
2021-08-19 16:52:55.376,0.205,-0.11
2021-08-19 16:52:55.380,0.68,-0.23
2021-08-19 16:52:55.384,1.245,-0.445
2021-08-19 16:52:55.388,1.685,-0.79
2021-08-19 16:52:55.392,1.525,-1.1
2021-08-19 16:52:55.396,0.63,-1.105
2021-08-19 16:52:55.400,-0.285,-0.77
2021-08-19 16:52:55.404,-1.015,-0.505
2021-08-19 16:52:55.408,-1.025,-0.41
2021-08-19 16:52:55.412,-0.755,-0.25
2021-08-19 16:52:55.416,-0.465,-0.18
2021-08-19 16:52:55.420,-0.365,-0.125
2021-08-19 16:52:55.424,-0.255,-0.065
2021-08-19 16:52:55.428,-0.195,-0.04
2021-08-19 16:52:55.432,-0.195,-0.005
2021-08-19 16:52:55.436,-0.225,0.0
2021-08-19 16:52:55.440,-0.255,0.01
2021-08-19 16:52:55.444,-0.26,0.0
2021-08-19 16:52:55.448,-0.225,0.0
2021-08-19 16:52:55.452,-0.21,0.005
2021-08-19 16:52:55.456,-0.235,0.025
2021-08-19 16:52:55.460,-0.2,0.025
2021-08-19 16:52:55.464,-0.18,0.005
2021-08-19 16:52:55.468,-0.22,-0.01
2021-08-19 16:52:55.472,-0.2,-0.005
2021-08-19 16:52:55.476,-0.19,0.005
2021-08-19 16:52:55.480,-0.165,0.005
2021-08-19 16:52:55.484,-0.125,0.005
2021-08-19 16:52:55.488,-0.135,0.005
2021-08-19 16:52:55.492,-0.145,-0.02
2021-08-19 16:52:55.496,-0.155,-0.01
2021-08-19 16:52:55.500,-0.13,-0.01
2021-08-19 16:52:55.504,-0.13,-0.055
2021-08-19 16:52:55.508,-0.11,-0.05
2021-08-19 16:52:55.512,-0.07,-0.005
2021-08-19 16:52:55.516,-0.14,0.01
2021-08-19 16:52:55.520,-0.215,0.055
2021-08-19 16:52:55.524,-0.17,0.08
2021-08-19 16:52:55.528,-0.165,0.09
2021-08-19 16:52:55.532,-0.165,0.105
2021-08-19 16:52:55.536,-0.055,0.125
2021-08-19 16:52:55.540,-0.045,0.105
2021-08-19 16:52:55.544,-0.05,0.09
2021-08-19 16:52:55.548,-0.02,0.065
2021-08-19 16:52:55.552,0.025,0.045
2021-08-19 16:52:55.556,0.065,0.04
2021-08-19 16:52:55.560,-0.025,0.06
2021-08-19 16:52:55.564,-0.16,0.045
2021-08-19 16:52:55.568,-0.23,0.06
2021-08-19 16:52:55.572,-0.135,0.045
2021-08-19 16:52:55.576,-0.05,0.02
2021-08-19 16:52:55.580,-0.04,0.015
2021-08-19 16:52:55.584,-0.04,0.015
2021-08-19 16:52:55.588,-0.035,0.01
2021-08-19 16:52:55.592,-0.045,0.0
2021-08-19 16:52:55.596,-0.065,0.005
2021-08-19 16:52:55.600,-0.05,-0.04
2021-08-19 16:52:55.604,-0.01,-0.02
2021-08-19 16:52:55.608,0.035,-0.015
2021-08-19 16:52:55.612,0.065,-0.045
2021-08-19 16:52:55.616,0.1,-0.06
2021-08-19 16:52:55.620,0.155,-0.08
2021-08-19 16:52:55.624,0.21,-0.095
2021-08-19 16:52:55.628,0.295,-0.12
2021-08-19 16:52:55.632,0.37,-0.13
2021-08-19 16:52:55.636,0.3,-0.105
2021-08-19 16:52:55.640,0.205,-0.11
2021-08-19 16:52:55.644,0.155,-0.095
2021-08-19 16:52:55.648,0.15,-0.11
2021-08-19 16:52:55.652,0.165,-0.11
2021-08-19 16:52:55.656,0.18,-0.115
2021-08-19 16:52:55.660,0.13,-0.105
2021-08-19 16:52:55.664,0.07,-0.12
2021-08-19 16:52:55.668,0.055,-0.11
2021-08-19 16:52:55.672,0.04,-0.1
2021-08-19 16:52:55.676,0.05,-0.125
2021-08-19 16:52:55.680,0.055,-0.085
2021-08-19 16:52:55.684,0.07,-0.03
2021-08-19 16:52:55.688,0.03,-0.01
2021-08-19 16:52:55.692,0.04,-0.015
2021-08-19 16:52:55.696,0.095,-0.02
2021-08-19 16:52:55.700,0.125,-0.04
2021-08-19 16:52:55.704,0.09,-0.01
2021-08-19 16:52:55.708,0.085,-0.005
2021-08-19 16:52:55.712,0.02,0.035
2021-08-19 16:52:55.716,-0.015,0.105
2021-08-19 16:52:55.720,-0.005,0.175
2021-08-19 16:52:55.724,-0.015,0.15
2021-08-19 16:52:55.728,0.105,-0.02
2021-08-19 16:52:55.732,0.535,-0.185
2021-08-19 16:52:55.736,1.085,-0.335
2021-08-19 16:52:55.740,1.635,-0.58
2021-08-19 16:52:55.744,1.945,-0.885
2021-08-19 16:52:55.748,1.69,-1.08
2021-08-19 16:52:55.752,0.855,-0.97
2021-08-19 16:52:55.756,0.03,-0.74
2021-08-19 16:52:55.760,-0.33,-0.69
2021-08-19 16:52:55.764,-0.455,-0.495
2021-08-19 16:52:55.768,-0.315,-0.265
2021-08-19 16:52:55.772,-0.175,-0.145
2021-08-19 16:52:55.776,-0.115,-0.115
2021-08-19 16:52:55.780,-0.02,-0.08
2021-08-19 16:52:55.784,-0.025,-0.06
2021-08-19 16:52:55.788,-0.04,-0.025
2021-08-19 16:52:55.792,-0.075,-0.025
2021-08-19 16:52:55.796,-0.14,-0.06
2021-08-19 16:52:55.800,-0.16,-0.075
2021-08-19 16:52:55.804,-0.18,-0.07
2021-08-19 16:52:55.808,-0.15,-0.08
2021-08-19 16:52:55.812,-0.23,-0.07
2021-08-19 16:52:55.816,-0.25,-0.06
2021-08-19 16:52:55.820,-0.335,-0.04
2021-08-19 16:52:55.824,-0.355,-0.055
2021-08-19 16:52:55.828,-0.31,-0.06
2021-08-19 16:52:55.832,-0.27,-0.055
2021-08-19 16:52:55.836,-0.285,-0.06
2021-08-19 16:52:55.840,-0.27,-0.035
2021-08-19 16:52:55.844,-0.24,-0.03
2021-08-19 16:52:55.848,-0.235,-0.015
2021-08-19 16:52:55.852,-0.21,0.0
2021-08-19 16:52:55.856,-0.17,-0.035
2021-08-19 16:52:55.860,-0.205,-0.06
2021-08-19 16:52:55.864,-0.185,-0.025
2021-08-19 16:52:55.868,-0.155,-0.06
2021-08-19 16:52:55.872,-0.18,-0.045
2021-08-19 16:52:55.876,-0.19,-0.045
2021-08-19 16:52:55.880,-0.18,-0.03
2021-08-19 16:52:55.884,-0.19,-0.035
2021-08-19 16:52:55.888,-0.185,-0.02
2021-08-19 16:52:55.892,-0.155,-0.015
2021-08-19 16:52:55.896,-0.12,-0.03
2021-08-19 16:52:55.900,-0.055,-0.01
2021-08-19 16:52:55.904,-0.06,0.01
2021-08-19 16:52:55.908,-0.09,0.015
2021-08-19 16:52:55.912,-0.1,0.01
2021-08-19 16:52:55.916,-0.11,0.01
2021-08-19 16:52:55.920,-0.155,0.005
2021-08-19 16:52:55.924,-0.11,0.005
2021-08-19 16:52:55.928,-0.025,0.0
2021-08-19 16:52:55.932,0.0,0.0
2021-08-19 16:52:55.936,0.045,-0.01
2021-08-19 16:52:55.940,0.075,-0.03
2021-08-19 16:52:55.944,0.055,-0.045
2021-08-19 16:52:55.948,0.065,-0.055
2021-08-19 16:52:55.952,0.105,-0.04
2021-08-19 16:52:55.956,0.165,-0.065
2021-08-19 16:52:55.960,0.185,-0.08
2021-08-19 16:52:55.964,0.22,-0.11
2021-08-19 16:52:55.968,0.255,-0.135
2021-08-19 16:52:55.972,0.295,-0.13
2021-08-19 16:52:55.976,0.355,-0.13
2021-08-19 16:52:55.980,0.3,-0.14
2021-08-19 16:52:55.984,0.285,-0.135
2021-08-19 16:52:55.988,0.27,-0.145
2021-08-19 16:52:55.992,0.225,-0.135
2021-08-19 16:52:55.996,0.215,-0.13
2021-08-19 16:52:56.000,0.195,-0.115
2021-08-19 16:52:56.004,0.18,-0.085
2021-08-19 16:52:56.008,0.14,-0.08
2021-08-19 16:52:56.012,0.155,-0.105
2021-08-19 16:52:56.016,0.165,-0.11
2021-08-19 16:52:56.020,0.13,-0.11
2021-08-19 16:52:56.024,0.05,-0.08
2021-08-19 16:52:56.028,-0.045,-0.085
2021-08-19 16:52:56.032,-0.065,-0.09
2021-08-19 16:52:56.036,0.01,-0.105
2021-08-19 16:52:56.040,0.07,-0.115
2021-08-19 16:52:56.044,0.045,-0.105
2021-08-19 16:52:56.048,0.03,-0.07
2021-08-19 16:52:56.052,-0.04,-0.1
2021-08-19 16:52:56.056,-0.08,-0.085
2021-08-19 16:52:56.060,-0.045,-0.07
2021-08-19 16:52:56.064,-0.01,-0.08
2021-08-19 16:52:56.068,-0.07,-0.07
2021-08-19 16:52:56.072,-0.065,-0.075
2021-08-19 16:52:56.076,-0.03,-0.08
2021-08-19 16:52:56.080,0.025,-0.08
2021-08-19 16:52:56.084,0.08,-0.07
2021-08-19 16:52:56.088,0.02,-0.075
2021-08-19 16:52:56.092,-0.05,-0.09
2021-08-19 16:52:56.096,0.0,-0.06
2021-08-19 16:52:56.100,0.07,-0.06
2021-08-19 16:52:56.104,0.04,-0.085
2021-08-19 16:52:56.108,0.005,-0.07
2021-08-19 16:52:56.112,-0.025,-0.11
2021-08-19 16:52:56.116,-0.045,-0.08
2021-08-19 16:52:56.120,-0.035,-0.08
2021-08-19 16:52:56.124,-0.08,-0.06
2021-08-19 16:52:56.128,-0.09,-0.07
2021-08-19 16:52:56.132,-0.035,-0.08
2021-08-19 16:52:56.136,-0.04,-0.075
2021-08-19 16:52:56.140,-0.09,-0.065
2021-08-19 16:52:56.144,-0.09,-0.06
2021-08-19 16:52:56.148,-0.075,-0.04
2021-08-19 16:52:56.152,-0.075,-0.02
2021-08-19 16:52:56.156,-0.075,-0.01
2021-08-19 16:52:56.160,-0.115,0.015
2021-08-19 16:52:56.164,-0.135,0.02
2021-08-19 16:52:56.168,-0.115,0.005
2021-08-19 16:52:56.172,-0.075,0.015
2021-08-19 16:52:56.176,-0.035,0.015
2021-08-19 16:52:56.180,-0.07,0.03
2021-08-19 16:52:56.184,-0.135,0.035
2021-08-19 16:52:56.188,-0.18,-0.015
2021-08-19 16:52:56.192,-0.185,0.0
2021-08-19 16:52:56.196,-0.16,0.015
2021-08-19 16:52:56.200,-0.17,-0.005
2021-08-19 16:52:56.204,-0.2,0.0
2021-08-19 16:52:56.208,-0.205,0.0
2021-08-19 16:52:56.212,-0.21,0.005
2021-08-19 16:52:56.216,-0.24,-0.005
2021-08-19 16:52:56.220,-0.205,-0.015
2021-08-19 16:52:56.224,-0.195,-0.025
2021-08-19 16:52:56.228,-0.24,-0.035
2021-08-19 16:52:56.232,-0.21,-0.04
2021-08-19 16:52:56.236,-0.23,-0.045
2021-08-19 16:52:56.240,-0.24,-0.055
2021-08-19 16:52:56.244,-0.23,-0.06
2021-08-19 16:52:56.248,-0.28,-0.08
2021-08-19 16:52:56.252,-0.295,-0.085
2021-08-19 16:52:56.256,-0.265,-0.065
2021-08-19 16:52:56.260,-0.22,-0.095
2021-08-19 16:52:56.264,-0.225,-0.105
2021-08-19 16:52:56.268,-0.28,-0.07
2021-08-19 16:52:56.272,-0.32,-0.11
2021-08-19 16:52:56.276,-0.345,-0.11
2021-08-19 16:52:56.280,-0.3,-0.1
2021-08-19 16:52:56.284,-0.29,-0.105
2021-08-19 16:52:56.288,-0.32,-0.1
2021-08-19 16:52:56.292,-0.345,-0.085
2021-08-19 16:52:56.296,-0.33,-0.085
2021-08-19 16:52:56.300,-0.295,-0.06
2021-08-19 16:52:56.304,-0.29,-0.035
2021-08-19 16:52:56.308,-0.36,-0.015
2021-08-19 16:52:56.312,-0.36,-0.01
2021-08-19 16:52:56.316,-0.34,0.0
2021-08-19 16:52:56.320,-0.335,0.01
2021-08-19 16:52:56.324,-0.375,0.01
2021-08-19 16:52:56.328,-0.365,0.02
2021-08-19 16:52:56.332,-0.315,0.02
2021-08-19 16:52:56.336,-0.27,0.025
2021-08-19 16:52:56.340,-0.22,0.045
2021-08-19 16:52:56.344,-0.15,0.04
2021-08-19 16:52:56.348,-0.215,0.06
2021-08-19 16:52:56.352,-0.275,0.065
2021-08-19 16:52:56.356,-0.255,0.075
2021-08-19 16:52:56.360,-0.245,0.07
2021-08-19 16:52:56.364,-0.22,0.09
2021-08-19 16:52:56.368,-0.19,0.08
2021-08-19 16:52:56.372,-0.18,0.1
2021-08-19 16:52:56.376,-0.18,0.145
2021-08-19 16:52:56.380,-0.18,0.25
2021-08-19 16:52:56.384,-0.2,0.235
2021-08-19 16:52:56.388,-0.07,0.105
2021-08-19 16:52:56.392,0.29,-0.1
2021-08-19 16:52:56.396,0.805,-0.24
2021-08-19 16:52:56.400,1.33,-0.535
2021-08-19 16:52:56.404,1.72,-0.9
2021-08-19 16:52:56.408,1.525,-1.205
2021-08-19 16:52:56.412,0.675,-1.12
2021-08-19 16:52:56.416,-0.095,-0.705
2021-08-19 16:52:56.420,-0.75,-0.515
2021-08-19 16:52:56.424,-0.92,-0.47
2021-08-19 16:52:56.428,-0.795,-0.315
2021-08-19 16:52:56.432,-0.63,-0.31
2021-08-19 16:52:56.436,-0.55,-0.25
2021-08-19 16:52:56.440,-0.455,-0.175
2021-08-19 16:52:56.444,-0.405,-0.18
2021-08-19 16:52:56.448,-0.415,-0.145
2021-08-19 16:52:56.452,-0.395,-0.115
2021-08-19 16:52:56.456,-0.41,-0.1
2021-08-19 16:52:56.460,-0.45,-0.095
2021-08-19 16:52:56.464,-0.46,-0.08
2021-08-19 16:52:56.468,-0.465,-0.09
2021-08-19 16:52:56.472,-0.545,-0.08
2021-08-19 16:52:56.476,-0.565,-0.09
2021-08-19 16:52:56.480,-0.535,-0.1
2021-08-19 16:52:56.484,-0.54,-0.095
2021-08-19 16:52:56.488,-0.51,-0.1
2021-08-19 16:52:56.492,-0.485,-0.085
2021-08-19 16:52:56.496,-0.5,-0.09
2021-08-19 16:52:56.500,-0.53,-0.09
2021-08-19 16:52:56.504,-0.57,-0.075
2021-08-19 16:52:56.508,-0.605,-0.085
2021-08-19 16:52:56.512,-0.58,-0.065
2021-08-19 16:52:56.516,-0.505,-0.065
2021-08-19 16:52:56.520,-0.5,-0.05
2021-08-19 16:52:56.524,-0.565,-0.03
2021-08-19 16:52:56.528,-0.57,-0.01
2021-08-19 16:52:56.532,-0.6,-0.01
2021-08-19 16:52:56.536,-0.55,-0.025
2021-08-19 16:52:56.540,-0.515,-0.035
2021-08-19 16:52:56.544,-0.555,-0.04
2021-08-19 16:52:56.548,-0.615,-0.01
2021-08-19 16:52:56.552,-0.605,0.0
2021-08-19 16:52:56.556,-0.65,0.0
2021-08-19 16:52:56.560,-0.65,0.0
2021-08-19 16:52:56.564,-0.595,0.0
2021-08-19 16:52:56.568,-0.565,0.0
2021-08-19 16:52:56.572,-0.555,-0.01
2021-08-19 16:52:56.576,-0.505,-0.015
2021-08-19 16:52:56.580,-0.47,0.015
2021-08-19 16:52:56.584,-0.42,0.02
2021-08-19 16:52:56.588,-0.31,0.0
2021-08-19 16:52:56.592,-0.315,0.01
2021-08-19 16:52:56.596,-0.385,0.015
2021-08-19 16:52:56.600,-0.375,0.005
2021-08-19 16:52:56.604,-0.36,-0.04
2021-08-19 16:52:56.608,-0.475,-0.06
2021-08-19 16:52:56.612,-0.52,-0.09
2021-08-19 16:52:56.616,-0.495,-0.145
2021-08-19 16:52:56.620,-0.48,-0.125
2021-08-19 16:52:56.624,-0.5,-0.12
2021-08-19 16:52:56.628,-0.54,-0.135
2021-08-19 16:52:56.632,-0.58,-0.15
2021-08-19 16:52:56.636,-0.615,-0.215
2021-08-19 16:52:56.640,-0.66,-0.245
2021-08-19 16:52:56.644,-0.615,-0.255
2021-08-19 16:52:56.648,-0.53,-0.24
2021-08-19 16:52:56.652,-0.5,-0.255
2021-08-19 16:52:56.656,-0.58,-0.285
2021-08-19 16:52:56.660,-0.615,-0.27
2021-08-19 16:52:56.664,-0.6,-0.26
2021-08-19 16:52:56.668,-0.575,-0.28
2021-08-19 16:52:56.672,-0.495,-0.245
2021-08-19 16:52:56.676,-0.465,-0.27
2021-08-19 16:52:56.680,-0.45,-0.25
2021-08-19 16:52:56.684,-0.43,-0.245
2021-08-19 16:52:56.688,-0.38,-0.225
2021-08-19 16:52:56.692,-0.37,-0.21
2021-08-19 16:52:56.696,-0.395,-0.19
2021-08-19 16:52:56.700,-0.39,-0.16
2021-08-19 16:52:56.704,-0.445,-0.12
2021-08-19 16:52:56.708,-0.425,-0.14
2021-08-19 16:52:56.712,-0.405,-0.13
2021-08-19 16:52:56.716,-0.39,-0.1
2021-08-19 16:52:56.720,-0.38,-0.045
2021-08-19 16:52:56.724,-0.38,-0.07
2021-08-19 16:52:56.728,-0.42,-0.045
2021-08-19 16:52:56.732,-0.45,-0.05
2021-08-19 16:52:56.736,-0.44,-0.03
2021-08-19 16:52:56.740,-0.475,-0.04
2021-08-19 16:52:56.744,-0.44,0.0
2021-08-19 16:52:56.748,-0.465,0.0
2021-08-19 16:52:56.752,-0.425,0.0
2021-08-19 16:52:56.756,-0.335,-0.025
2021-08-19 16:52:56.760,-0.36,-0.01
2021-08-19 16:52:56.764,-0.465,0.0
2021-08-19 16:52:56.768,-0.555,0.01
2021-08-19 16:52:56.772,-0.495,0.0
2021-08-19 16:52:56.776,-0.425,0.0
2021-08-19 16:52:56.780,-0.435,0.005
2021-08-19 16:52:56.784,-0.43,0.015
2021-08-19 16:52:56.788,-0.37,0.05
2021-08-19 16:52:56.792,-0.315,0.095
2021-08-19 16:52:56.796,-0.29,0.145
2021-08-19 16:52:56.800,-0.3,0.11
2021-08-19 16:52:56.804,-0.12,-0.095
2021-08-19 16:52:56.808,0.395,-0.29
2021-08-19 16:52:56.812,1.075,-0.41
2021-08-19 16:52:56.816,1.595,-0.69
2021-08-19 16:52:56.820,1.88,-0.96
2021-08-19 16:52:56.824,1.67,-1.085
2021-08-19 16:52:56.828,0.77,-0.88
2021-08-19 16:52:56.832,-0.16,-0.395
2021-08-19 16:52:56.836,-0.68,-0.245
2021-08-19 16:52:56.840,-0.8,-0.19
2021-08-19 16:52:56.844,-0.665,-0.18
2021-08-19 16:52:56.848,-0.62,-0.22
2021-08-19 16:52:56.852,-0.485,-0.2
2021-08-19 16:52:56.856,-0.43,-0.13
2021-08-19 16:52:56.860,-0.46,-0.12
2021-08-19 16:52:56.864,-0.57,-0.105
2021-08-19 16:52:56.868,-0.6,-0.095
2021-08-19 16:52:56.872,-0.545,-0.09
2021-08-19 16:52:56.876,-0.53,-0.11
2021-08-19 16:52:56.880,-0.55,-0.1
2021-08-19 16:52:56.884,-0.61,-0.105
2021-08-19 16:52:56.888,-0.66,-0.11
2021-08-19 16:52:56.892,-0.67,-0.12
2021-08-19 16:52:56.896,-0.59,-0.11
2021-08-19 16:52:56.900,-0.535,-0.09
2021-08-19 16:52:56.904,-0.555,-0.105
2021-08-19 16:52:56.908,-0.515,-0.08
2021-08-19 16:52:56.912,-0.58,-0.07
2021-08-19 16:52:56.916,-0.65,-0.075
2021-08-19 16:52:56.920,-0.635,-0.07
2021-08-19 16:52:56.924,-0.595,-0.06
2021-08-19 16:52:56.928,-0.59,-0.065
2021-08-19 16:52:56.932,-0.52,-0.075
2021-08-19 16:52:56.936,-0.59,-0.02
2021-08-19 16:52:56.940,-0.625,-0.005
2021-08-19 16:52:56.944,-0.585,-0.02
2021-08-19 16:52:56.948,-0.525,-0.04
2021-08-19 16:52:56.952,-0.585,-0.05
2021-08-19 16:52:56.956,-0.5,-0.015
2021-08-19 16:52:56.960,-0.465,-0.015
2021-08-19 16:52:56.964,-0.39,-0.025
2021-08-19 16:52:56.968,-0.385,-0.015
2021-08-19 16:52:56.972,-0.43,-0.035
2021-08-19 16:52:56.976,-0.48,-0.05
2021-08-19 16:52:56.980,-0.445,-0.025
2021-08-19 16:52:56.984,-0.44,0.0
2021-08-19 16:52:56.988,-0.435,-0.015
2021-08-19 16:52:56.992,-0.375,-0.02
2021-08-19 16:52:56.996,-0.31,-0.005
2021-08-19 16:52:57.000,-0.285,0.01
2021-08-19 16:52:57.004,-0.28,0.02
2021-08-19 16:52:57.008,-0.27,-0.005
2021-08-19 16:52:57.012,-0.265,-0.03
2021-08-19 16:52:57.016,-0.19,-0.045
2021-08-19 16:52:57.020,-0.135,-0.065
2021-08-19 16:52:57.024,-0.155,-0.1
2021-08-19 16:52:57.028,-0.08,-0.155
2021-08-19 16:52:57.032,-0.01,-0.19
2021-08-19 16:52:57.036,-0.08,-0.195
2021-08-19 16:52:57.040,-0.23,-0.22
2021-08-19 16:52:57.044,-0.185,-0.22
2021-08-19 16:52:57.048,-0.105,-0.215
2021-08-19 16:52:57.052,-0.09,-0.185
2021-08-19 16:52:57.056,-0.065,-0.2
2021-08-19 16:52:57.060,-0.105,-0.2
2021-08-19 16:52:57.064,-0.175,-0.17
2021-08-19 16:52:57.068,-0.255,-0.16
2021-08-19 16:52:57.072,-0.345,-0.135
2021-08-19 16:52:57.076,-0.36,-0.13
2021-08-19 16:52:57.080,-0.3,-0.125
2021-08-19 16:52:57.084,-0.32,-0.13
2021-08-19 16:52:57.088,-0.395,-0.13
2021-08-19 16:52:57.092,-0.4,-0.14
2021-08-19 16:52:57.096,-0.405,-0.105
2021-08-19 16:52:57.100,-0.385,-0.095
2021-08-19 16:52:57.104,-0.375,-0.09
2021-08-19 16:52:57.108,-0.45,-0.05
2021-08-19 16:52:57.112,-0.565,-0.08
2021-08-19 16:52:57.116,-0.515,-0.08
2021-08-19 16:52:57.120,-0.515,-0.055
2021-08-19 16:52:57.124,-0.52,-0.04
2021-08-19 16:52:57.128,-0.515,-0.05
2021-08-19 16:52:57.132,-0.495,-0.045
2021-08-19 16:52:57.136,-0.48,-0.03
2021-08-19 16:52:57.140,-0.47,-0.05
2021-08-19 16:52:57.144,-0.475,-0.03
2021-08-19 16:52:57.148,-0.505,-0.03
2021-08-19 16:52:57.152,-0.505,-0.025
2021-08-19 16:52:57.156,-0.47,0.0
2021-08-19 16:52:57.160,-0.46,0.0
2021-08-19 16:52:57.164,-0.42,0.0
2021-08-19 16:52:57.168,-0.38,0.0
2021-08-19 16:52:57.172,-0.445,0.015
2021-08-19 16:52:57.176,-0.475,0.035
2021-08-19 16:52:57.180,-0.51,0.035
2021-08-19 16:52:57.184,-0.505,0.035
2021-08-19 16:52:57.188,-0.425,0.035
2021-08-19 16:52:57.192,-0.37,0.055
2021-08-19 16:52:57.196,-0.345,0.095
2021-08-19 16:52:57.200,-0.34,0.135
2021-08-19 16:52:57.204,-0.36,0.135
2021-08-19 16:52:57.208,-0.425,0.13
2021-08-19 16:52:57.212,-0.435,0.115
2021-08-19 16:52:57.216,-0.41,0.11
2021-08-19 16:52:57.220,-0.345,0.055
2021-08-19 16:52:57.224,-0.245,-0.005
2021-08-19 16:52:57.228,-0.18,-0.035
2021-08-19 16:52:57.232,-0.225,-0.04
2021-08-19 16:52:57.236,-0.295,-0.03
2021-08-19 16:52:57.240,-0.295,-0.05
2021-08-19 16:52:57.244,-0.27,-0.085
2021-08-19 16:52:57.248,-0.285,-0.07
2021-08-19 16:52:57.252,-0.32,-0.085
2021-08-19 16:52:57.256,-0.42,-0.075
2021-08-19 16:52:57.260,-0.535,-0.085
2021-08-19 16:52:57.264,-0.525,-0.06
2021-08-19 16:52:57.268,-0.465,-0.09
2021-08-19 16:52:57.272,-0.47,-0.105
2021-08-19 16:52:57.276,-0.48,-0.09
2021-08-19 16:52:57.280,-0.505,-0.11
2021-08-19 16:52:57.284,-0.485,-0.125
2021-08-19 16:52:57.288,-0.445,-0.115
2021-08-19 16:52:57.292,-0.46,-0.115
2021-08-19 16:52:57.296,-0.525,-0.1
2021-08-19 16:52:57.300,-0.55,-0.1
2021-08-19 16:52:57.304,-0.5,-0.055
2021-08-19 16:52:57.308,-0.505,-0.055
2021-08-19 16:52:57.312,-0.485,-0.065
2021-08-19 16:52:57.316,-0.495,-0.04
2021-08-19 16:52:57.320,-0.575,-0.05
2021-08-19 16:52:57.324,-0.605,-0.025
2021-08-19 16:52:57.328,-0.59,-0.035
2021-08-19 16:52:57.332,-0.575,-0.01
2021-08-19 16:52:57.336,-0.555,0.045
2021-08-19 16:52:57.340,-0.57,0.12
2021-08-19 16:52:57.344,-0.59,0.155
2021-08-19 16:52:57.348,-0.49,0.045
2021-08-19 16:52:57.352,-0.155,-0.15
2021-08-19 16:52:57.356,0.35,-0.28
2021-08-19 16:52:57.360,0.955,-0.435
2021-08-19 16:52:57.364,1.445,-0.76
2021-08-19 16:52:57.368,1.43,-1.1
2021-08-19 16:52:57.372,0.675,-1.165
2021-08-19 16:52:57.376,-0.135,-0.925
2021-08-19 16:52:57.380,-0.87,-0.67
2021-08-19 16:52:57.384,-1.04,-0.685
2021-08-19 16:52:57.388,-1.01,-0.455
2021-08-19 16:52:57.392,-0.84,-0.3
2021-08-19 16:52:57.396,-0.74,-0.19
2021-08-19 16:52:57.400,-0.685,-0.08
2021-08-19 16:52:57.404,-0.67,-0.005
2021-08-19 16:52:57.408,-0.625,0.065
2021-08-19 16:52:57.412,-0.53,0.115
2021-08-19 16:52:57.416,-0.485,0.12
2021-08-19 16:52:57.420,-0.455,0.11
2021-08-19 16:52:57.424,-0.42,0.075
2021-08-19 16:52:57.428,-0.4,0.03
2021-08-19 16:52:57.432,-0.375,0.02
2021-08-19 16:52:57.436,-0.34,0.01
2021-08-19 16:52:57.440,-0.315,-0.015
2021-08-19 16:52:57.444,-0.345,-0.025
2021-08-19 16:52:57.448,-0.415,-0.035
2021-08-19 16:52:57.452,-0.49,-0.015
2021-08-19 16:52:57.456,-0.515,-0.025
2021-08-19 16:52:57.460,-0.485,-0.025
2021-08-19 16:52:57.464,-0.51,-0.015
2021-08-19 16:52:57.468,-0.55,-0.025
2021-08-19 16:52:57.472,-0.555,-0.02
2021-08-19 16:52:57.476,-0.545,-0.065
2021-08-19 16:52:57.480,-0.515,-0.055
2021-08-19 16:52:57.484,-0.5,-0.065
2021-08-19 16:52:57.488,-0.48,-0.075
2021-08-19 16:52:57.492,-0.53,-0.065
2021-08-19 16:52:57.496,-0.565,-0.065
2021-08-19 16:52:57.500,-0.57,-0.06
2021-08-19 16:52:57.504,-0.58,-0.04
2021-08-19 16:52:57.508,-0.585,-0.045
2021-08-19 16:52:57.512,-0.565,-0.03
2021-08-19 16:52:57.516,-0.54,-0.04
2021-08-19 16:52:57.520,-0.535,-0.045
2021-08-19 16:52:57.524,-0.47,-0.045
2021-08-19 16:52:57.528,-0.535,-0.05
2021-08-19 16:52:57.532,-0.59,-0.05
2021-08-19 16:52:57.536,-0.59,-0.04
2021-08-19 16:52:57.540,-0.585,-0.04
2021-08-19 16:52:57.544,-0.56,-0.035
2021-08-19 16:52:57.548,-0.585,-0.05
2021-08-19 16:52:57.552,-0.545,-0.06
2021-08-19 16:52:57.556,-0.595,-0.035
2021-08-19 16:52:57.560,-0.615,-0.05
2021-08-19 16:52:57.564,-0.635,-0.045
2021-08-19 16:52:57.568,-0.655,-0.03
2021-08-19 16:52:57.572,-0.68,-0.04
2021-08-19 16:52:57.576,-0.685,-0.04
2021-08-19 16:52:57.580,-0.715,-0.04
2021-08-19 16:52:57.584,-0.695,-0.035
2021-08-19 16:52:57.588,-0.73,-0.01
2021-08-19 16:52:57.592,-0.755,-0.035
2021-08-19 16:52:57.596,-0.735,-0.035
2021-08-19 16:52:57.600,-0.69,-0.04
2021-08-19 16:52:57.604,-0.65,-0.015
2021-08-19 16:52:57.608,-0.485,0.035
2021-08-19 16:52:57.612,-0.35,0.08
2021-08-19 16:52:57.616,-0.355,0.12
2021-08-19 16:52:57.620,-0.365,0.11
2021-08-19 16:52:57.624,-0.27,0.1
2021-08-19 16:52:57.628,-0.18,0.11
2021-08-19 16:52:57.632,-0.115,0.11
2021-08-19 16:52:57.636,-0.04,0.06
2021-08-19 16:52:57.640,-0.015,0.04
2021-08-19 16:52:57.644,0.01,0.0
2021-08-19 16:52:57.648,-0.005,0.0
2021-08-19 16:52:57.652,-0.135,0.0
2021-08-19 16:52:57.656,-0.18,0.0
2021-08-19 16:52:57.660,-0.155,-0.035
2021-08-19 16:52:57.664,-0.17,-0.05
2021-08-19 16:52:57.668,-0.175,-0.045
2021-08-19 16:52:57.672,-0.205,-0.045
2021-08-19 16:52:57.676,-0.265,-0.05
2021-08-19 16:52:57.680,-0.29,-0.04
2021-08-19 16:52:57.684,-0.29,-0.035
2021-08-19 16:52:57.688,-0.335,-0.045
2021-08-19 16:52:57.692,-0.395,-0.06
2021-08-19 16:52:57.696,-0.335,-0.06
2021-08-19 16:52:57.700,-0.3,-0.08
2021-08-19 16:52:57.704,-0.285,-0.08
2021-08-19 16:52:57.708,-0.275,-0.075
2021-08-19 16:52:57.712,-0.335,-0.065
2021-08-19 16:52:57.716,-0.36,-0.065
2021-08-19 16:52:57.720,-0.325,-0.05
2021-08-19 16:52:57.724,-0.31,-0.07
2021-08-19 16:52:57.728,-0.31,-0.07
2021-08-19 16:52:57.732,-0.31,-0.07
2021-08-19 16:52:57.736,-0.31,-0.09
2021-08-19 16:52:57.740,-0.315,-0.08
2021-08-19 16:52:57.744,-0.285,-0.095
2021-08-19 16:52:57.748,-0.295,-0.09
2021-08-19 16:52:57.752,-0.31,-0.09
2021-08-19 16:52:57.756,-0.305,-0.06
2021-08-19 16:52:57.760,-0.395,-0.055
2021-08-19 16:52:57.764,-0.46,-0.045
2021-08-19 16:52:57.768,-0.395,-0.035
2021-08-19 16:52:57.772,-0.355,-0.045
2021-08-19 16:52:57.776,-0.355,-0.07
2021-08-19 16:52:57.780,-0.415,-0.075
2021-08-19 16:52:57.784,-0.45,-0.07
2021-08-19 16:52:57.788,-0.47,-0.04
2021-08-19 16:52:57.792,-0.425,-0.045
2021-08-19 16:52:57.796,-0.42,-0.035
2021-08-19 16:52:57.800,-0.46,-0.03
2021-08-19 16:52:57.804,-0.5,-0.025
2021-08-19 16:52:57.808,-0.525,-0.015
2021-08-19 16:52:57.812,-0.585,-0.01
2021-08-19 16:52:57.816,-0.6,0.0
2021-08-19 16:52:57.820,-0.56,0.005
2021-08-19 16:52:57.824,-0.475,0.015
2021-08-19 16:52:57.828,-0.41,0.04
2021-08-19 16:52:57.832,-0.38,0.045
2021-08-19 16:52:57.836,-0.415,0.05
2021-08-19 16:52:57.840,-0.445,0.06
2021-08-19 16:52:57.844,-0.445,0.04
2021-08-19 16:52:57.848,-0.445,0.025
2021-08-19 16:52:57.852,-0.425,0.045
2021-08-19 16:52:57.856,-0.365,0.055
2021-08-19 16:52:57.860,-0.31,0.055
2021-08-19 16:52:57.864,-0.3,0.075
2021-08-19 16:52:57.868,-0.265,0.075
2021-08-19 16:52:57.872,-0.29,0.065
2021-08-19 16:52:57.876,-0.315,0.06
2021-08-19 16:52:57.880,-0.32,0.055
2021-08-19 16:52:57.884,-0.33,0.06
2021-08-19 16:52:57.888,-0.295,0.03
2021-08-19 16:52:57.892,-0.275,-0.015
2021-08-19 16:52:57.896,-0.275,-0.05
2021-08-19 16:52:57.900,-0.31,-0.07
2021-08-19 16:52:57.904,-0.345,-0.055
2021-08-19 16:52:57.908,-0.365,-0.06
2021-08-19 16:52:57.912,-0.365,-0.065
2021-08-19 16:52:57.916,-0.37,-0.065
2021-08-19 16:52:57.920,-0.37,-0.075
2021-08-19 16:52:57.924,-0.405,-0.065
2021-08-19 16:52:57.928,-0.395,-0.065
2021-08-19 16:52:57.932,-0.375,-0.06
2021-08-19 16:52:57.936,-0.345,-0.035
2021-08-19 16:52:57.940,-0.315,0.015
2021-08-19 16:52:57.944,-0.345,0.08
2021-08-19 16:52:57.948,-0.375,0.085
2021-08-19 16:52:57.952,-0.25,-0.1
2021-08-19 16:52:57.956,0.055,-0.305
2021-08-19 16:52:57.960,0.53,-0.445
2021-08-19 16:52:57.964,1.1,-0.73
2021-08-19 16:52:57.968,1.455,-1.095
2021-08-19 16:52:57.972,1.085,-1.3
2021-08-19 16:52:57.976,0.27,-1.11
2021-08-19 16:52:57.980,-0.41,-0.71
2021-08-19 16:52:57.984,-0.92,-0.57
2021-08-19 16:52:57.988,-0.93,-0.51
2021-08-19 16:52:57.992,-0.86,-0.36
2021-08-19 16:52:57.996,-0.675,-0.33
2021-08-19 16:52:58.000,-0.58,-0.25
2021-08-19 16:52:58.004,-0.545,-0.16
2021-08-19 16:52:58.008,-0.51,-0.12
2021-08-19 16:52:58.012,-0.515,-0.08
2021-08-19 16:52:58.016,-0.53,-0.06
2021-08-19 16:52:58.020,-0.57,-0.045
2021-08-19 16:52:58.024,-0.605,-0.05
2021-08-19 16:52:58.028,-0.56,-0.01
2021-08-19 16:52:58.032,-0.565,-0.015
2021-08-19 16:52:58.036,-0.55,-0.01
2021-08-19 16:52:58.040,-0.515,-0.015
2021-08-19 16:52:58.044,-0.52,-0.02
2021-08-19 16:52:58.048,-0.58,-0.03
2021-08-19 16:52:58.052,-0.575,0.0
2021-08-19 16:52:58.056,-0.475,0.01
2021-08-19 16:52:58.060,-0.37,0.015
2021-08-19 16:52:58.064,-0.39,0.025
2021-08-19 16:52:58.068,-0.46,0.04
2021-08-19 16:52:58.072,-0.505,0.055
2021-08-19 16:52:58.076,-0.475,0.06
2021-08-19 16:52:58.080,-0.43,0.06
2021-08-19 16:52:58.084,-0.415,0.055
2021-08-19 16:52:58.088,-0.35,0.05
2021-08-19 16:52:58.092,-0.38,0.015
2021-08-19 16:52:58.096,-0.46,0.03
2021-08-19 16:52:58.100,-0.44,0.045
2021-08-19 16:52:58.104,-0.38,0.03
2021-08-19 16:52:58.108,-0.35,0.01
2021-08-19 16:52:58.112,-0.315,0.005
2021-08-19 16:52:58.116,-0.34,-0.02
2021-08-19 16:52:58.120,-0.345,-0.03
2021-08-19 16:52:58.124,-0.355,-0.015
2021-08-19 16:52:58.128,-0.31,-0.035
2021-08-19 16:52:58.132,-0.325,-0.065
2021-08-19 16:52:58.136,-0.32,-0.065
2021-08-19 16:52:58.140,-0.29,-0.045
2021-08-19 16:52:58.144,-0.27,-0.075
2021-08-19 16:52:58.148,-0.25,-0.06
2021-08-19 16:52:58.152,-0.24,-0.06
2021-08-19 16:52:58.156,-0.315,-0.05
2021-08-19 16:52:58.160,-0.37,-0.04
2021-08-19 16:52:58.164,-0.355,-0.06
2021-08-19 16:52:58.168,-0.355,-0.065
2021-08-19 16:52:58.172,-0.315,-0.08
2021-08-19 16:52:58.176,-0.26,-0.06
2021-08-19 16:52:58.180,-0.255,-0.055
2021-08-19 16:52:58.184,-0.315,-0.06
2021-08-19 16:52:58.188,-0.335,-0.045
2021-08-19 16:52:58.192,-0.305,-0.05
2021-08-19 16:52:58.196,-0.315,-0.055
2021-08-19 16:52:58.200,-0.33,-0.06
2021-08-19 16:52:58.204,-0.365,-0.065
2021-08-19 16:52:58.208,-0.35,-0.06
2021-08-19 16:52:58.212,-0.28,-0.07
2021-08-19 16:52:58.216,-0.235,-0.095
2021-08-19 16:52:58.220,-0.31,-0.07
2021-08-19 16:52:58.224,-0.345,-0.08
2021-08-19 16:52:58.228,-0.37,-0.055
2021-08-19 16:52:58.232,-0.345,-0.055
2021-08-19 16:52:58.236,-0.3,-0.06
2021-08-19 16:52:58.240,-0.315,-0.055
2021-08-19 16:52:58.244,-0.405,-0.065
2021-08-19 16:52:58.248,-0.41,-0.065
2021-08-19 16:52:58.252,-0.465,-0.075
2021-08-19 16:52:58.256,-0.5,-0.09
2021-08-19 16:52:58.260,-0.455,-0.08
2021-08-19 16:52:58.264,-0.405,-0.055
2021-08-19 16:52:58.268,-0.345,-0.01
2021-08-19 16:52:58.272,-0.325,0.005
2021-08-19 16:52:58.276,-0.32,0.03
2021-08-19 16:52:58.280,-0.35,0.06
2021-08-19 16:52:58.284,-0.36,0.065
2021-08-19 16:52:58.288,-0.36,0.03
2021-08-19 16:52:58.292,-0.355,0.015
2021-08-19 16:52:58.296,-0.34,0.0
2021-08-19 16:52:58.300,-0.34,0.015
2021-08-19 16:52:58.304,-0.375,0.01
2021-08-19 16:52:58.308,-0.345,-0.01
2021-08-19 16:52:58.312,-0.33,-0.04
2021-08-19 16:52:58.316,-0.3,-0.04
2021-08-19 16:52:58.320,-0.295,-0.045
2021-08-19 16:52:58.324,-0.295,-0.045
2021-08-19 16:52:58.328,-0.355,-0.05
2021-08-19 16:52:58.332,-0.29,-0.065
2021-08-19 16:52:58.336,-0.285,-0.08
2021-08-19 16:52:58.340,-0.295,-0.08
2021-08-19 16:52:58.344,-0.27,-0.085
2021-08-19 16:52:58.348,-0.245,-0.08
2021-08-19 16:52:58.352,-0.245,-0.105
2021-08-19 16:52:58.356,-0.275,-0.09
2021-08-19 16:52:58.360,-0.275,-0.09
2021-08-19 16:52:58.364,-0.325,-0.095
2021-08-19 16:52:58.368,-0.34,-0.075
2021-08-19 16:52:58.372,-0.32,-0.065
2021-08-19 16:52:58.376,-0.355,-0.07
2021-08-19 16:52:58.380,-0.355,-0.07
2021-08-19 16:52:58.384,-0.39,-0.055
2021-08-19 16:52:58.388,-0.385,-0.09
2021-08-19 16:52:58.392,-0.38,-0.07
2021-08-19 16:52:58.396,-0.355,-0.07
2021-08-19 16:52:58.400,-0.335,-0.07
2021-08-19 16:52:58.404,-0.35,-0.07
2021-08-19 16:52:58.408,-0.445,-0.05
2021-08-19 16:52:58.412,-0.49,-0.05
2021-08-19 16:52:58.416,-0.52,-0.055
2021-08-19 16:52:58.420,-0.445,-0.055
2021-08-19 16:52:58.424,-0.42,-0.075
2021-08-19 16:52:58.428,-0.455,-0.055
2021-08-19 16:52:58.432,-0.505,-0.055
2021-08-19 16:52:58.436,-0.59,-0.04
2021-08-19 16:52:58.440,-0.575,-0.045
2021-08-19 16:52:58.444,-0.52,-0.03
2021-08-19 16:52:58.448,-0.525,-0.015
2021-08-19 16:52:58.452,-0.575,-0.01
2021-08-19 16:52:58.456,-0.555,0.005
2021-08-19 16:52:58.460,-0.53,0.06
2021-08-19 16:52:58.464,-0.525,0.145
2021-08-19 16:52:58.468,-0.44,0.06
2021-08-19 16:52:58.472,-0.125,-0.15
2021-08-19 16:52:58.476,0.415,-0.295
2021-08-19 16:52:58.480,1.005,-0.48
2021-08-19 16:52:58.484,1.58,-0.785
2021-08-19 16:52:58.488,1.645,-1.05
2021-08-19 16:52:58.492,0.9,-1.065
2021-08-19 16:52:58.496,0.17,-0.655
2021-08-19 16:52:58.500,-0.585,-0.315
2021-08-19 16:52:58.504,-0.74,-0.245
2021-08-19 16:52:58.508,-0.495,-0.205
2021-08-19 16:52:58.512,-0.45,-0.215
2021-08-19 16:52:58.516,-0.405,-0.21
2021-08-19 16:52:58.520,-0.33,-0.18
2021-08-19 16:52:58.524,-0.34,-0.125
2021-08-19 16:52:58.528,-0.35,-0.075
2021-08-19 16:52:58.532,-0.365,-0.05
2021-08-19 16:52:58.536,-0.435,-0.07
2021-08-19 16:52:58.540,-0.415,-0.04
2021-08-19 16:52:58.544,-0.335,-0.04
2021-08-19 16:52:58.548,-0.3,-0.08
2021-08-19 16:52:58.552,-0.335,-0.09
2021-08-19 16:52:58.556,-0.445,-0.06
2021-08-19 16:52:58.560,-0.5,-0.04
2021-08-19 16:52:58.564,-0.515,-0.05
2021-08-19 16:52:58.568,-0.475,-0.045
2021-08-19 16:52:58.572,-0.435,-0.06
2021-08-19 16:52:58.576,-0.42,-0.07
2021-08-19 16:52:58.580,-0.355,-0.065
2021-08-19 16:52:58.584,-0.375,-0.07
2021-08-19 16:52:58.588,-0.45,-0.06
2021-08-19 16:52:58.592,-0.39,-0.06
2021-08-19 16:52:58.596,-0.4,-0.055
2021-08-19 16:52:58.600,-0.455,-0.045
2021-08-19 16:52:58.604,-0.45,-0.055
2021-08-19 16:52:58.608,-0.42,-0.06
2021-08-19 16:52:58.612,-0.395,-0.045
2021-08-19 16:52:58.616,-0.405,-0.04
2021-08-19 16:52:58.620,-0.39,-0.07
2021-08-19 16:52:58.624,-0.415,-0.035
2021-08-19 16:52:58.628,-0.415,-0.04
2021-08-19 16:52:58.632,-0.445,-0.04
2021-08-19 16:52:58.636,-0.495,-0.06
2021-08-19 16:52:58.640,-0.495,-0.055
2021-08-19 16:52:58.644,-0.475,-0.07
2021-08-19 16:52:58.648,-0.445,-0.045
2021-08-19 16:52:58.652,-0.37,-0.035
2021-08-19 16:52:58.656,-0.345,-0.05
2021-08-19 16:52:58.660,-0.39,-0.06
2021-08-19 16:52:58.664,-0.43,-0.04
2021-08-19 16:52:58.668,-0.4,-0.05
2021-08-19 16:52:58.672,-0.4,-0.08
2021-08-19 16:52:58.676,-0.36,-0.06
2021-08-19 16:52:58.680,-0.345,0.005
2021-08-19 16:52:58.684,-0.36,0.02
2021-08-19 16:52:58.688,-0.335,0.035
2021-08-19 16:52:58.692,-0.245,0.045
2021-08-19 16:52:58.696,-0.215,0.055
2021-08-19 16:52:58.700,-0.195,0.035
2021-08-19 16:52:58.704,-0.15,0.045
2021-08-19 16:52:58.708,-0.105,0.025
2021-08-19 16:52:58.712,-0.125,0.015
2021-08-19 16:52:58.716,-0.13,0.025
2021-08-19 16:52:58.720,-0.11,0.005
2021-08-19 16:52:58.724,-0.06,-0.04
2021-08-19 16:52:58.728,-0.005,-0.06
2021-08-19 16:52:58.732,-0.025,-0.075
2021-08-19 16:52:58.736,-0.055,-0.07
2021-08-19 16:52:58.740,-0.04,-0.08
2021-08-19 16:52:58.744,-0.075,-0.075
2021-08-19 16:52:58.748,-0.1,-0.09
2021-08-19 16:52:58.752,-0.12,-0.07
2021-08-19 16:52:58.756,-0.16,-0.05
2021-08-19 16:52:58.760,-0.245,-0.035
2021-08-19 16:52:58.764,-0.335,-0.05
2021-08-19 16:52:58.768,-0.365,-0.045
2021-08-19 16:52:58.772,-0.355,-0.05
2021-08-19 16:52:58.776,-0.35,-0.05
2021-08-19 16:52:58.780,-0.36,-0.07
2021-08-19 16:52:58.784,-0.41,-0.06
2021-08-19 16:52:58.788,-0.43,-0.045
2021-08-19 16:52:58.792,-0.435,-0.035
2021-08-19 16:52:58.796,-0.46,-0.065
2021-08-19 16:52:58.800,-0.455,-0.065
2021-08-19 16:52:58.804,-0.41,-0.07
2021-08-19 16:52:58.808,-0.395,-0.07
2021-08-19 16:52:58.812,-0.34,-0.07
2021-08-19 16:52:58.816,-0.34,-0.065
2021-08-19 16:52:58.820,-0.37,-0.08
2021-08-19 16:52:58.824,-0.415,-0.045
2021-08-19 16:52:58.828,-0.45,-0.06
2021-08-19 16:52:58.832,-0.495,-0.08
2021-08-19 16:52:58.836,-0.485,-0.08
2021-08-19 16:52:58.840,-0.4,-0.08
2021-08-19 16:52:58.844,-0.365,-0.095
2021-08-19 16:52:58.848,-0.46,-0.08
2021-08-19 16:52:58.852,-0.56,-0.075
2021-08-19 16:52:58.856,-0.61,-0.06
2021-08-19 16:52:58.860,-0.52,-0.04
2021-08-19 16:52:58.864,-0.46,-0.03
2021-08-19 16:52:58.868,-0.525,-0.04
2021-08-19 16:52:58.872,-0.555,-0.065
2021-08-19 16:52:58.876,-0.48,-0.09
2021-08-19 16:52:58.880,-0.38,-0.065
2021-08-19 16:52:58.884,-0.405,-0.035
2021-08-19 16:52:58.888,-0.355,0.005
2021-08-19 16:52:58.892,-0.32,0.005
2021-08-19 16:52:58.896,-0.29,0.025
2021-08-19 16:52:58.900,-0.27,0.045
2021-08-19 16:52:58.904,-0.25,0.065
2021-08-19 16:52:58.908,-0.245,0.045
2021-08-19 16:52:58.912,-0.2,0.05
2021-08-19 16:52:58.916,-0.23,0.075
2021-08-19 16:52:58.920,-0.355,0.055
2021-08-19 16:52:58.924,-0.37,0.015
2021-08-19 16:52:58.928,-0.28,0.0
2021-08-19 16:52:58.932,-0.24,-0.025
2021-08-19 16:52:58.936,-0.23,-0.035
2021-08-19 16:52:58.940,-0.27,-0.02
2021-08-19 16:52:58.944,-0.315,-0.015
2021-08-19 16:52:58.948,-0.32,-0.03
2021-08-19 16:52:58.952,-0.31,-0.015
2021-08-19 16:52:58.956,-0.35,-0.02
2021-08-19 16:52:58.960,-0.37,-0.05
2021-08-19 16:52:58.964,-0.335,-0.035
2021-08-19 16:52:58.968,-0.34,-0.045
2021-08-19 16:52:58.972,-0.32,-0.04
2021-08-19 16:52:58.976,-0.3,-0.025
2021-08-19 16:52:58.980,-0.335,-0.05
2021-08-19 16:52:58.984,-0.37,-0.045
2021-08-19 16:52:58.988,-0.365,-0.06
2021-08-19 16:52:58.992,-0.39,-0.055
2021-08-19 16:52:58.996,-0.43,-0.055
2021-08-19 16:52:59.000,-0.4,-0.05
2021-08-19 16:52:59.004,-0.355,-0.06
2021-08-19 16:52:59.008,-0.38,-0.055
2021-08-19 16:52:59.012,-0.385,-0.04
2021-08-19 16:52:59.016,-0.375,-0.04
2021-08-19 16:52:59.020,-0.385,-0.015
2021-08-19 16:52:59.024,-0.395,0.03
2021-08-19 16:52:59.028,-0.47,0.14
2021-08-19 16:52:59.032,-0.505,0.13
2021-08-19 16:52:59.036,-0.34,0.0
2021-08-19 16:52:59.040,0.015,-0.155
2021-08-19 16:52:59.044,0.56,-0.255
2021-08-19 16:52:59.048,1.185,-0.41
2021-08-19 16:52:59.052,1.665,-0.755
2021-08-19 16:52:59.056,1.5,-1.075
2021-08-19 16:52:59.060,0.545,-1.1
2021-08-19 16:52:59.064,-0.48,-0.86
2021-08-19 16:52:59.068,-1.195,-0.705
2021-08-19 16:52:59.072,-1.215,-0.605
2021-08-19 16:52:59.076,-1.035,-0.385
2021-08-19 16:52:59.080,-0.805,-0.315
2021-08-19 16:52:59.084,-0.715,-0.24
2021-08-19 16:52:59.088,-0.665,-0.19
2021-08-19 16:52:59.092,-0.635,-0.135
2021-08-19 16:52:59.096,-0.595,-0.05
2021-08-19 16:52:59.100,-0.555,-0.02
2021-08-19 16:52:59.104,-0.545,0.03
2021-08-19 16:52:59.108,-0.555,0.03
2021-08-19 16:52:59.112,-0.48,0.06
2021-08-19 16:52:59.116,-0.54,0.065
2021-08-19 16:52:59.120,-0.615,0.055
2021-08-19 16:52:59.124,-0.58,0.035
2021-08-19 16:52:59.128,-0.515,0.01
2021-08-19 16:52:59.132,-0.445,0.0
2021-08-19 16:52:59.136,-0.425,-0.01
2021-08-19 16:52:59.140,-0.425,0.005
2021-08-19 16:52:59.144,-0.385,0.005
2021-08-19 16:52:59.148,-0.355,0.0
2021-08-19 16:52:59.152,-0.345,-0.03
2021-08-19 16:52:59.156,-0.4,-0.01
2021-08-19 16:52:59.160,-0.39,-0.005
2021-08-19 16:52:59.164,-0.365,-0.01
2021-08-19 16:52:59.168,-0.435,-0.005
2021-08-19 16:52:59.172,-0.46,0.02
2021-08-19 16:52:59.176,-0.4,0.0
2021-08-19 16:52:59.180,-0.4,0.0
2021-08-19 16:52:59.184,-0.41,0.025
2021-08-19 16:52:59.188,-0.445,0.02
2021-08-19 16:52:59.192,-0.43,0.0
2021-08-19 16:52:59.196,-0.39,0.005
2021-08-19 16:52:59.200,-0.365,0.02
2021-08-19 16:52:59.204,-0.35,0.0
2021-08-19 16:52:59.208,-0.295,0.0
2021-08-19 16:52:59.212,-0.345,0.0
2021-08-19 16:52:59.216,-0.395,-0.005
2021-08-19 16:52:59.220,-0.39,0.0
2021-08-19 16:52:59.224,-0.3,0.02
2021-08-19 16:52:59.228,-0.28,-0.02
2021-08-19 16:52:59.232,-0.24,-0.005
2021-08-19 16:52:59.236,-0.305,0.0
2021-08-19 16:52:59.240,-0.365,-0.005
2021-08-19 16:52:59.244,-0.385,-0.015
2021-08-19 16:52:59.248,-0.33,-0.025
2021-08-19 16:52:59.252,-0.315,-0.025
2021-08-19 16:52:59.256,-0.33,-0.035
2021-08-19 16:52:59.260,-0.3,-0.045
2021-08-19 16:52:59.264,-0.36,-0.05
2021-08-19 16:52:59.268,-0.43,-0.05
2021-08-19 16:52:59.272,-0.395,-0.055
2021-08-19 16:52:59.276,-0.4,-0.055
2021-08-19 16:52:59.280,-0.305,-0.025
2021-08-19 16:52:59.284,-0.22,-0.045
2021-08-19 16:52:59.288,-0.265,-0.035
2021-08-19 16:52:59.292,-0.31,-0.06
2021-08-19 16:52:59.296,-0.26,-0.075
2021-08-19 16:52:59.300,-0.165,-0.09
2021-08-19 16:52:59.304,-0.125,-0.05
2021-08-19 16:52:59.308,-0.01,0.0
2021-08-19 16:52:59.312,0.035,0.02
2021-08-19 16:52:59.316,0.005,0.045
2021-08-19 16:52:59.320,-0.01,0.055
2021-08-19 16:52:59.324,-0.05,0.055
2021-08-19 16:52:59.328,-0.04,0.05
2021-08-19 16:52:59.332,0.015,0.02
2021-08-19 16:52:59.336,0.01,-0.01
2021-08-19 16:52:59.340,-0.045,-0.005
2021-08-19 16:52:59.344,-0.045,0.0
2021-08-19 16:52:59.348,-0.08,-0.015
2021-08-19 16:52:59.352,-0.145,0.0
2021-08-19 16:52:59.356,-0.18,0.005
2021-08-19 16:52:59.360,-0.19,0.02
2021-08-19 16:52:59.364,-0.23,0.01
2021-08-19 16:52:59.368,-0.195,0.02
2021-08-19 16:52:59.372,-0.115,0.02
2021-08-19 16:52:59.376,-0.185,0.0
2021-08-19 16:52:59.380,-0.325,0.0
2021-08-19 16:52:59.384,-0.365,0.03
2021-08-19 16:52:59.388,-0.345,0.025
2021-08-19 16:52:59.392,-0.28,0.01
2021-08-19 16:52:59.396,-0.24,0.005
2021-08-19 16:52:59.400,-0.26,0.01
2021-08-19 16:52:59.404,-0.295,0.01
2021-08-19 16:52:59.408,-0.195,0.0
2021-08-19 16:52:59.412,-0.16,0.0
2021-08-19 16:52:59.416,-0.245,0.025
2021-08-19 16:52:59.420,-0.325,0.04
2021-08-19 16:52:59.424,-0.305,0.025
2021-08-19 16:52:59.428,-0.315,0.025
2021-08-19 16:52:59.432,-0.315,0.03
2021-08-19 16:52:59.436,-0.35,0.035
2021-08-19 16:52:59.440,-0.33,0.025
2021-08-19 16:52:59.444,-0.235,0.015
2021-08-19 16:52:59.448,-0.22,0.005
2021-08-19 16:52:59.452,-0.295,0.025
2021-08-19 16:52:59.456,-0.4,0.035
2021-08-19 16:52:59.460,-0.445,0.02
2021-08-19 16:52:59.464,-0.41,0.005
2021-08-19 16:52:59.468,-0.345,0.0
2021-08-19 16:52:59.472,-0.345,-0.015
2021-08-19 16:52:59.476,-0.415,0.0
2021-08-19 16:52:59.480,-0.425,0.0
2021-08-19 16:52:59.484,-0.43,-0.01
2021-08-19 16:52:59.488,-0.45,-0.015
2021-08-19 16:52:59.492,-0.435,0.0
2021-08-19 16:52:59.496,-0.385,0.0
2021-08-19 16:52:59.500,-0.37,-0.03
2021-08-19 16:52:59.504,-0.33,-0.035
2021-08-19 16:52:59.508,-0.32,-0.005
2021-08-19 16:52:59.512,-0.42,0.025
2021-08-19 16:52:59.516,-0.425,0.11
2021-08-19 16:52:59.520,-0.345,0.18
2021-08-19 16:52:59.524,-0.36,0.245
2021-08-19 16:52:59.528,-0.35,0.145
2021-08-19 16:52:59.532,-0.2,-0.03
2021-08-19 16:52:59.536,0.21,-0.165
2021-08-19 16:52:59.540,0.785,-0.325
2021-08-19 16:52:59.544,1.485,-0.64
2021-08-19 16:52:59.548,1.825,-0.985
2021-08-19 16:52:59.552,1.335,-1.1
2021-08-19 16:52:59.556,0.395,-0.87
2021-08-19 16:52:59.560,-0.575,-0.58
2021-08-19 16:52:59.564,-0.95,-0.49
2021-08-19 16:52:59.568,-0.785,-0.335
2021-08-19 16:52:59.572,-0.52,-0.225
2021-08-19 16:52:59.576,-0.35,-0.175
2021-08-19 16:52:59.580,-0.275,-0.13
2021-08-19 16:52:59.584,-0.25,-0.095
2021-08-19 16:52:59.588,-0.215,-0.065
2021-08-19 16:52:59.592,-0.16,-0.01
2021-08-19 16:52:59.596,-0.135,-0.02
2021-08-19 16:52:59.600,-0.125,-0.025
2021-08-19 16:52:59.604,-0.13,-0.015
2021-08-19 16:52:59.608,-0.14,0.0
2021-08-19 16:52:59.612,-0.165,-0.005
2021-08-19 16:52:59.616,-0.155,0.02
2021-08-19 16:52:59.620,-0.19,0.03
2021-08-19 16:52:59.624,-0.255,0.015
2021-08-19 16:52:59.628,-0.22,0.015
2021-08-19 16:52:59.632,-0.195,0.005
2021-08-19 16:52:59.636,-0.22,0.005
2021-08-19 16:52:59.640,-0.235,0.0
2021-08-19 16:52:59.644,-0.195,0.01
2021-08-19 16:52:59.648,-0.185,0.0
2021-08-19 16:52:59.652,-0.21,0.015
2021-08-19 16:52:59.656,-0.18,-0.005
2021-08-19 16:52:59.660,-0.175,-0.005
2021-08-19 16:52:59.664,-0.165,0.015
2021-08-19 16:52:59.668,-0.155,0.015
2021-08-19 16:52:59.672,-0.19,0.01
2021-08-19 16:52:59.676,-0.205,0.01
2021-08-19 16:52:59.680,-0.205,0.0
2021-08-19 16:52:59.684,-0.26,-0.01
2021-08-19 16:52:59.688,-0.305,-0.02
2021-08-19 16:52:59.692,-0.33,-0.02
2021-08-19 16:52:59.696,-0.36,-0.005
2021-08-19 16:52:59.700,-0.335,0.0
2021-08-19 16:52:59.704,-0.28,0.005
2021-08-19 16:52:59.708,-0.28,-0.005
2021-08-19 16:52:59.712,-0.3,-0.01
2021-08-19 16:52:59.716,-0.245,-0.03
2021-08-19 16:52:59.720,-0.215,-0.04
2021-08-19 16:52:59.724,-0.22,-0.025
2021-08-19 16:52:59.728,-0.195,0.02
2021-08-19 16:52:59.732,-0.13,0.03
2021-08-19 16:52:59.736,-0.085,0.03
2021-08-19 16:52:59.740,-0.02,0.035
2021-08-19 16:52:59.744,0.025,0.03
2021-08-19 16:52:59.748,0.075,0.01
2021-08-19 16:52:59.752,0.04,0.01
2021-08-19 16:52:59.756,0.03,0.005
2021-08-19 16:52:59.760,0.015,-0.005
2021-08-19 16:52:59.764,0.085,-0.01
2021-08-19 16:52:59.768,0.165,-0.04
2021-08-19 16:52:59.772,0.195,-0.07
2021-08-19 16:52:59.776,0.255,-0.075
2021-08-19 16:52:59.780,0.325,-0.095
2021-08-19 16:52:59.784,0.325,-0.1
2021-08-19 16:52:59.788,0.33,-0.09
2021-08-19 16:52:59.792,0.3,-0.08
2021-08-19 16:52:59.796,0.275,-0.08
2021-08-19 16:52:59.800,0.225,-0.09
2021-08-19 16:52:59.804,0.18,-0.075
2021-08-19 16:52:59.808,0.12,-0.06
2021-08-19 16:52:59.812,0.1,-0.055
2021-08-19 16:52:59.816,0.12,-0.055
2021-08-19 16:52:59.820,0.08,-0.04
2021-08-19 16:52:59.824,0.015,-0.04
2021-08-19 16:52:59.828,-0.005,-0.05
2021-08-19 16:52:59.832,0.025,-0.055
2021-08-19 16:52:59.836,0.03,-0.045
2021-08-19 16:52:59.840,-0.035,-0.03
2021-08-19 16:52:59.844,-0.09,-0.03
2021-08-19 16:52:59.848,-0.1,0.005
2021-08-19 16:52:59.852,0.05,0.02
2021-08-19 16:52:59.856,0.195,-0.04
2021-08-19 16:52:59.860,0.445,-0.285
2021-08-19 16:52:59.864,0.975,-0.45
2021-08-19 16:52:59.868,1.565,-0.57
2021-08-19 16:52:59.884,1.335,-0.985
2021-08-19 16:52:59.888,0.505,-0.77
2021-08-19 16:52:59.892,-0.055,-0.69
2021-08-19 16:52:59.896,-0.32,-0.48
2021-08-19 16:52:59.900,-0.31,-0.275
2021-08-19 16:52:59.904,-0.225,-0.19
2021-08-19 16:52:59.908,-0.27,-0.18
2021-08-19 16:52:59.912,-0.275,-0.105
2021-08-19 16:52:59.916,-0.29,-0.04
2021-08-19 16:52:59.920,-0.315,-0.015
2021-08-19 16:52:59.924,-0.36,-0.015
2021-08-19 16:52:59.928,-0.38,-0.01
2021-08-19 16:52:59.932,-0.445,-0.03
2021-08-19 16:52:59.936,-0.415,-0.02
2021-08-19 16:52:59.940,-0.33,-0.005
2021-08-19 16:52:59.944,-0.3,0.025
2021-08-19 16:52:59.948,-0.235,0.06
2021-08-19 16:52:59.952,-0.22,0.075
2021-08-19 16:52:59.956,-0.255,0.08
2021-08-19 16:52:59.960,-0.285,0.085
2021-08-19 16:52:59.964,-0.235,0.1
2021-08-19 16:52:59.968,-0.225,0.06
2021-08-19 16:52:59.972,-0.175,0.04
2021-08-19 16:52:59.976,-0.075,0.055
2021-08-19 16:52:59.980,-0.065,0.035
2021-08-19 16:52:59.984,-0.115,0.025
2021-08-19 16:52:59.988,-0.12,0.025
2021-08-19 16:52:59.992,-0.11,0.025
2021-08-19 16:52:59.996,-0.155,0.01
2021-08-19 16:53:00.000,-0.15,0.035
2021-08-19 16:53:00.004,-0.185,0.025
2021-08-19 16:53:00.008,-0.165,-0.005
2021-08-19 16:53:00.012,-0.08,0.02
2021-08-19 16:53:00.016,-0.11,0.01
2021-08-19 16:53:00.020,-0.14,-0.005
2021-08-19 16:53:00.024,-0.11,0.005
2021-08-19 16:53:00.028,-0.105,0.01
2021-08-19 16:53:00.032,-0.125,0.0
2021-08-19 16:53:00.036,-0.085,-0.005
2021-08-19 16:53:00.040,-0.07,-0.02
2021-08-19 16:53:00.044,-0.045,-0.01
2021-08-19 16:53:00.048,0.0,-0.035
2021-08-19 16:53:00.052,0.07,-0.04
2021-08-19 16:53:00.056,0.09,-0.05
2021-08-19 16:53:00.060,0.125,-0.045
2021-08-19 16:53:00.064,0.125,-0.055
2021-08-19 16:53:00.068,0.045,-0.06
2021-08-19 16:53:00.072,0.075,-0.075
2021-08-19 16:53:00.076,0.145,-0.075
2021-08-19 16:53:00.080,0.15,-0.08
2021-08-19 16:53:00.084,0.14,-0.08
2021-08-19 16:53:00.088,0.16,-0.075
2021-08-19 16:53:00.092,0.135,-0.075
2021-08-19 16:53:00.096,0.125,-0.09
2021-08-19 16:53:00.100,0.19,-0.08
2021-08-19 16:53:00.104,0.25,-0.095
2021-08-19 16:53:00.108,0.26,-0.085
2021-08-19 16:53:00.112,0.205,-0.09
2021-08-19 16:53:00.116,0.13,-0.08
2021-08-19 16:53:00.120,0.045,-0.1
2021-08-19 16:53:00.124,0.02,-0.1
2021-08-19 16:53:00.128,0.005,-0.08
2021-08-19 16:53:00.132,-0.015,-0.075
2021-08-19 16:53:00.136,0.005,-0.07
2021-08-19 16:53:00.140,0.0,-0.065
2021-08-19 16:53:00.144,-0.025,-0.075
2021-08-19 16:53:00.148,-0.035,-0.08
2021-08-19 16:53:00.152,-0.08,-0.08
2021-08-19 16:53:00.156,-0.09,-0.055
2021-08-19 16:53:00.160,-0.065,-0.035
2021-08-19 16:53:00.164,-0.03,-0.01
2021-08-19 16:53:00.168,0.0,-0.02
2021-08-19 16:53:00.172,0.065,-0.02
2021-08-19 16:53:00.176,0.13,-0.01
2021-08-19 16:53:00.180,0.095,-0.015
2021-08-19 16:53:00.184,0.04,-0.02
2021-08-19 16:53:00.188,-0.01,-0.04
2021-08-19 16:53:00.192,-0.05,-0.015
2021-08-19 16:53:00.196,0.035,-0.01
2021-08-19 16:53:00.200,0.14,-0.03
2021-08-19 16:53:00.204,0.155,-0.035
2021-08-19 16:53:00.208,0.105,-0.055
2021-08-19 16:53:00.212,0.09,-0.02
2021-08-19 16:53:00.216,0.08,-0.055
2021-08-19 16:53:00.220,0.105,-0.065
2021-08-19 16:53:00.224,0.13,-0.05
2021-08-19 16:53:00.228,0.095,-0.05
2021-08-19 16:53:00.232,0.055,-0.035
2021-08-19 16:53:00.236,0.055,-0.03
2021-08-19 16:53:00.240,0.03,-0.04
2021-08-19 16:53:00.244,-0.02,-0.05
2021-08-19 16:53:00.248,0.015,-0.04
2021-08-19 16:53:00.252,0.09,-0.05
2021-08-19 16:53:00.256,0.06,-0.045
2021-08-19 16:53:00.260,-0.02,-0.03
2021-08-19 16:53:00.264,-0.04,-0.045
2021-08-19 16:53:00.268,-0.035,-0.045
2021-08-19 16:53:00.272,0.015,-0.03
2021-08-19 16:53:00.276,-0.075,-0.025
2021-08-19 16:53:00.280,-0.095,-0.02
2021-08-19 16:53:00.284,-0.055,-0.035
2021-08-19 16:53:00.288,-0.005,-0.04
2021-08-19 16:53:00.292,-0.015,-0.045
2021-08-19 16:53:00.296,-0.08,-0.025
2021-08-19 16:53:00.300,-0.07,-0.01
2021-08-19 16:53:00.304,-0.055,-0.03
2021-08-19 16:53:00.308,-0.03,-0.025
2021-08-19 16:53:00.312,-0.08,0.0
2021-08-19 16:53:00.316,-0.105,-0.015
2021-08-19 16:53:00.320,-0.125,-0.015
2021-08-19 16:53:00.324,-0.155,-0.025
2021-08-19 16:53:00.328,-0.19,-0.01
2021-08-19 16:53:00.332,-0.195,-0.015
2021-08-19 16:53:00.336,-0.255,-0.02
2021-08-19 16:53:00.340,-0.33,-0.025
2021-08-19 16:53:00.344,-0.285,0.0
2021-08-19 16:53:00.348,-0.24,0.0
2021-08-19 16:53:00.352,-0.22,0.005
2021-08-19 16:53:00.356,-0.205,0.05
2021-08-19 16:53:00.360,-0.205,0.07
2021-08-19 16:53:00.364,-0.28,0.075
2021-08-19 16:53:00.368,-0.205,-0.02
2021-08-19 16:53:00.372,0.085,-0.215
2021-08-19 16:53:00.376,0.635,-0.345
2021-08-19 16:53:00.380,1.27,-0.54
2021-08-19 16:53:00.384,1.805,-0.88
2021-08-19 16:53:00.388,1.86,-1.135
2021-08-19 16:53:00.392,1.18,-1.1
2021-08-19 16:53:00.396,0.485,-0.675
2021-08-19 16:53:00.400,-0.3,-0.335
2021-08-19 16:53:00.404,-0.635,-0.25
2021-08-19 16:53:00.408,-0.48,-0.16
2021-08-19 16:53:00.412,-0.24,-0.205
2021-08-19 16:53:00.416,-0.155,-0.165
2021-08-19 16:53:00.420,-0.1,-0.08
2021-08-19 16:53:00.424,-0.125,-0.03
2021-08-19 16:53:00.428,-0.09,-0.02
2021-08-19 16:53:00.432,-0.11,0.005
2021-08-19 16:53:00.436,-0.185,0.015
2021-08-19 16:53:00.440,-0.235,0.025
2021-08-19 16:53:00.444,-0.22,0.045
2021-08-19 16:53:00.448,-0.19,0.03
2021-08-19 16:53:00.452,-0.13,0.0
2021-08-19 16:53:00.456,-0.105,0.01
2021-08-19 16:53:00.460,-0.155,0.01
2021-08-19 16:53:00.464,-0.175,0.02
2021-08-19 16:53:00.468,-0.16,0.025
2021-08-19 16:53:00.472,-0.195,0.02
2021-08-19 16:53:00.476,-0.205,0.005
2021-08-19 16:53:00.480,-0.175,0.01
2021-08-19 16:53:00.484,-0.165,0.01
2021-08-19 16:53:00.488,-0.14,0.025
2021-08-19 16:53:00.492,-0.09,0.005
2021-08-19 16:53:00.496,-0.105,0.025
2021-08-19 16:53:00.500,-0.185,0.02
2021-08-19 16:53:00.504,-0.24,0.025
2021-08-19 16:53:00.508,-0.245,0.01
2021-08-19 16:53:00.512,-0.27,0.0
2021-08-19 16:53:00.516,-0.25,0.01
2021-08-19 16:53:00.520,-0.19,0.02
2021-08-19 16:53:00.524,-0.115,0.01
2021-08-19 16:53:00.528,-0.075,0.0
2021-08-19 16:53:00.532,-0.155,0.005
2021-08-19 16:53:00.536,-0.28,0.025
2021-08-19 16:53:00.540,-0.295,0.005
2021-08-19 16:53:00.544,-0.27,0.005
2021-08-19 16:53:00.548,-0.255,-0.02
2021-08-19 16:53:00.552,-0.275,-0.015
2021-08-19 16:53:00.556,-0.295,0.025
2021-08-19 16:53:00.560,-0.34,0.015
2021-08-19 16:53:00.564,-0.35,0.025
2021-08-19 16:53:00.568,-0.39,0.0
2021-08-19 16:53:00.572,-0.42,-0.015
2021-08-19 16:53:00.576,-0.385,-0.02
2021-08-19 16:53:00.580,-0.28,0.02
2021-08-19 16:53:00.584,-0.23,0.05
2021-08-19 16:53:00.588,-0.255,0.1
2021-08-19 16:53:00.592,-0.285,0.11
2021-08-19 16:53:00.596,-0.3,0.11
2021-08-19 16:53:00.600,-0.265,0.1
2021-08-19 16:53:00.604,-0.21,0.075
2021-08-19 16:53:00.608,-0.215,0.095
2021-08-19 16:53:00.612,-0.2,0.08
2021-08-19 16:53:00.616,-0.16,0.065
2021-08-19 16:53:00.620,-0.165,0.045
2021-08-19 16:53:00.624,-0.075,0.065
2021-08-19 16:53:00.628,-0.01,0.035
2021-08-19 16:53:00.632,0.065,0.0
2021-08-19 16:53:00.636,0.045,0.0
2021-08-19 16:53:00.640,0.04,0.015
2021-08-19 16:53:00.644,0.03,0.02
2021-08-19 16:53:00.648,0.05,0.015
2021-08-19 16:53:00.652,0.065,-0.005
2021-08-19 16:53:00.656,0.04,-0.005
2021-08-19 16:53:00.660,0.03,0.0
2021-08-19 16:53:00.664,0.03,0.0
2021-08-19 16:53:00.668,0.005,0.02
2021-08-19 16:53:00.672,-0.055,0.03
2021-08-19 16:53:00.676,-0.08,0.03
2021-08-19 16:53:00.680,-0.08,0.04
2021-08-19 16:53:00.684,-0.075,0.015
2021-08-19 16:53:00.688,-0.035,0.02
2021-08-19 16:53:00.692,-0.015,0.015
2021-08-19 16:53:00.696,0.005,0.01
2021-08-19 16:53:00.700,0.015,0.02
2021-08-19 16:53:00.704,-0.055,0.005
2021-08-19 16:53:00.708,-0.115,0.01
2021-08-19 16:53:00.712,-0.045,0.01
2021-08-19 16:53:00.716,0.0,-0.01
2021-08-19 16:53:00.720,0.015,-0.01
2021-08-19 16:53:00.724,0.015,0.02
2021-08-19 16:53:00.728,-0.005,0.0
2021-08-19 16:53:00.732,-0.025,-0.005
2021-08-19 16:53:00.736,-0.09,0.0
2021-08-19 16:53:00.740,-0.145,0.01
2021-08-19 16:53:00.744,-0.195,0.015
2021-08-19 16:53:00.748,-0.19,0.01
2021-08-19 16:53:00.752,-0.14,-0.02
2021-08-19 16:53:00.756,-0.15,-0.035
2021-08-19 16:53:00.760,-0.105,-0.025
2021-08-19 16:53:00.764,-0.13,0.015
2021-08-19 16:53:00.768,-0.175,0.1
2021-08-19 16:53:00.772,-0.16,0.155
2021-08-19 16:53:00.776,-0.16,0.11
2021-08-19 16:53:00.780,-0.03,-0.1
2021-08-19 16:53:00.784,0.315,-0.28
2021-08-19 16:53:00.788,0.895,-0.34
2021-08-19 16:53:00.792,1.455,-0.535
2021-08-19 16:53:00.796,1.86,-0.83
2021-08-19 16:53:00.800,1.755,-1.0
2021-08-19 16:53:00.804,0.905,-0.885
2021-08-19 16:53:00.808,-0.085,-0.52
2021-08-19 16:53:00.812,-0.785,-0.385
2021-08-19 16:53:00.816,-0.78,-0.35
2021-08-19 16:53:00.820,-0.62,-0.17
2021-08-19 16:53:00.824,-0.315,-0.095
2021-08-19 16:53:00.828,-0.25,-0.075
2021-08-19 16:53:00.832,-0.135,-0.055
2021-08-19 16:53:00.836,-0.09,-0.015
2021-08-19 16:53:00.840,-0.1,-0.025
2021-08-19 16:53:00.844,-0.11,0.0
2021-08-19 16:53:00.848,-0.07,0.035
2021-08-19 16:53:00.852,-0.08,0.04
2021-08-19 16:53:00.856,-0.1,0.045
2021-08-19 16:53:00.860,-0.14,0.04
2021-08-19 16:53:00.864,-0.2,0.04
2021-08-19 16:53:00.868,-0.25,0.035
2021-08-19 16:53:00.872,-0.215,0.045
2021-08-19 16:53:00.876,-0.2,0.055
2021-08-19 16:53:00.880,-0.21,0.055
2021-08-19 16:53:00.884,-0.18,0.035
2021-08-19 16:53:00.888,-0.155,0.035
2021-08-19 16:53:00.892,-0.2,0.045
2021-08-19 16:53:00.896,-0.205,0.06
2021-08-19 16:53:00.900,-0.22,0.05
2021-08-19 16:53:00.904,-0.24,0.035
2021-08-19 16:53:00.908,-0.205,0.03
2021-08-19 16:53:00.912,-0.15,0.045
2021-08-19 16:53:00.916,-0.215,0.035
2021-08-19 16:53:00.920,-0.28,0.05
2021-08-19 16:53:00.924,-0.245,0.06
2021-08-19 16:53:00.928,-0.195,0.025
2021-08-19 16:53:00.932,-0.16,0.015
2021-08-19 16:53:00.936,-0.12,0.025
2021-08-19 16:53:00.940,-0.195,0.03
2021-08-19 16:53:00.944,-0.24,0.04
2021-08-19 16:53:00.948,-0.225,0.055
2021-08-19 16:53:00.952,-0.185,0.055
2021-08-19 16:53:00.956,-0.185,0.06
2021-08-19 16:53:00.960,-0.19,0.05
2021-08-19 16:53:00.964,-0.255,0.04
2021-08-19 16:53:00.968,-0.31,0.03
2021-08-19 16:53:00.972,-0.29,0.02
2021-08-19 16:53:00.976,-0.29,-0.005
2021-08-19 16:53:00.980,-0.28,0.015
2021-08-19 16:53:00.984,-0.215,0.015
2021-08-19 16:53:00.988,-0.185,0.015
2021-08-19 16:53:00.992,-0.21,0.01
2021-08-19 16:53:00.996,-0.235,0.0
2021-08-19 16:53:01.000,-0.23,0.0
2021-08-19 16:53:01.004,-0.18,-0.005
2021-08-19 16:53:01.008,-0.08,0.0
2021-08-19 16:53:01.012,-0.015,0.02
2021-08-19 16:53:01.016,0.0,0.07
2021-08-19 16:53:01.020,0.055,0.075
2021-08-19 16:53:01.024,0.17,0.06
2021-08-19 16:53:01.028,0.185,0.06
2021-08-19 16:53:01.032,0.145,0.065
2021-08-19 16:53:01.036,0.03,0.07
2021-08-19 16:53:01.040,-0.05,0.075
2021-08-19 16:53:01.044,-0.005,0.09
2021-08-19 16:53:01.048,0.015,0.065
2021-08-19 16:53:01.052,0.015,0.025
2021-08-19 16:53:01.056,0.005,0.02
2021-08-19 16:53:01.060,0.03,0.01
2021-08-19 16:53:01.064,0.025,0.005
2021-08-19 16:53:01.068,0.015,0.015
2021-08-19 16:53:01.072,-0.04,0.0
2021-08-19 16:53:01.076,-0.12,0.01
2021-08-19 16:53:01.080,-0.155,0.015
2021-08-19 16:53:01.084,-0.13,0.015
2021-08-19 16:53:01.088,-0.155,0.015
2021-08-19 16:53:01.092,-0.09,0.0
2021-08-19 16:53:01.096,-0.055,0.0
2021-08-19 16:53:01.100,-0.065,0.01
2021-08-19 16:53:01.104,-0.13,0.025
2021-08-19 16:53:01.108,-0.19,0.03
2021-08-19 16:53:01.112,-0.205,0.03
2021-08-19 16:53:01.116,-0.23,0.04
2021-08-19 16:53:01.120,-0.155,0.025
2021-08-19 16:53:01.124,-0.09,0.025
2021-08-19 16:53:01.128,-0.125,0.015
2021-08-19 16:53:01.132,-0.18,0.04
2021-08-19 16:53:01.136,-0.24,0.015
2021-08-19 16:53:01.140,-0.205,0.025
2021-08-19 16:53:01.144,-0.145,0.015
2021-08-19 16:53:01.148,-0.16,0.02
2021-08-19 16:53:01.152,-0.195,0.025
2021-08-19 16:53:01.156,-0.18,0.04
2021-08-19 16:53:01.160,-0.15,0.015
2021-08-19 16:53:01.164,-0.155,0.005
2021-08-19 16:53:01.168,-0.095,0.015
2021-08-19 16:53:01.172,-0.1,0.02
2021-08-19 16:53:01.176,-0.17,0.02
2021-08-19 16:53:01.180,-0.19,0.04
2021-08-19 16:53:01.184,-0.24,0.03
2021-08-19 16:53:01.188,-0.275,0.015
2021-08-19 16:53:01.192,-0.315,0.015
2021-08-19 16:53:01.196,-0.32,0.015
2021-08-19 16:53:01.200,-0.325,0.04
2021-08-19 16:53:01.204,-0.28,0.035
2021-08-19 16:53:01.208,-0.255,0.025
2021-08-19 16:53:01.212,-0.285,0.005
2021-08-19 16:53:01.216,-0.27,0.01
2021-08-19 16:53:01.220,-0.27,0.015
2021-08-19 16:53:01.224,-0.28,0.045
2021-08-19 16:53:01.228,-0.24,0.075
2021-08-19 16:53:01.232,-0.16,0.08
2021-08-19 16:53:01.236,-0.14,0.08
2021-08-19 16:53:01.240,-0.17,0.105
2021-08-19 16:53:01.244,-0.165,0.09
2021-08-19 16:53:01.248,-0.22,0.085
2021-08-19 16:53:01.252,-0.21,0.06
2021-08-19 16:53:01.256,-0.075,0.02
2021-08-19 16:53:01.260,0.06,0.0
2021-08-19 16:53:01.264,0.025,0.015
2021-08-19 16:53:01.268,-0.095,0.035
2021-08-19 16:53:01.272,-0.175,0.04
2021-08-19 16:53:01.276,-0.16,0.035
2021-08-19 16:53:01.280,-0.115,0.05
2021-08-19 16:53:01.284,-0.15,0.03
2021-08-19 16:53:01.288,-0.12,0.01
2021-08-19 16:53:01.292,-0.125,0.03
2021-08-19 16:53:01.296,-0.135,0.025
2021-08-19 16:53:01.300,-0.13,0.035
2021-08-19 16:53:01.304,-0.035,0.0
2021-08-19 16:53:01.308,-0.05,0.005
2021-08-19 16:53:01.312,-0.115,0.005
2021-08-19 16:53:01.316,-0.165,0.025
2021-08-19 16:53:01.320,-0.165,0.02
2021-08-19 16:53:01.324,-0.125,0.02
2021-08-19 16:53:01.328,-0.1,0.015
2021-08-19 16:53:01.332,-0.165,0.02
2021-08-19 16:53:01.336,-0.24,0.025
2021-08-19 16:53:01.340,-0.175,0.03
2021-08-19 16:53:01.344,-0.11,0.01
2021-08-19 16:53:01.348,-0.12,0.005
2021-08-19 16:53:01.352,-0.15,0.03
2021-08-19 16:53:01.356,-0.18,0.04
2021-08-19 16:53:01.360,-0.195,0.03
2021-08-19 16:53:01.364,-0.18,0.04
2021-08-19 16:53:01.368,-0.19,0.035
2021-08-19 16:53:01.372,-0.23,0.07
2021-08-19 16:53:01.376,-0.195,0.13
2021-08-19 16:53:01.380,-0.17,0.2
2021-08-19 16:53:01.384,-0.155,0.17
2021-08-19 16:53:01.388,0.055,-0.025
2021-08-19 16:53:01.392,0.495,-0.195
2021-08-19 16:53:01.396,1.01,-0.33
2021-08-19 16:53:01.400,1.49,-0.605
2021-08-19 16:53:01.404,1.725,-0.95
2021-08-19 16:53:01.408,1.325,-1.17
2021-08-19 16:53:01.412,0.445,-1.035
2021-08-19 16:53:01.416,-0.39,-0.65
2021-08-19 16:53:01.420,-0.95,-0.5
2021-08-19 16:53:01.424,-0.97,-0.405
2021-08-19 16:53:01.428,-0.8,-0.25
2021-08-19 16:53:01.432,-0.535,-0.22
2021-08-19 16:53:01.436,-0.37,-0.15
2021-08-19 16:53:01.440,-0.325,-0.09
2021-08-19 16:53:01.444,-0.345,-0.015
2021-08-19 16:53:01.448,-0.29,0.065
2021-08-19 16:53:01.452,-0.215,0.09
2021-08-19 16:53:01.456,-0.17,0.075
2021-08-19 16:53:01.460,-0.185,0.11
2021-08-19 16:53:01.464,-0.27,0.1
2021-08-19 16:53:01.468,-0.33,0.12
2021-08-19 16:53:01.472,-0.35,0.125
2021-08-19 16:53:01.476,-0.325,0.12
2021-08-19 16:53:01.480,-0.26,0.125
2021-08-19 16:53:01.484,-0.17,0.1
2021-08-19 16:53:01.488,-0.115,0.065
2021-08-19 16:53:01.492,-0.125,0.065
2021-08-19 16:53:01.496,-0.145,0.07
2021-08-19 16:53:01.500,-0.1,0.065
2021-08-19 16:53:01.504,-0.105,0.055
2021-08-19 16:53:01.508,-0.15,0.07
2021-08-19 16:53:01.512,-0.16,0.065
2021-08-19 16:53:01.516,-0.185,0.07
2021-08-19 16:53:01.520,-0.175,0.08
2021-08-19 16:53:01.524,-0.19,0.065
2021-08-19 16:53:01.528,-0.205,0.07
2021-08-19 16:53:01.532,-0.21,0.07
2021-08-19 16:53:01.536,-0.205,0.045
2021-08-19 16:53:01.540,-0.185,0.045
2021-08-19 16:53:01.544,-0.185,0.04
2021-08-19 16:53:01.548,-0.125,0.055
2021-08-19 16:53:01.552,-0.175,0.05
2021-08-19 16:53:01.556,-0.205,0.03
2021-08-19 16:53:01.560,-0.19,0.025
2021-08-19 16:53:01.564,-0.13,0.01
2021-08-19 16:53:01.568,-0.065,0.01
2021-08-19 16:53:01.572,-0.055,0.005
2021-08-19 16:53:01.576,-0.11,0.01
2021-08-19 16:53:01.580,-0.17,0.015
2021-08-19 16:53:01.584,-0.15,0.01
2021-08-19 16:53:01.588,-0.085,0.0
2021-08-19 16:53:01.592,-0.095,-0.005
2021-08-19 16:53:01.596,-0.07,-0.015
2021-08-19 16:53:01.600,-0.045,-0.01
2021-08-19 16:53:01.604,-0.075,-0.01
2021-08-19 16:53:01.608,-0.155,-0.005
2021-08-19 16:53:01.612,-0.19,-0.03
2021-08-19 16:53:01.616,-0.22,-0.04
2021-08-19 16:53:01.620,-0.25,-0.05
2021-08-19 16:53:01.624,-0.245,-0.035
2021-08-19 16:53:01.628,-0.235,-0.01
2021-08-19 16:53:01.632,-0.16,-0.02
2021-08-19 16:53:01.636,-0.14,-0.035
2021-08-19 16:53:01.640,-0.17,-0.06
2021-08-19 16:53:01.644,-0.11,-0.085
2021-08-19 16:53:01.648,-0.08,-0.085
2021-08-19 16:53:01.652,-0.06,-0.08
2021-08-19 16:53:01.656,0.01,-0.06
2021-08-19 16:53:01.660,0.09,-0.02
2021-08-19 16:53:01.664,0.12,0.01
2021-08-19 16:53:01.668,0.105,0.015
2021-08-19 16:53:01.672,0.115,0.01
2021-08-19 16:53:01.676,0.105,0.01
2021-08-19 16:53:01.680,0.08,0.02
2021-08-19 16:53:01.684,0.1,0.005
2021-08-19 16:53:01.688,0.065,0.01
2021-08-19 16:53:01.692,0.075,0.01
2021-08-19 16:53:01.696,0.105,0.005
2021-08-19 16:53:01.700,0.08,-0.01
2021-08-19 16:53:01.704,0.0,0.005
2021-08-19 16:53:01.708,0.01,0.0
2021-08-19 16:53:01.712,0.005,0.01
2021-08-19 16:53:01.716,-0.05,-0.01
2021-08-19 16:53:01.720,-0.085,-0.01
2021-08-19 16:53:01.724,-0.075,0.0
2021-08-19 16:53:01.728,-0.085,0.01
2021-08-19 16:53:01.732,-0.07,0.0
2021-08-19 16:53:01.736,-0.045,-0.01
2021-08-19 16:53:01.740,-0.07,-0.005
2021-08-19 16:53:01.744,-0.095,0.01
2021-08-19 16:53:01.748,-0.11,0.025
2021-08-19 16:53:01.752,-0.12,0.01
2021-08-19 16:53:01.756,-0.09,0.02
2021-08-19 16:53:01.760,-0.095,0.02
2021-08-19 16:53:01.764,-0.06,-0.005
2021-08-19 16:53:01.768,-0.09,0.0
2021-08-19 16:53:01.772,-0.15,0.01
2021-08-19 16:53:01.776,-0.16,0.01
2021-08-19 16:53:01.780,-0.12,0.0
2021-08-19 16:53:01.784,-0.07,-0.01
2021-08-19 16:53:01.788,-0.075,-0.03
2021-08-19 16:53:01.792,-0.08,-0.02
2021-08-19 16:53:01.796,-0.105,0.0
2021-08-19 16:53:01.800,-0.14,0.0
2021-08-19 16:53:01.804,-0.155,-0.02
2021-08-19 16:53:01.808,-0.095,-0.005
2021-08-19 16:53:01.812,-0.14,-0.025
2021-08-19 16:53:01.816,-0.145,-0.02
2021-08-19 16:53:01.820,-0.18,-0.03
2021-08-19 16:53:01.824,-0.235,-0.04
2021-08-19 16:53:01.828,-0.3,-0.05
2021-08-19 16:53:01.832,-0.295,-0.055
2021-08-19 16:53:01.836,-0.265,-0.03
2021-08-19 16:53:01.840,-0.235,-0.035
2021-08-19 16:53:01.844,-0.22,-0.025
2021-08-19 16:53:01.848,-0.235,-0.015
2021-08-19 16:53:01.852,-0.22,-0.055
2021-08-19 16:53:01.856,-0.185,-0.06
2021-08-19 16:53:01.860,-0.22,-0.035
2021-08-19 16:53:01.864,-0.23,0.01
2021-08-19 16:53:01.868,-0.205,0.04
2021-08-19 16:53:01.872,-0.175,0.03
2021-08-19 16:53:01.876,-0.155,0.04
2021-08-19 16:53:01.880,-0.175,0.055
2021-08-19 16:53:01.884,-0.23,0.12
2021-08-19 16:53:01.888,-0.35,0.175
2021-08-19 16:53:01.892,-0.41,0.135
2021-08-19 16:53:01.896,-0.195,-0.125
2021-08-19 16:53:01.900,0.22,-0.31
2021-08-19 16:53:01.904,0.795,-0.445
2021-08-19 16:53:01.908,1.355,-0.715
2021-08-19 16:53:01.912,1.63,-1.0
2021-08-19 16:53:01.916,1.17,-1.125
2021-08-19 16:53:01.920,0.265,-0.88
2021-08-19 16:53:01.924,-0.5,-0.44
2021-08-19 16:53:01.928,-0.88,-0.33
2021-08-19 16:53:01.932,-0.765,-0.245
2021-08-19 16:53:01.936,-0.585,-0.225
2021-08-19 16:53:01.940,-0.44,-0.235
2021-08-19 16:53:01.944,-0.33,-0.155
2021-08-19 16:53:01.948,-0.345,-0.08
2021-08-19 16:53:01.952,-0.35,-0.05
2021-08-19 16:53:01.956,-0.385,-0.03
2021-08-19 16:53:01.960,-0.385,-0.02
2021-08-19 16:53:01.964,-0.335,-0.045
2021-08-19 16:53:01.968,-0.26,0.0
2021-08-19 16:53:01.972,-0.335,-0.015
2021-08-19 16:53:01.976,-0.42,0.015
2021-08-19 16:53:01.980,-0.45,0.0
2021-08-19 16:53:01.984,-0.43,-0.005
2021-08-19 16:53:01.988,-0.365,0.0
2021-08-19 16:53:01.992,-0.34,0.0
2021-08-19 16:53:01.996,-0.385,0.015
2021-08-19 16:53:02.000,-0.44,0.01
2021-08-19 16:53:02.004,-0.41,-0.005
2021-08-19 16:53:02.008,-0.375,-0.005
2021-08-19 16:53:02.012,-0.385,0.0
2021-08-19 16:53:02.016,-0.43,0.015
2021-08-19 16:53:02.020,-0.45,-0.015
2021-08-19 16:53:02.024,-0.445,0.0
2021-08-19 16:53:02.028,-0.405,-0.005
2021-08-19 16:53:02.032,-0.415,-0.02
2021-08-19 16:53:02.036,-0.475,-0.025
2021-08-19 16:53:02.040,-0.48,-0.03
2021-08-19 16:53:02.044,-0.42,-0.02
2021-08-19 16:53:02.048,-0.4,0.03
2021-08-19 16:53:02.052,-0.395,0.0
2021-08-19 16:53:02.056,-0.385,-0.02
2021-08-19 16:53:02.060,-0.38,-0.03
2021-08-19 16:53:02.064,-0.39,-0.035
2021-08-19 16:53:02.068,-0.43,-0.035
2021-08-19 16:53:02.072,-0.42,-0.02
2021-08-19 16:53:02.076,-0.335,0.0
2021-08-19 16:53:02.080,-0.255,0.03
2021-08-19 16:53:02.084,-0.295,0.02
2021-08-19 16:53:02.088,-0.31,0.005
2021-08-19 16:53:02.092,-0.225,-0.01
2021-08-19 16:53:02.096,-0.225,-0.01
2021-08-19 16:53:02.100,-0.245,0.0
2021-08-19 16:53:02.104,-0.26,-0.015
2021-08-19 16:53:02.108,-0.25,-0.035
2021-08-19 16:53:02.112,-0.21,-0.015
2021-08-19 16:53:02.116,-0.17,-0.04
2021-08-19 16:53:02.120,-0.085,-0.055
2021-08-19 16:53:02.124,-0.06,-0.07
2021-08-19 16:53:02.128,-0.055,-0.07
2021-08-19 16:53:02.132,-0.01,-0.11
2021-08-19 16:53:02.136,0.155,-0.125
2021-08-19 16:53:02.140,0.205,-0.125
2021-08-19 16:53:02.144,0.07,-0.12
2021-08-19 16:53:02.148,-0.11,-0.09
2021-08-19 16:53:02.152,-0.125,-0.105
2021-08-19 16:53:02.156,-0.07,-0.085
2021-08-19 16:53:02.160,-0.08,-0.095
2021-08-19 16:53:02.164,-0.06,-0.075
2021-08-19 16:53:02.168,-0.095,-0.085
2021-08-19 16:53:02.172,-0.16,-0.085
2021-08-19 16:53:02.176,-0.155,-0.075
2021-08-19 16:53:02.180,-0.175,-0.08
2021-08-19 16:53:02.184,-0.21,-0.055
2021-08-19 16:53:02.188,-0.245,-0.07
2021-08-19 16:53:02.192,-0.245,-0.07
2021-08-19 16:53:02.196,-0.245,-0.055
2021-08-19 16:53:02.200,-0.305,-0.045
2021-08-19 16:53:02.204,-0.375,-0.045
2021-08-19 16:53:02.208,-0.365,-0.055
2021-08-19 16:53:02.212,-0.33,-0.065
2021-08-19 16:53:02.216,-0.365,-0.045
2021-08-19 16:53:02.220,-0.425,-0.065
2021-08-19 16:53:02.224,-0.42,-0.05
2021-08-19 16:53:02.228,-0.46,-0.035
2021-08-19 16:53:02.232,-0.535,-0.04
2021-08-19 16:53:02.236,-0.575,-0.05
2021-08-19 16:53:02.240,-0.59,-0.065
2021-08-19 16:53:02.244,-0.565,-0.085
2021-08-19 16:53:02.248,-0.545,-0.06
2021-08-19 16:53:02.252,-0.515,-0.04
2021-08-19 16:53:02.256,-0.535,-0.035
2021-08-19 16:53:02.260,-0.53,-0.05
2021-08-19 16:53:02.264,-0.49,-0.045
2021-08-19 16:53:02.268,-0.505,-0.08
2021-08-19 16:53:02.272,-0.53,-0.065
2021-08-19 16:53:02.276,-0.455,-0.075
2021-08-19 16:53:02.280,-0.4,-0.02
2021-08-19 16:53:02.284,-0.33,-0.01
2021-08-19 16:53:02.288,-0.3,0.005
2021-08-19 16:53:02.292,-0.315,0.0
2021-08-19 16:53:02.296,-0.31,-0.005
2021-08-19 16:53:02.300,-0.33,0.0
2021-08-19 16:53:02.304,-0.345,0.005
2021-08-19 16:53:02.308,-0.39,0.015
2021-08-19 16:53:02.312,-0.345,-0.005
2021-08-19 16:53:02.316,-0.25,-0.045
2021-08-19 16:53:02.320,-0.23,-0.05
2021-08-19 16:53:02.324,-0.255,-0.04
2021-08-19 16:53:02.328,-0.31,-0.045
2021-08-19 16:53:02.332,-0.32,-0.03
2021-08-19 16:53:02.336,-0.335,-0.03
2021-08-19 16:53:02.340,-0.37,-0.05
2021-08-19 16:53:02.344,-0.395,-0.035
2021-08-19 16:53:02.348,-0.38,-0.045
2021-08-19 16:53:02.352,-0.39,-0.05
2021-08-19 16:53:02.356,-0.38,-0.04
2021-08-19 16:53:02.360,-0.325,-0.045
2021-08-19 16:53:02.364,-0.335,-0.055
2021-08-19 16:53:02.368,-0.31,-0.065
2021-08-19 16:53:02.372,-0.335,-0.065
2021-08-19 16:53:02.376,-0.36,-0.06
2021-08-19 16:53:02.380,-0.39,-0.06
2021-08-19 16:53:02.384,-0.32,-0.075
2021-08-19 16:53:02.388,-0.355,-0.065
2021-08-19 16:53:02.392,-0.415,-0.05
2021-08-19 16:53:02.396,-0.45,-0.03
2021-08-19 16:53:02.400,-0.41,-0.045
2021-08-19 16:53:02.404,-0.43,-0.04
2021-08-19 16:53:02.408,-0.395,-0.065
2021-08-19 16:53:02.412,-0.425,-0.045
2021-08-19 16:53:02.416,-0.48,-0.025
2021-08-19 16:53:02.420,-0.49,-0.025
2021-08-19 16:53:02.424,-0.51,-0.045
2021-08-19 16:53:02.428,-0.5,-0.045
2021-08-19 16:53:02.432,-0.51,-0.03
2021-08-19 16:53:02.436,-0.56,-0.05
2021-08-19 16:53:02.440,-0.56,-0.07
2021-08-19 16:53:02.444,-0.57,-0.035
2021-08-19 16:53:02.448,-0.59,-0.03
2021-08-19 16:53:02.452,-0.605,-0.05
2021-08-19 16:53:02.456,-0.595,-0.03
2021-08-19 16:53:02.460,-0.565,-0.035
2021-08-19 16:53:02.464,-0.56,-0.045
2021-08-19 16:53:02.468,-0.565,-0.055
2021-08-19 16:53:02.472,-0.56,-0.055
2021-08-19 16:53:02.476,-0.55,-0.045
2021-08-19 16:53:02.480,-0.505,-0.005
2021-08-19 16:53:02.484,-0.47,0.0
2021-08-19 16:53:02.488,-0.52,0.0
2021-08-19 16:53:02.492,-0.485,-0.005
2021-08-19 16:53:02.496,-0.47,0.005
2021-08-19 16:53:02.500,-0.48,-0.01
2021-08-19 16:53:02.504,-0.475,0.02
2021-08-19 16:53:02.508,-0.475,0.07
2021-08-19 16:53:02.512,-0.495,0.135
2021-08-19 16:53:02.516,-0.535,0.165
2021-08-19 16:53:02.520,-0.41,0.03
2021-08-19 16:53:02.524,-0.02,-0.12
2021-08-19 16:53:02.528,0.565,-0.22
2021-08-19 16:53:02.532,1.24,-0.4
2021-08-19 16:53:02.536,1.75,-0.685
2021-08-19 16:53:02.540,1.745,-0.97
2021-08-19 16:53:02.544,0.965,-0.98
2021-08-19 16:53:02.548,0.14,-0.735
2021-08-19 16:53:02.552,-0.7,-0.5
2021-08-19 16:53:02.556,-0.94,-0.46
2021-08-19 16:53:02.560,-0.84,-0.335
2021-08-19 16:53:02.564,-0.72,-0.33
2021-08-19 16:53:02.568,-0.6,-0.245
2021-08-19 16:53:02.572,-0.52,-0.175
2021-08-19 16:53:02.576,-0.55,-0.12
2021-08-19 16:53:02.580,-0.6,-0.09
2021-08-19 16:53:02.584,-0.545,-0.075
2021-08-19 16:53:02.588,-0.49,-0.075
2021-08-19 16:53:02.592,-0.45,-0.07
2021-08-19 16:53:02.596,-0.515,-0.065
2021-08-19 16:53:02.600,-0.55,-0.025
2021-08-19 16:53:02.604,-0.52,-0.03
2021-08-19 16:53:02.608,-0.55,-0.02
2021-08-19 16:53:02.612,-0.605,-0.02
2021-08-19 16:53:02.616,-0.54,-0.025
2021-08-19 16:53:02.620,-0.53,-0.03
2021-08-19 16:53:02.624,-0.57,-0.025
2021-08-19 16:53:02.628,-0.54,-0.035
2021-08-19 16:53:02.632,-0.545,-0.015
2021-08-19 16:53:02.636,-0.645,-0.025
2021-08-19 16:53:02.640,-0.65,-0.03
2021-08-19 16:53:02.644,-0.62,-0.04
2021-08-19 16:53:02.648,-0.62,-0.065
2021-08-19 16:53:02.652,-0.645,-0.07
2021-08-19 16:53:02.656,-0.7,-0.05
2021-08-19 16:53:02.660,-0.765,-0.005
2021-08-19 16:53:02.664,-0.775,0.0
2021-08-19 16:53:02.668,-0.675,-0.01
2021-08-19 16:53:02.672,-0.665,-0.045
2021-08-19 16:53:02.676,-0.65,-0.05
2021-08-19 16:53:02.680,-0.605,-0.055
2021-08-19 16:53:02.684,-0.585,-0.04
2021-08-19 16:53:02.688,-0.53,-0.035
2021-08-19 16:53:02.692,-0.475,-0.04
2021-08-19 16:53:02.696,-0.45,-0.025
2021-08-19 16:53:02.700,-0.47,-0.005
2021-08-19 16:53:02.704,-0.475,0.0
2021-08-19 16:53:02.708,-0.46,0.005
2021-08-19 16:53:02.712,-0.415,0.0
2021-08-19 16:53:02.716,-0.365,-0.015
2021-08-19 16:53:02.720,-0.375,-0.045
2021-08-19 16:53:02.724,-0.425,-0.035
2021-08-19 16:53:02.728,-0.475,-0.035
2021-08-19 16:53:02.732,-0.53,-0.04
2021-08-19 16:53:02.736,-0.455,-0.06
2021-08-19 16:53:02.740,-0.37,-0.06
2021-08-19 16:53:02.744,-0.34,-0.09
2021-08-19 16:53:02.748,-0.34,-0.085
2021-08-19 16:53:02.752,-0.32,-0.09
2021-08-19 16:53:02.756,-0.34,-0.085
2021-08-19 16:53:02.760,-0.345,-0.095
2021-08-19 16:53:02.764,-0.315,-0.1
2021-08-19 16:53:02.768,-0.305,-0.11
2021-08-19 16:53:02.772,-0.265,-0.105
2021-08-19 16:53:02.776,-0.235,-0.125
2021-08-19 16:53:02.780,-0.195,-0.125
2021-08-19 16:53:02.784,-0.195,-0.135
2021-08-19 16:53:02.788,-0.175,-0.11
2021-08-19 16:53:02.792,-0.175,-0.115
2021-08-19 16:53:02.796,-0.185,-0.12
2021-08-19 16:53:02.800,-0.125,-0.125
2021-08-19 16:53:02.804,-0.155,-0.135
2021-08-19 16:53:02.808,-0.24,-0.1
2021-08-19 16:53:02.812,-0.26,-0.095
2021-08-19 16:53:02.816,-0.27,-0.115
2021-08-19 16:53:02.820,-0.305,-0.105
2021-08-19 16:53:02.824,-0.28,-0.085
2021-08-19 16:53:02.828,-0.305,-0.075
2021-08-19 16:53:02.832,-0.4,-0.075
2021-08-19 16:53:02.836,-0.465,-0.1
2021-08-19 16:53:02.840,-0.485,-0.085
2021-08-19 16:53:02.844,-0.58,-0.085
2021-08-19 16:53:02.848,-0.62,-0.075
2021-08-19 16:53:02.852,-0.675,-0.085
2021-08-19 16:53:02.856,-0.715,-0.115
2021-08-19 16:53:02.860,-0.69,-0.08
2021-08-19 16:53:02.864,-0.635,-0.05
2021-08-19 16:53:02.868,-0.65,-0.04
2021-08-19 16:53:02.872,-0.665,-0.045
2021-08-19 16:53:02.876,-0.655,-0.07
2021-08-19 16:53:02.880,-0.63,-0.065
2021-08-19 16:53:02.884,-0.56,-0.085
2021-08-19 16:53:02.888,-0.525,-0.09
2021-08-19 16:53:02.892,-0.505,-0.05
2021-08-19 16:53:02.896,-0.43,-0.025
2021-08-19 16:53:02.900,-0.4,0.015
2021-08-19 16:53:02.904,-0.405,0.0
2021-08-19 16:53:02.908,-0.46,0.005
2021-08-19 16:53:02.912,-0.445,0.04
2021-08-19 16:53:02.916,-0.405,0.025
2021-08-19 16:53:02.920,-0.365,0.02
2021-08-19 16:53:02.924,-0.32,0.015
2021-08-19 16:53:02.928,-0.34,0.0
2021-08-19 16:53:02.932,-0.295,-0.02
2021-08-19 16:53:02.936,-0.2,-0.035
2021-08-19 16:53:02.940,-0.22,-0.01
2021-08-19 16:53:02.944,-0.275,0.03
2021-08-19 16:53:02.948,-0.335,0.09
2021-08-19 16:53:02.952,-0.34,0.05
2021-08-19 16:53:02.956,-0.095,-0.105
2021-08-19 16:53:02.960,0.505,-0.26
2021-08-19 16:53:02.964,1.11,-0.335
2021-08-19 16:53:02.968,1.675,-0.56
2021-08-19 16:53:02.972,1.89,-0.84
2021-08-19 16:53:02.976,1.33,-0.995
2021-08-19 16:53:02.980,0.255,-0.785
2021-08-19 16:53:02.984,-0.68,-0.46
2021-08-19 16:53:02.988,-1.065,-0.365
2021-08-19 16:53:02.992,-0.925,-0.26
2021-08-19 16:53:02.996,-0.76,-0.255
2021-08-19 16:53:03.000,-0.62,-0.25
2021-08-19 16:53:03.004,-0.535,-0.15
2021-08-19 16:53:03.008,-0.505,-0.105
2021-08-19 16:53:03.012,-0.49,-0.075
2021-08-19 16:53:03.016,-0.505,-0.07
2021-08-19 16:53:03.020,-0.47,-0.045
2021-08-19 16:53:03.024,-0.47,-0.05
2021-08-19 16:53:03.028,-0.545,-0.045
2021-08-19 16:53:03.032,-0.595,-0.01
2021-08-19 16:53:03.036,-0.58,0.005
2021-08-19 16:53:03.040,-0.56,-0.035
2021-08-19 16:53:03.044,-0.53,-0.04
2021-08-19 16:53:03.048,-0.575,-0.03
2021-08-19 16:53:03.052,-0.63,-0.04
2021-08-19 16:53:03.056,-0.665,-0.03
2021-08-19 16:53:03.060,-0.665,-0.045
2021-08-19 16:53:03.064,-0.675,-0.04
2021-08-19 16:53:03.068,-0.705,-0.06
2021-08-19 16:53:03.072,-0.665,-0.045
2021-08-19 16:53:03.076,-0.605,0.0
2021-08-19 16:53:03.080,-0.565,-0.02
2021-08-19 16:53:03.084,-0.545,-0.03
2021-08-19 16:53:03.088,-0.56,-0.035
2021-08-19 16:53:03.092,-0.57,-0.05
2021-08-19 16:53:03.096,-0.565,-0.04
2021-08-19 16:53:03.100,-0.555,-0.02
2021-08-19 16:53:03.104,-0.505,-0.005
2021-08-19 16:53:03.108,-0.415,0.025
2021-08-19 16:53:03.112,-0.41,0.03
2021-08-19 16:53:03.116,-0.39,0.04
2021-08-19 16:53:03.120,-0.33,0.035
2021-08-19 16:53:03.124,-0.3,0.045
2021-08-19 16:53:03.128,-0.28,0.03
2021-08-19 16:53:03.132,-0.24,0.035
2021-08-19 16:53:03.136,-0.285,0.035
2021-08-19 16:53:03.140,-0.325,0.04
2021-08-19 16:53:03.144,-0.315,0.045
2021-08-19 16:53:03.148,-0.215,0.03
2021-08-19 16:53:03.152,-0.14,-0.02
2021-08-19 16:53:03.156,-0.065,-0.025
2021-08-19 16:53:03.160,-0.08,-0.01
2021-08-19 16:53:03.164,-0.15,-0.035
2021-08-19 16:53:03.168,-0.125,-0.03
2021-08-19 16:53:03.172,-0.06,-0.025
2021-08-19 16:53:03.176,-0.04,-0.04
2021-08-19 16:53:03.180,-0.03,-0.055
2021-08-19 16:53:03.184,-0.01,-0.055
2021-08-19 16:53:03.188,-0.02,-0.035
2021-08-19 16:53:03.192,0.035,-0.045
2021-08-19 16:53:03.196,0.055,-0.04
2021-08-19 16:53:03.200,0.035,-0.065
2021-08-19 16:53:03.204,0.085,-0.05
2021-08-19 16:53:03.208,0.115,-0.035
2021-08-19 16:53:03.212,0.065,-0.03
2021-08-19 16:53:03.216,0.0,-0.015
2021-08-19 16:53:03.220,-0.03,-0.02
2021-08-19 16:53:03.224,-0.06,-0.025
2021-08-19 16:53:03.228,-0.115,-0.035
2021-08-19 16:53:03.232,-0.085,-0.01
2021-08-19 16:53:03.236,-0.13,-0.005
2021-08-19 16:53:03.240,-0.205,-0.01
2021-08-19 16:53:03.244,-0.27,0.0
2021-08-19 16:53:03.248,-0.305,-0.01
2021-08-19 16:53:03.252,-0.33,0.005
2021-08-19 16:53:03.256,-0.33,0.0
2021-08-19 16:53:03.260,-0.34,0.02
2021-08-19 16:53:03.264,-0.385,0.01
2021-08-19 16:53:03.268,-0.385,0.0
2021-08-19 16:53:03.272,-0.43,0.0
2021-08-19 16:53:03.276,-0.465,0.0
2021-08-19 16:53:03.280,-0.46,-0.01
2021-08-19 16:53:03.284,-0.435,0.0
2021-08-19 16:53:03.288,-0.44,0.0
2021-08-19 16:53:03.292,-0.435,0.06
2021-08-19 16:53:03.296,-0.48,0.095
2021-08-19 16:53:03.300,-0.495,0.15
2021-08-19 16:53:03.304,-0.455,0.155
2021-08-19 16:53:03.308,-0.255,0.01
2021-08-19 16:53:03.312,0.27,-0.09
2021-08-19 16:53:03.316,1.035,-0.155
2021-08-19 16:53:03.320,1.775,-0.27
2021-08-19 16:53:03.332,1.38,-0.7
2021-08-19 16:53:03.336,0.425,-0.605
2021-08-19 16:53:03.340,-0.16,-0.58
2021-08-19 16:53:03.344,-0.435,-0.39
2021-08-19 16:53:03.348,-0.4,-0.185
2021-08-19 16:53:03.352,-0.35,-0.115
2021-08-19 16:53:03.356,-0.33,-0.115
2021-08-19 16:53:03.360,-0.325,-0.055
2021-08-19 16:53:03.364,-0.275,-0.025
2021-08-19 16:53:03.368,-0.265,-0.01
2021-08-19 16:53:03.372,-0.305,0.0
2021-08-19 16:53:03.376,-0.365,0.015
2021-08-19 16:53:03.380,-0.38,0.02
2021-08-19 16:53:03.384,-0.395,0.025
2021-08-19 16:53:03.388,-0.43,0.04
2021-08-19 16:53:03.392,-0.435,0.03
2021-08-19 16:53:03.396,-0.44,0.015
2021-08-19 16:53:03.400,-0.465,0.05
2021-08-19 16:53:03.404,-0.435,0.05
2021-08-19 16:53:03.408,-0.48,0.045
2021-08-19 16:53:03.412,-0.47,0.04
2021-08-19 16:53:03.416,-0.455,0.06
2021-08-19 16:53:03.420,-0.445,0.035
2021-08-19 16:53:03.424,-0.475,0.035
2021-08-19 16:53:03.428,-0.475,0.04
2021-08-19 16:53:03.432,-0.445,0.03
2021-08-19 16:53:03.436,-0.405,0.04
2021-08-19 16:53:03.440,-0.38,0.05
2021-08-19 16:53:03.444,-0.375,0.035
2021-08-19 16:53:03.448,-0.375,0.025
2021-08-19 16:53:03.452,-0.355,0.04
2021-08-19 16:53:03.456,-0.415,0.045
2021-08-19 16:53:03.460,-0.46,0.07
2021-08-19 16:53:03.464,-0.385,0.035
2021-08-19 16:53:03.468,-0.36,0.04
2021-08-19 16:53:03.472,-0.37,0.045
2021-08-19 16:53:03.476,-0.4,0.06
2021-08-19 16:53:03.480,-0.455,0.045
2021-08-19 16:53:03.484,-0.435,0.03
2021-08-19 16:53:03.488,-0.4,0.035
2021-08-19 16:53:03.492,-0.44,0.035
2021-08-19 16:53:03.496,-0.39,0.03
2021-08-19 16:53:03.500,-0.34,0.055
2021-08-19 16:53:03.504,-0.34,0.04
2021-08-19 16:53:03.508,-0.355,0.005
2021-08-19 16:53:03.512,-0.32,0.0
2021-08-19 16:53:03.516,-0.26,0.0
2021-08-19 16:53:03.520,-0.21,0.0
2021-08-19 16:53:03.524,-0.155,0.02
2021-08-19 16:53:03.528,-0.09,0.045
2021-08-19 16:53:03.532,-0.05,0.07
2021-08-19 16:53:03.536,0.05,0.065
2021-08-19 16:53:03.540,0.125,0.07
2021-08-19 16:53:03.544,0.18,0.045
2021-08-19 16:53:03.548,0.23,0.065
2021-08-19 16:53:03.552,0.19,0.06
2021-08-19 16:53:03.556,0.12,0.065
2021-08-19 16:53:03.560,0.04,0.08
2021-08-19 16:53:03.564,0.065,0.075
2021-08-19 16:53:03.568,0.06,0.065
2021-08-19 16:53:03.572,0.08,0.035
2021-08-19 16:53:03.576,0.145,0.0
2021-08-19 16:53:03.580,0.09,0.015
2021-08-19 16:53:03.584,0.0,0.025
2021-08-19 16:53:03.588,-0.04,0.03
2021-08-19 16:53:03.592,-0.08,0.0
2021-08-19 16:53:03.596,-0.06,0.02
2021-08-19 16:53:03.600,-0.075,0.025
2021-08-19 16:53:03.604,-0.09,0.02
2021-08-19 16:53:03.608,-0.17,0.02
2021-08-19 16:53:03.612,-0.14,0.005
2021-08-19 16:53:03.616,-0.12,0.03
2021-08-19 16:53:03.620,-0.18,0.02
2021-08-19 16:53:03.624,-0.205,0.04
2021-08-19 16:53:03.628,-0.2,0.035
2021-08-19 16:53:03.632,-0.205,0.04
2021-08-19 16:53:03.636,-0.165,0.045
2021-08-19 16:53:03.640,-0.095,0.04
2021-08-19 16:53:03.644,-0.08,0.025
2021-08-19 16:53:03.648,-0.065,0.03
2021-08-19 16:53:03.652,-0.065,0.01
2021-08-19 16:53:03.656,-0.04,0.015
2021-08-19 16:53:03.660,-0.005,0.025
2021-08-19 16:53:03.664,-0.05,0.025
2021-08-19 16:53:03.668,-0.13,0.025
2021-08-19 16:53:03.672,-0.13,0.025
2021-08-19 16:53:03.676,-0.16,0.045
2021-08-19 16:53:03.680,-0.18,0.03
2021-08-19 16:53:03.684,-0.12,0.055
2021-08-19 16:53:03.688,-0.16,0.11
2021-08-19 16:53:03.692,-0.24,0.175
2021-08-19 16:53:03.696,-0.34,0.195
2021-08-19 16:53:03.700,-0.29,0.055
2021-08-19 16:53:03.704,0.025,-0.13
2021-08-19 16:53:03.708,0.585,-0.22
2021-08-19 16:53:03.712,1.215,-0.405
2021-08-19 16:53:03.716,1.715,-0.69
2021-08-19 16:53:03.720,1.6,-0.915
2021-08-19 16:53:03.724,0.69,-0.915
2021-08-19 16:53:03.728,-0.26,-0.655
2021-08-19 16:53:03.732,-1.01,-0.395
2021-08-19 16:53:03.736,-0.995,-0.325
2021-08-19 16:53:03.740,-0.75,-0.175
2021-08-19 16:53:03.744,-0.52,-0.1
2021-08-19 16:53:03.748,-0.345,-0.04
2021-08-19 16:53:03.752,-0.28,0.0
2021-08-19 16:53:03.756,-0.165,0.015
2021-08-19 16:53:03.760,-0.235,0.065
2021-08-19 16:53:03.764,-0.32,0.08
2021-08-19 16:53:03.768,-0.375,0.09
2021-08-19 16:53:03.772,-0.255,0.05
2021-08-19 16:53:03.776,-0.155,0.015
2021-08-19 16:53:03.780,-0.175,0.035
2021-08-19 16:53:03.784,-0.15,0.04
2021-08-19 16:53:03.788,-0.145,0.04
2021-08-19 16:53:03.792,-0.165,0.06
2021-08-19 16:53:03.796,-0.225,0.055
2021-08-19 16:53:03.800,-0.25,0.065
2021-08-19 16:53:03.804,-0.25,0.04
2021-08-19 16:53:03.808,-0.055,0.005
2021-08-19 16:53:03.812,0.065,0.025
2021-08-19 16:53:03.816,-0.095,0.035
2021-08-19 16:53:03.820,-0.33,0.065
2021-08-19 16:53:03.824,-0.49,0.095
2021-08-19 16:53:03.828,-0.455,0.065
2021-08-19 16:53:03.832,-0.325,0.075
2021-08-19 16:53:03.836,-0.285,0.07
2021-08-19 16:53:03.840,-0.34,0.06
2021-08-19 16:53:03.844,-0.32,0.05
2021-08-19 16:53:03.848,-0.22,0.05
2021-08-19 16:53:03.852,-0.195,0.075
2021-08-19 16:53:03.856,-0.27,0.075
2021-08-19 16:53:03.860,-0.365,0.105
2021-08-19 16:53:03.864,-0.37,0.07
2021-08-19 16:53:03.868,-0.23,0.075
2021-08-19 16:53:03.872,-0.22,0.075
2021-08-19 16:53:03.876,-0.25,0.05
2021-08-19 16:53:03.880,-0.185,0.06
2021-08-19 16:53:03.884,-0.11,0.065
2021-08-19 16:53:03.888,-0.22,0.065
2021-08-19 16:53:03.892,-0.305,0.075
2021-08-19 16:53:03.896,-0.345,0.085
2021-08-19 16:53:03.900,-0.4,0.09
2021-08-19 16:53:03.904,-0.38,0.08
2021-08-19 16:53:03.908,-0.27,0.08
2021-08-19 16:53:03.912,-0.33,0.08
2021-08-19 16:53:03.916,-0.435,0.08
2021-08-19 16:53:03.920,-0.48,0.08
2021-08-19 16:53:03.924,-0.335,0.08
2021-08-19 16:53:03.928,-0.295,0.09
2021-08-19 16:53:03.932,-0.295,0.07
2021-08-19 16:53:03.936,-0.245,0.065
2021-08-19 16:53:03.940,-0.16,0.06
2021-08-19 16:53:03.944,-0.25,0.065
2021-08-19 16:53:03.948,-0.32,0.055
2021-08-19 16:53:03.952,-0.13,0.04
2021-08-19 16:53:03.956,0.125,0.035
2021-08-19 16:53:03.960,0.165,0.035
2021-08-19 16:53:03.964,0.11,0.055
2021-08-19 16:53:03.968,0.09,0.05
2021-08-19 16:53:03.972,0.02,0.075
2021-08-19 16:53:03.976,-0.05,0.055
2021-08-19 16:53:03.980,-0.025,0.025
2021-08-19 16:53:03.984,0.0,0.005
2021-08-19 16:53:03.988,-0.03,0.015
2021-08-19 16:53:03.992,0.02,0.02
2021-08-19 16:53:03.996,0.005,0.015
2021-08-19 16:53:04.000,-0.04,-0.005
2021-08-19 16:53:04.004,-0.075,0.02
2021-08-19 16:53:04.008,-0.215,0.025
2021-08-19 16:53:04.012,-0.205,0.01
2021-08-19 16:53:04.016,-0.13,0.02
2021-08-19 16:53:04.020,-0.165,0.015
2021-08-19 16:53:04.024,-0.175,0.0
2021-08-19 16:53:04.028,-0.135,0.005
2021-08-19 16:53:04.032,-0.075,0.0
2021-08-19 16:53:04.036,-0.035,-0.03
2021-08-19 16:53:04.040,-0.005,0.005
2021-08-19 16:53:04.044,-0.01,-0.015
2021-08-19 16:53:04.048,-0.015,-0.01
2021-08-19 16:53:04.052,0.055,-0.02
2021-08-19 16:53:04.056,0.04,-0.025
2021-08-19 16:53:04.060,0.0,-0.02
2021-08-19 16:53:04.064,-0.14,-0.005
2021-08-19 16:53:04.068,-0.21,0.0
2021-08-19 16:53:04.072,-0.14,-0.005
2021-08-19 16:53:04.076,-0.05,0.0
2021-08-19 16:53:04.080,-0.02,-0.01
2021-08-19 16:53:04.084,0.01,0.0
2021-08-19 16:53:04.088,-0.03,-0.01
2021-08-19 16:53:04.092,-0.135,-0.02
2021-08-19 16:53:04.096,-0.135,-0.015
2021-08-19 16:53:04.100,-0.015,-0.025
2021-08-19 16:53:04.104,0.0,-0.01
2021-08-19 16:53:04.108,-0.1,-0.005
2021-08-19 16:53:04.112,-0.175,0.005
2021-08-19 16:53:04.116,-0.28,0.005
2021-08-19 16:53:04.120,-0.29,0.0
2021-08-19 16:53:04.124,-0.255,0.0
2021-08-19 16:53:04.128,-0.26,-0.02
2021-08-19 16:53:04.132,-0.28,-0.02
2021-08-19 16:53:04.136,-0.335,0.03
2021-08-19 16:53:04.140,-0.405,-0.005
2021-08-19 16:53:04.144,-0.3,0.0
2021-08-19 16:53:04.148,-0.26,0.0
2021-08-19 16:53:04.152,-0.335,-0.015
2021-08-19 16:53:04.156,-0.34,-0.045
2021-08-19 16:53:04.160,-0.2,-0.035
2021-08-19 16:53:04.164,-0.13,-0.015
2021-08-19 16:53:04.168,-0.13,0.01
2021-08-19 16:53:04.172,-0.17,0.035
2021-08-19 16:53:04.176,-0.155,0.055
2021-08-19 16:53:04.180,-0.12,0.04
2021-08-19 16:53:04.184,-0.16,0.02
2021-08-19 16:53:04.188,-0.085,0.0
2021-08-19 16:53:04.192,-0.135,0.035
2021-08-19 16:53:04.196,-0.265,0.07
2021-08-19 16:53:04.200,-0.35,0.07
2021-08-19 16:53:04.204,-0.32,0.04
2021-08-19 16:53:04.208,-0.09,0.005
2021-08-19 16:53:04.212,-0.02,0.0
2021-08-19 16:53:04.216,-0.1,0.005
2021-08-19 16:53:04.220,-0.175,0.01
2021-08-19 16:53:04.224,-0.11,0.015
2021-08-19 16:53:04.228,-0.16,-0.005
2021-08-19 16:53:04.232,-0.155,0.0
2021-08-19 16:53:04.236,-0.065,0.06
2021-08-19 16:53:04.240,0.02,0.12
2021-08-19 16:53:04.244,-0.085,0.18
2021-08-19 16:53:04.248,-0.115,0.16
2021-08-19 16:53:04.252,0.055,-0.04
2021-08-19 16:53:04.256,0.51,-0.13
2021-08-19 16:53:04.260,1.14,-0.26
2021-08-19 16:53:04.264,1.655,-0.565
2021-08-19 16:53:04.268,1.885,-0.92
2021-08-19 16:53:04.272,1.445,-1.13
2021-08-19 16:53:04.276,0.5,-1.03
2021-08-19 16:53:04.280,-0.475,-0.76
2021-08-19 16:53:04.284,-0.875,-0.68
2021-08-19 16:53:04.288,-0.775,-0.535
2021-08-19 16:53:04.292,-0.615,-0.38
2021-08-19 16:53:04.296,-0.48,-0.27
2021-08-19 16:53:04.300,-0.265,-0.225
2021-08-19 16:53:04.304,-0.015,-0.16
2021-08-19 16:53:04.308,-0.11,-0.075
2021-08-19 16:53:04.312,-0.41,-0.01
2021-08-19 16:53:04.316,-0.435,-0.015
2021-08-19 16:53:04.320,-0.28,-0.015
2021-08-19 16:53:04.324,-0.1,-0.02
2021-08-19 16:53:04.328,-0.17,-0.01
2021-08-19 16:53:04.332,-0.3,0.005
2021-08-19 16:53:04.336,-0.36,0.01
2021-08-19 16:53:04.340,-0.3,-0.01
2021-08-19 16:53:04.344,-0.39,0.0
2021-08-19 16:53:04.348,-0.475,0.025
2021-08-19 16:53:04.352,-0.51,0.01
2021-08-19 16:53:04.356,-0.43,0.005
2021-08-19 16:53:04.360,-0.335,0.025
2021-08-19 16:53:04.364,-0.385,0.0
2021-08-19 16:53:04.368,-0.355,-0.02
2021-08-19 16:53:04.372,-0.305,-0.02
2021-08-19 16:53:04.376,-0.405,0.015
2021-08-19 16:53:04.380,-0.5,0.01
2021-08-19 16:53:04.384,-0.32,-0.005
2021-08-19 16:53:04.388,-0.125,0.03
2021-08-19 16:53:04.392,-0.195,0.06
2021-08-19 16:53:04.396,-0.28,0.07
2021-08-19 16:53:04.400,-0.235,0.065
2021-08-19 16:53:04.404,-0.175,0.055
2021-08-19 16:53:04.408,-0.15,0.045
2021-08-19 16:53:04.412,-0.25,0.05
2021-08-19 16:53:04.416,-0.25,0.025
2021-08-19 16:53:04.420,-0.1,0.01
2021-08-19 16:53:04.424,0.01,0.005
2021-08-19 16:53:04.428,-0.06,0.02
2021-08-19 16:53:04.432,-0.16,0.035
2021-08-19 16:53:04.436,-0.135,0.04
2021-08-19 16:53:04.440,-0.06,0.03
2021-08-19 16:53:04.444,0.14,0.0
2021-08-19 16:53:04.448,0.19,-0.015
2021-08-19 16:53:04.452,-0.035,0.005
2021-08-19 16:53:04.456,-0.17,0.02
2021-08-19 16:53:04.460,-0.105,0.015
2021-08-19 16:53:04.464,-0.05,0.005
2021-08-19 16:53:04.468,0.015,0.005
2021-08-19 16:53:04.472,0.05,-0.005
2021-08-19 16:53:04.476,-0.01,-0.005
2021-08-19 16:53:04.480,0.07,0.0
2021-08-19 16:53:04.484,0.185,-0.02
2021-08-19 16:53:04.488,0.085,-0.005
2021-08-19 16:53:04.492,-0.015,-0.02
2021-08-19 16:53:04.496,0.12,-0.04
2021-08-19 16:53:04.500,0.115,-0.04
2021-08-19 16:53:04.504,0.075,-0.045
2021-08-19 16:53:04.508,0.175,-0.06
2021-08-19 16:53:04.512,0.3,-0.05
2021-08-19 16:53:04.516,0.355,-0.06
2021-08-19 16:53:04.520,0.2,-0.02
2021-08-19 16:53:04.524,-0.01,-0.005
2021-08-19 16:53:04.528,0.1,-0.01
2021-08-19 16:53:04.532,0.15,-0.025
2021-08-19 16:53:04.536,0.175,-0.04
2021-08-19 16:53:04.540,0.21,-0.04
2021-08-19 16:53:04.544,0.18,-0.005
2021-08-19 16:53:04.548,-0.035,-0.01
2021-08-19 16:53:04.552,-0.11,-0.015
2021-08-19 16:53:04.556,-0.145,-0.01
2021-08-19 16:53:04.560,-0.255,-0.015
2021-08-19 16:53:04.564,-0.285,-0.02
2021-08-19 16:53:04.568,-0.225,-0.03
2021-08-19 16:53:04.572,-0.225,0.0
2021-08-19 16:53:04.576,-0.18,-0.005
2021-08-19 16:53:04.580,-0.13,0.015
2021-08-19 16:53:04.584,-0.18,-0.015
2021-08-19 16:53:04.588,-0.235,-0.015
2021-08-19 16:53:04.592,-0.23,0.015
2021-08-19 16:53:04.596,-0.255,0.03
2021-08-19 16:53:04.600,-0.215,0.025
2021-08-19 16:53:04.604,-0.08,0.055
2021-08-19 16:53:04.608,0.0,0.065
2021-08-19 16:53:04.612,-0.115,0.085
2021-08-19 16:53:04.616,-0.175,0.115
2021-08-19 16:53:04.620,-0.115,0.09
2021-08-19 16:53:04.624,-0.065,0.08
2021-08-19 16:53:04.628,-0.085,0.08
2021-08-19 16:53:04.632,-0.06,0.07
2021-08-19 16:53:04.636,-0.005,0.045
2021-08-19 16:53:04.640,0.145,0.0
2021-08-19 16:53:04.644,0.195,-0.005
2021-08-19 16:53:04.648,0.08,-0.015
2021-08-19 16:53:04.652,-0.12,0.02
2021-08-19 16:53:04.656,-0.18,0.035
2021-08-19 16:53:04.660,-0.145,0.015
2021-08-19 16:53:04.664,-0.14,0.005
2021-08-19 16:53:04.668,-0.11,0.025
2021-08-19 16:53:04.672,-0.06,-0.02
2021-08-19 16:53:04.676,-0.02,-0.015
2021-08-19 16:53:04.680,0.01,-0.02
2021-08-19 16:53:04.684,0.0,-0.035
2021-08-19 16:53:04.688,0.015,-0.015
2021-08-19 16:53:04.692,0.04,-0.005
2021-08-19 16:53:04.696,-0.005,-0.04
2021-08-19 16:53:04.700,-0.02,-0.04
2021-08-19 16:53:04.704,-0.045,-0.03
2021-08-19 16:53:04.708,-0.07,-0.05
2021-08-19 16:53:04.712,-0.03,-0.03
2021-08-19 16:53:04.716,0.01,-0.04
2021-08-19 16:53:04.720,0.0,-0.06
2021-08-19 16:53:04.724,0.06,-0.045
2021-08-19 16:53:04.728,0.13,-0.06
2021-08-19 16:53:04.732,0.03,-0.09
2021-08-19 16:53:04.736,-0.03,-0.035
2021-08-19 16:53:04.740,0.05,-0.035
2021-08-19 16:53:04.744,0.11,0.02
2021-08-19 16:53:04.748,-0.035,0.105
2021-08-19 16:53:04.752,-0.275,0.125
2021-08-19 16:53:04.756,-0.21,-0.09
2021-08-19 16:53:04.760,-0.02,-0.25
2021-08-19 16:53:04.764,0.37,-0.4
2021-08-19 16:53:04.768,1.025,-0.695
2021-08-19 16:53:04.772,1.375,-1.055
2021-08-19 16:53:04.776,0.94,-1.245
2021-08-19 16:53:04.780,0.02,-1.035
2021-08-19 16:53:04.784,-0.71,-0.565
2021-08-19 16:53:04.788,-0.97,-0.43
2021-08-19 16:53:04.792,-0.85,-0.335
2021-08-19 16:53:04.796,-0.72,-0.275
2021-08-19 16:53:04.800,-0.58,-0.285
2021-08-19 16:53:04.804,-0.395,-0.225
2021-08-19 16:53:04.808,-0.425,-0.165
2021-08-19 16:53:04.812,-0.48,-0.1
2021-08-19 16:53:04.816,-0.42,-0.04
2021-08-19 16:53:04.820,-0.365,0.0
2021-08-19 16:53:04.824,-0.385,0.015
2021-08-19 16:53:04.828,-0.445,0.045
2021-08-19 16:53:04.832,-0.475,0.04
2021-08-19 16:53:04.836,-0.38,0.045
2021-08-19 16:53:04.840,-0.33,0.05
2021-08-19 16:53:04.844,-0.36,0.025
2021-08-19 16:53:04.848,-0.36,0.025
2021-08-19 16:53:04.852,-0.345,0.025
2021-08-19 16:53:04.856,-0.32,0.005
2021-08-19 16:53:04.860,-0.17,-0.03
2021-08-19 16:53:04.864,-0.125,-0.01
2021-08-19 16:53:04.868,-0.195,-0.035
2021-08-19 16:53:04.872,-0.295,-0.025
2021-08-19 16:53:04.876,-0.32,0.0
2021-08-19 16:53:04.880,-0.335,-0.005
2021-08-19 16:53:04.884,-0.29,-0.045
2021-08-19 16:53:04.888,-0.205,-0.035
2021-08-19 16:53:04.892,-0.2,-0.045
2021-08-19 16:53:04.896,-0.36,-0.04
2021-08-19 16:53:04.900,-0.52,-0.015
2021-08-19 16:53:04.904,-0.56,0.01
2021-08-19 16:53:04.908,-0.44,-0.01
2021-08-19 16:53:04.912,-0.32,-0.03
2021-08-19 16:53:04.916,-0.315,-0.02
2021-08-19 16:53:04.920,-0.31,-0.055
2021-08-19 16:53:04.924,-0.295,-0.045
2021-08-19 16:53:04.928,-0.3,-0.055
2021-08-19 16:53:04.932,-0.275,-0.07
2021-08-19 16:53:04.936,-0.21,-0.045
2021-08-19 16:53:04.940,-0.26,-0.03
2021-08-19 16:53:04.944,-0.255,-0.04
2021-08-19 16:53:04.948,-0.165,-0.05
2021-08-19 16:53:04.952,-0.24,-0.025
2021-08-19 16:53:04.956,-0.35,-0.04
2021-08-19 16:53:04.960,-0.39,-0.045
2021-08-19 16:53:04.964,-0.255,-0.055
2021-08-19 16:53:04.968,-0.155,-0.055
2021-08-19 16:53:04.972,-0.195,-0.035
2021-08-19 16:53:04.976,-0.285,-0.025
2021-08-19 16:53:04.980,-0.365,-0.015
2021-08-19 16:53:04.984,-0.365,-0.025
2021-08-19 16:53:04.988,-0.31,-0.04
2021-08-19 16:53:04.992,-0.29,-0.08
2021-08-19 16:53:04.996,-0.25,-0.11
2021-08-19 16:53:05.000,-0.27,-0.12
2021-08-19 16:53:05.004,-0.265,-0.13
2021-08-19 16:53:05.008,-0.225,-0.105
2021-08-19 16:53:05.012,-0.24,-0.11
2021-08-19 16:53:05.016,-0.28,-0.115
2021-08-19 16:53:05.020,-0.215,-0.12
2021-08-19 16:53:05.024,-0.28,-0.13
2021-08-19 16:53:05.028,-0.385,-0.115
2021-08-19 16:53:05.032,-0.41,-0.065
2021-08-19 16:53:05.036,-0.3,-0.025
2021-08-19 16:53:05.040,-0.215,-0.045
2021-08-19 16:53:05.044,-0.18,-0.02
2021-08-19 16:53:05.048,-0.29,-0.005
2021-08-19 16:53:05.052,-0.42,0.0
2021-08-19 16:53:05.056,-0.495,0.005
2021-08-19 16:53:05.060,-0.485,0.02
2021-08-19 16:53:05.064,-0.43,0.0
2021-08-19 16:53:05.068,-0.44,0.005
2021-08-19 16:53:05.072,-0.43,-0.01
2021-08-19 16:53:05.076,-0.36,-0.02
2021-08-19 16:53:05.080,-0.33,-0.055
2021-08-19 16:53:05.084,-0.265,-0.025
2021-08-19 16:53:05.088,-0.335,-0.045
2021-08-19 16:53:05.092,-0.435,-0.03
2021-08-19 16:53:05.096,-0.415,-0.02
2021-08-19 16:53:05.100,-0.36,-0.035
2021-08-19 16:53:05.104,-0.365,-0.015
2021-08-19 16:53:05.108,-0.355,-0.015
2021-08-19 16:53:05.112,-0.35,-0.03
2021-08-19 16:53:05.116,-0.34,-0.05
2021-08-19 16:53:05.120,-0.315,-0.05
2021-08-19 16:53:05.124,-0.31,-0.055
2021-08-19 16:53:05.128,-0.335,-0.03
2021-08-19 16:53:05.132,-0.26,-0.02
2021-08-19 16:53:05.136,-0.24,-0.035
2021-08-19 16:53:05.140,-0.27,-0.055
2021-08-19 16:53:05.144,-0.235,-0.055
2021-08-19 16:53:05.148,-0.24,-0.035
2021-08-19 16:53:05.152,-0.29,-0.03
2021-08-19 16:53:05.156,-0.315,0.015
2021-08-19 16:53:05.160,-0.325,0.08
2021-08-19 16:53:05.164,-0.365,0.165
2021-08-19 16:53:05.168,-0.38,0.135
2021-08-19 16:53:05.172,-0.2,-0.055
2021-08-19 16:53:05.176,0.27,-0.225
2021-08-19 16:53:05.180,0.85,-0.35
2021-08-19 16:53:05.184,1.475,-0.63
2021-08-19 16:53:05.188,1.675,-0.96
2021-08-19 16:53:05.192,1.015,-1.085
2021-08-19 16:53:05.196,-0.02,-0.89
2021-08-19 16:53:05.200,-0.925,-0.535
2021-08-19 16:53:05.204,-1.245,-0.42
2021-08-19 16:53:05.208,-1.08,-0.27
2021-08-19 16:53:05.212,-0.87,-0.205
2021-08-19 16:53:05.216,-0.65,-0.145
2021-08-19 16:53:05.220,-0.53,-0.1
2021-08-19 16:53:05.224,-0.5,-0.105
2021-08-19 16:53:05.228,-0.435,-0.085
2021-08-19 16:53:05.232,-0.405,-0.035
2021-08-19 16:53:05.236,-0.485,-0.05
2021-08-19 16:53:05.240,-0.575,0.0
2021-08-19 16:53:05.244,-0.43,0.025
2021-08-19 16:53:05.248,-0.335,0.05
2021-08-19 16:53:05.252,-0.37,0.065
2021-08-19 16:53:05.256,-0.52,0.095
2021-08-19 16:53:05.260,-0.545,0.11
2021-08-19 16:53:05.264,-0.48,0.1
2021-08-19 16:53:05.268,-0.4,0.085
2021-08-19 16:53:05.272,-0.415,0.095
2021-08-19 16:53:05.276,-0.43,0.1
2021-08-19 16:53:05.280,-0.415,0.085
2021-08-19 16:53:05.284,-0.365,0.07
2021-08-19 16:53:05.288,-0.295,0.07
2021-08-19 16:53:05.292,-0.24,0.045
2021-08-19 16:53:05.296,-0.265,0.03
2021-08-19 16:53:05.300,-0.275,0.045
2021-08-19 16:53:05.304,-0.225,0.045
2021-08-19 16:53:05.308,-0.26,0.035
2021-08-19 16:53:05.312,-0.295,0.035
2021-08-19 16:53:05.316,-0.24,0.025
2021-08-19 16:53:05.320,-0.205,0.025
2021-08-19 16:53:05.324,-0.195,0.025
2021-08-19 16:53:05.328,-0.165,0.05
2021-08-19 16:53:05.332,-0.175,0.035
2021-08-19 16:53:05.336,-0.205,0.045
2021-08-19 16:53:05.340,-0.185,0.04
2021-08-19 16:53:05.344,-0.145,0.035
2021-08-19 16:53:05.348,-0.09,0.03
2021-08-19 16:53:05.352,0.0,0.045
2021-08-19 16:53:05.356,-0.075,0.04
2021-08-19 16:53:05.360,-0.225,0.05
2021-08-19 16:53:05.364,-0.2,0.04
2021-08-19 16:53:05.368,-0.17,0.055
2021-08-19 16:53:05.372,-0.19,0.05
2021-08-19 16:53:05.376,-0.115,0.05
2021-08-19 16:53:05.380,-0.135,0.05
2021-08-19 16:53:05.384,-0.225,0.06
2021-08-19 16:53:05.388,-0.195,0.055
2021-08-19 16:53:05.392,-0.13,0.055
2021-08-19 16:53:05.396,-0.05,0.045
2021-08-19 16:53:05.400,-0.015,0.05
2021-08-19 16:53:05.404,-0.115,0.055
2021-08-19 16:53:05.408,-0.165,0.045
2021-08-19 16:53:05.412,-0.14,0.045
2021-08-19 16:53:05.416,-0.06,0.02
2021-08-19 16:53:05.420,0.005,-0.005
2021-08-19 16:53:05.424,0.0,-0.015
2021-08-19 16:53:05.428,-0.105,-0.005
2021-08-19 16:53:05.432,-0.215,0.02
2021-08-19 16:53:05.436,-0.22,0.04
2021-08-19 16:53:05.440,-0.24,0.03
2021-08-19 16:53:05.444,-0.305,0.02
2021-08-19 16:53:05.448,-0.3,0.0
2021-08-19 16:53:05.452,-0.225,0.0
2021-08-19 16:53:05.456,-0.235,0.0
2021-08-19 16:53:05.460,-0.275,0.05
2021-08-19 16:53:05.464,-0.265,0.085
2021-08-19 16:53:05.468,-0.3,0.1
2021-08-19 16:53:05.472,-0.28,0.12
2021-08-19 16:53:05.476,-0.24,0.095
2021-08-19 16:53:05.480,-0.24,0.125
2021-08-19 16:53:05.484,-0.24,0.11
2021-08-19 16:53:05.488,-0.225,0.1
2021-08-19 16:53:05.492,-0.215,0.085
2021-08-19 16:53:05.496,-0.185,0.085
2021-08-19 16:53:05.500,-0.13,0.09
2021-08-19 16:53:05.504,-0.105,0.08
2021-08-19 16:53:05.508,-0.085,0.085
2021-08-19 16:53:05.512,-0.07,0.07
2021-08-19 16:53:05.516,-0.1,0.065
2021-08-19 16:53:05.520,-0.075,0.075
2021-08-19 16:53:05.524,-0.005,0.07
2021-08-19 16:53:05.528,-0.055,0.07
2021-08-19 16:53:05.532,-0.145,0.055
2021-08-19 16:53:05.536,-0.115,0.06
2021-08-19 16:53:05.540,-0.055,0.05
2021-08-19 16:53:05.544,-0.07,0.05
2021-08-19 16:53:05.548,-0.005,0.035
2021-08-19 16:53:05.552,-0.055,0.035
2021-08-19 16:53:05.556,-0.07,0.055
2021-08-19 16:53:05.560,-0.065,0.125
2021-08-19 16:53:05.564,-0.125,0.215
2021-08-19 16:53:05.568,-0.245,0.245
2021-08-19 16:53:05.572,-0.245,0.19
2021-08-19 16:53:05.576,-0.005,0.0
2021-08-19 16:53:05.580,0.485,-0.095
2021-08-19 16:53:05.584,1.125,-0.295
2021-08-19 16:53:05.588,1.7,-0.62
2021-08-19 16:53:05.592,1.65,-0.985
2021-08-19 16:53:05.596,0.77,-1.075
2021-08-19 16:53:05.600,-0.15,-0.95
2021-08-19 16:53:05.604,-0.92,-0.695
2021-08-19 16:53:05.608,-0.98,-0.58
2021-08-19 16:53:05.612,-0.795,-0.335
2021-08-19 16:53:05.616,-0.47,-0.205
2021-08-19 16:53:05.620,-0.405,-0.105
2021-08-19 16:53:05.624,-0.415,-0.06
2021-08-19 16:53:05.628,-0.435,-0.02
2021-08-19 16:53:05.632,-0.405,0.01
2021-08-19 16:53:05.636,-0.375,0.035
2021-08-19 16:53:05.640,-0.34,0.045
2021-08-19 16:53:05.644,-0.345,0.06
2021-08-19 16:53:05.648,-0.395,0.055
2021-08-19 16:53:05.652,-0.43,0.045
2021-08-19 16:53:05.656,-0.35,0.045
2021-08-19 16:53:05.660,-0.365,0.03
2021-08-19 16:53:05.664,-0.455,0.045
2021-08-19 16:53:05.668,-0.47,0.08
2021-08-19 16:53:05.672,-0.38,0.065
2021-08-19 16:53:05.676,-0.295,0.085
2021-08-19 16:53:05.680,-0.22,0.095
2021-08-19 16:53:05.684,-0.195,0.115
2021-08-19 16:53:05.688,-0.225,0.125
2021-08-19 16:53:05.692,-0.27,0.14
2021-08-19 16:53:05.696,-0.315,0.135
2021-08-19 16:53:05.700,-0.28,0.13
2021-08-19 16:53:05.704,-0.225,0.15
2021-08-19 16:53:05.708,-0.225,0.115
2021-08-19 16:53:05.712,-0.23,0.09
2021-08-19 16:53:05.716,-0.165,0.085
2021-08-19 16:53:05.720,-0.085,0.1
2021-08-19 16:53:05.724,-0.07,0.095
2021-08-19 16:53:05.728,-0.13,0.1
2021-08-19 16:53:05.732,-0.13,0.115
2021-08-19 16:53:05.736,-0.15,0.11
2021-08-19 16:53:05.740,-0.105,0.105
2021-08-19 16:53:05.744,-0.075,0.105
2021-08-19 16:53:05.748,-0.06,0.115
2021-08-19 16:53:05.752,-0.065,0.105
2021-08-19 16:53:05.756,-0.095,0.11
2021-08-19 16:53:05.760,-0.14,0.125
2021-08-19 16:53:05.764,-0.165,0.115
2021-08-19 16:53:05.768,-0.195,0.115
2021-08-19 16:53:05.772,-0.175,0.095
2021-08-19 16:53:05.776,-0.12,0.115
2021-08-19 16:53:05.780,-0.07,0.1
2021-08-19 16:53:05.784,0.0,0.095
2021-08-19 16:53:05.788,0.0,0.095
2021-08-19 16:53:05.792,-0.03,0.13
2021-08-19 16:53:05.796,-0.115,0.11
2021-08-19 16:53:05.800,-0.115,0.115
2021-08-19 16:53:05.804,-0.04,0.105
2021-08-19 16:53:05.808,-0.005,0.1
2021-08-19 16:53:05.812,0.04,0.1
2021-08-19 16:53:05.816,0.105,0.085
2021-08-19 16:53:05.820,0.11,0.07
2021-08-19 16:53:05.824,0.12,0.075
2021-08-19 16:53:05.828,0.125,0.065
2021-08-19 16:53:05.832,0.09,0.045
2021-08-19 16:53:05.836,0.035,0.04
2021-08-19 16:53:05.840,-0.01,0.035
2021-08-19 16:53:05.844,-0.08,0.03
2021-08-19 16:53:05.848,-0.14,0.045
2021-08-19 16:53:05.852,-0.14,0.04
2021-08-19 16:53:05.856,-0.19,0.03
2021-08-19 16:53:05.860,-0.22,0.02
2021-08-19 16:53:05.864,-0.215,0.03
2021-08-19 16:53:05.868,-0.24,0.015
2021-08-19 16:53:05.872,-0.24,0.005
2021-08-19 16:53:05.876,-0.215,0.03
2021-08-19 16:53:05.880,-0.18,0.035
2021-08-19 16:53:05.884,-0.165,0.055
2021-08-19 16:53:05.888,-0.1,0.05
2021-08-19 16:53:05.892,-0.08,0.065
2021-08-19 16:53:05.896,-0.065,0.055
2021-08-19 16:53:05.900,-0.04,0.07
2021-08-19 16:53:05.904,-0.075,0.1
2021-08-19 16:53:05.908,-0.15,0.105
2021-08-19 16:53:05.912,-0.16,0.11
2021-08-19 16:53:05.916,-0.135,0.08
2021-08-19 16:53:05.920,-0.085,0.065
2021-08-19 16:53:05.924,-0.01,0.06
2021-08-19 16:53:05.928,0.01,0.07
2021-08-19 16:53:05.932,0.01,0.07
2021-08-19 16:53:05.936,0.055,0.08
2021-08-19 16:53:05.940,0.03,0.07
2021-08-19 16:53:05.944,-0.015,0.055
2021-08-19 16:53:05.948,0.015,0.07
2021-08-19 16:53:05.952,0.02,0.045
2021-08-19 16:53:05.956,-0.01,0.05
2021-08-19 16:53:05.960,0.025,0.06
2021-08-19 16:53:05.964,0.055,0.055
2021-08-19 16:53:05.968,0.045,0.045
2021-08-19 16:53:05.972,0.03,0.055
2021-08-19 16:53:05.976,0.02,0.05
2021-08-19 16:53:05.980,-0.03,0.05
2021-08-19 16:53:05.984,-0.06,0.055
2021-08-19 16:53:05.988,-0.005,0.055
2021-08-19 16:53:05.992,-0.015,0.075
2021-08-19 16:53:05.996,-0.035,0.07
2021-08-19 16:53:06.000,-0.015,0.055
2021-08-19 16:53:06.004,-0.03,0.05
2021-08-19 16:53:06.008,-0.03,0.055
2021-08-19 16:53:06.012,-0.015,0.065
2021-08-19 16:53:06.016,-0.065,0.055
2021-08-19 16:53:06.020,-0.13,0.08
2021-08-19 16:53:06.024,-0.1,0.08
2021-08-19 16:53:06.028,-0.09,0.095
2021-08-19 16:53:06.032,-0.07,0.065
2021-08-19 16:53:06.036,-0.015,0.075
2021-08-19 16:53:06.040,-0.095,0.115
2021-08-19 16:53:06.044,-0.2,0.125
2021-08-19 16:53:06.048,-0.245,0.12
2021-08-19 16:53:06.052,-0.26,0.1
2021-08-19 16:53:06.056,-0.28,0.085
2021-08-19 16:53:06.060,-0.245,0.105
2021-08-19 16:53:06.064,-0.26,0.11
2021-08-19 16:53:06.068,-0.26,0.135
2021-08-19 16:53:06.072,-0.18,0.145
2021-08-19 16:53:06.076,-0.195,0.15
2021-08-19 16:53:06.080,-0.28,0.175
2021-08-19 16:53:06.084,-0.305,0.17
2021-08-19 16:53:06.088,-0.315,0.205
2021-08-19 16:53:06.092,-0.32,0.23
2021-08-19 16:53:06.096,-0.265,0.26
2021-08-19 16:53:06.100,-0.27,0.28
2021-08-19 16:53:06.104,-0.26,0.3
2021-08-19 16:53:06.108,-0.21,0.345
2021-08-19 16:53:06.112,-0.24,0.385
2021-08-19 16:53:06.116,-0.265,0.33
2021-08-19 16:53:06.120,-0.025,0.125
2021-08-19 16:53:06.124,0.625,-0.03
2021-08-19 16:53:06.128,1.31,-0.13
2021-08-19 16:53:06.132,1.86,-0.38
2021-08-19 16:53:06.140,1.635,-0.98
2021-08-19 16:53:06.144,0.675,-0.945
2021-08-19 16:53:06.148,-0.355,-0.67
2021-08-19 16:53:06.152,-0.84,-0.585
2021-08-19 16:53:06.156,-0.79,-0.45
2021-08-19 16:53:06.160,-0.555,-0.255
2021-08-19 16:53:06.164,-0.39,-0.2
2021-08-19 16:53:06.168,-0.29,-0.115
2021-08-19 16:53:06.172,-0.235,-0.065
2021-08-19 16:53:06.176,-0.2,-0.02
2021-08-19 16:53:06.180,-0.13,0.035
2021-08-19 16:53:06.184,-0.115,0.05
2021-08-19 16:53:06.188,-0.16,0.055
2021-08-19 16:53:06.192,-0.13,0.065
2021-08-19 16:53:06.196,-0.085,0.065
2021-08-19 16:53:06.200,-0.16,0.09
2021-08-19 16:53:06.204,-0.295,0.125
2021-08-19 16:53:06.208,-0.315,0.105
2021-08-19 16:53:06.212,-0.3,0.085
2021-08-19 16:53:06.216,-0.23,0.09
2021-08-19 16:53:06.220,-0.19,0.09
2021-08-19 16:53:06.224,-0.12,0.07
2021-08-19 16:53:06.228,-0.1,0.09
2021-08-19 16:53:06.232,-0.115,0.1
2021-08-19 16:53:06.236,-0.25,0.095
2021-08-19 16:53:06.240,-0.295,0.11
2021-08-19 16:53:06.244,-0.275,0.1
2021-08-19 16:53:06.248,-0.285,0.115
2021-08-19 16:53:06.252,-0.225,0.1
2021-08-19 16:53:06.256,-0.2,0.1
2021-08-19 16:53:06.260,-0.15,0.095
2021-08-19 16:53:06.264,-0.13,0.105
2021-08-19 16:53:06.268,-0.1,0.09
2021-08-19 16:53:06.272,-0.17,0.105
2021-08-19 16:53:06.276,-0.32,0.11
2021-08-19 16:53:06.280,-0.425,0.11
2021-08-19 16:53:06.284,-0.47,0.105
2021-08-19 16:53:06.288,-0.4,0.115
2021-08-19 16:53:06.292,-0.34,0.125
2021-08-19 16:53:06.296,-0.315,0.105
2021-08-19 16:53:06.300,-0.29,0.1
2021-08-19 16:53:06.304,-0.205,0.085
2021-08-19 16:53:06.308,-0.175,0.065
2021-08-19 16:53:06.312,-0.22,0.06
2021-08-19 16:53:06.316,-0.225,0.11
2021-08-19 16:53:06.320,-0.21,0.145
2021-08-19 16:53:06.324,-0.225,0.16
2021-08-19 16:53:06.328,-0.185,0.16
2021-08-19 16:53:06.332,-0.19,0.16
2021-08-19 16:53:06.336,-0.22,0.14
2021-08-19 16:53:06.340,-0.24,0.135
2021-08-19 16:53:06.344,-0.235,0.125
2021-08-19 16:53:06.348,-0.125,0.13
2021-08-19 16:53:06.352,-0.015,0.115
2021-08-19 16:53:06.356,-0.01,0.07
2021-08-19 16:53:06.360,0.0,0.07
2021-08-19 16:53:06.364,0.03,0.065
2021-08-19 16:53:06.368,0.045,0.055
2021-08-19 16:53:06.372,0.03,0.065
2021-08-19 16:53:06.376,0.055,0.06
2021-08-19 16:53:06.380,0.06,0.055
2021-08-19 16:53:06.384,0.055,0.08
2021-08-19 16:53:06.388,0.12,0.065
2021-08-19 16:53:06.392,0.19,0.045
2021-08-19 16:53:06.396,0.185,0.05
2021-08-19 16:53:06.400,0.16,0.075
2021-08-19 16:53:06.404,0.135,0.055
2021-08-19 16:53:06.408,0.115,0.055
2021-08-19 16:53:06.412,0.08,0.08
2021-08-19 16:53:06.416,-0.02,0.105
2021-08-19 16:53:06.420,-0.11,0.075
2021-08-19 16:53:06.424,-0.1,0.11
2021-08-19 16:53:06.428,-0.1,0.1
2021-08-19 16:53:06.432,-0.14,0.1
2021-08-19 16:53:06.436,-0.145,0.105
2021-08-19 16:53:06.440,-0.14,0.1
2021-08-19 16:53:06.444,-0.155,0.095
2021-08-19 16:53:06.448,-0.13,0.1
2021-08-19 16:53:06.452,-0.11,0.11
2021-08-19 16:53:06.456,-0.145,0.1
2021-08-19 16:53:06.460,-0.16,0.115
2021-08-19 16:53:06.464,-0.135,0.12
2021-08-19 16:53:06.468,-0.14,0.115
2021-08-19 16:53:06.472,-0.12,0.12
2021-08-19 16:53:06.476,-0.13,0.125
2021-08-19 16:53:06.480,-0.175,0.145
2021-08-19 16:53:06.484,-0.185,0.13
2021-08-19 16:53:06.488,-0.225,0.11
2021-08-19 16:53:06.492,-0.26,0.095
2021-08-19 16:53:06.496,-0.2,0.13
2021-08-19 16:53:06.500,-0.185,0.13
2021-08-19 16:53:06.504,-0.17,0.155
2021-08-19 16:53:06.508,-0.19,0.2
2021-08-19 16:53:06.512,-0.225,0.225
2021-08-19 16:53:06.516,-0.255,0.19
2021-08-19 16:53:06.520,-0.17,0.06
2021-08-19 16:53:06.524,0.295,-0.085
2021-08-19 16:53:06.528,0.98,-0.155
2021-08-19 16:53:06.532,1.635,-0.31
2021-08-19 16:53:06.540,1.755,-0.81
2021-08-19 16:53:06.544,0.84,-0.755
2021-08-19 16:53:06.548,-0.155,-0.475
2021-08-19 16:53:06.552,-0.61,-0.38
2021-08-19 16:53:06.556,-0.55,-0.255
2021-08-19 16:53:06.560,-0.35,-0.13
2021-08-19 16:53:06.564,-0.14,-0.1
2021-08-19 16:53:06.568,-0.095,-0.01
2021-08-19 16:53:06.572,-0.065,0.055
2021-08-19 16:53:06.576,-0.055,0.065
2021-08-19 16:53:06.580,-0.06,0.085
2021-08-19 16:53:06.584,-0.03,0.085
2021-08-19 16:53:06.588,0.0,0.09
2021-08-19 16:53:06.592,-0.075,0.09
2021-08-19 16:53:06.596,-0.145,0.12
2021-08-19 16:53:06.600,-0.21,0.115
2021-08-19 16:53:06.604,-0.24,0.115
2021-08-19 16:53:06.608,-0.18,0.11
2021-08-19 16:53:06.612,-0.115,0.11
2021-08-19 16:53:06.616,-0.145,0.105
2021-08-19 16:53:06.620,-0.195,0.105
2021-08-19 16:53:06.624,-0.215,0.1
2021-08-19 16:53:06.628,-0.225,0.115
2021-08-19 16:53:06.632,-0.26,0.115
2021-08-19 16:53:06.636,-0.285,0.13
2021-08-19 16:53:06.640,-0.295,0.12
2021-08-19 16:53:06.644,-0.225,0.125
2021-08-19 16:53:06.648,-0.23,0.125
2021-08-19 16:53:06.652,-0.265,0.115
2021-08-19 16:53:06.656,-0.205,0.1
2021-08-19 16:53:06.660,-0.195,0.125
2021-08-19 16:53:06.664,-0.17,0.09
2021-08-19 16:53:06.668,-0.155,0.105
2021-08-19 16:53:06.672,-0.155,0.12
2021-08-19 16:53:06.676,-0.17,0.115
2021-08-19 16:53:06.680,-0.15,0.14
2021-08-19 16:53:06.684,-0.155,0.115
2021-08-19 16:53:06.688,-0.16,0.1
2021-08-19 16:53:06.692,-0.155,0.1
2021-08-19 16:53:06.696,-0.17,0.065
2021-08-19 16:53:06.700,-0.21,0.075
2021-08-19 16:53:06.704,-0.165,0.085
2021-08-19 16:53:06.708,-0.125,0.09
2021-08-19 16:53:06.712,-0.105,0.065
2021-08-19 16:53:06.716,-0.06,0.065
2021-08-19 16:53:06.720,-0.075,0.05
2021-08-19 16:53:06.724,-0.115,0.045
2021-08-19 16:53:06.728,-0.1,0.04
2021-08-19 16:53:06.732,-0.065,0.05
2021-08-19 16:53:06.736,-0.06,0.08
2021-08-19 16:53:06.740,-0.005,0.08
2021-08-19 16:53:06.744,0.075,0.11
2021-08-19 16:53:06.748,0.095,0.11
2021-08-19 16:53:06.752,0.065,0.13
2021-08-19 16:53:06.756,0.135,0.12
2021-08-19 16:53:06.760,0.16,0.11
2021-08-19 16:53:06.764,0.155,0.125
2021-08-19 16:53:06.768,0.205,0.1
2021-08-19 16:53:06.772,0.23,0.095
2021-08-19 16:53:06.776,0.2,0.105
2021-08-19 16:53:06.780,0.23,0.11
2021-08-19 16:53:06.784,0.17,0.085
2021-08-19 16:53:06.788,0.125,0.08
2021-08-19 16:53:06.792,0.165,0.095
2021-08-19 16:53:06.796,0.165,0.08
2021-08-19 16:53:06.800,0.055,0.115
2021-08-19 16:53:06.804,-0.045,0.125
2021-08-19 16:53:06.808,-0.075,0.135
2021-08-19 16:53:06.812,-0.03,0.12
2021-08-19 16:53:06.816,-0.005,0.11
2021-08-19 16:53:06.820,0.015,0.1
2021-08-19 16:53:06.824,-0.04,0.1
2021-08-19 16:53:06.828,-0.06,0.11
2021-08-19 16:53:06.832,-0.04,0.11
2021-08-19 16:53:06.836,-0.08,0.095
2021-08-19 16:53:06.840,-0.07,0.115
2021-08-19 16:53:06.844,-0.055,0.15
2021-08-19 16:53:06.848,-0.065,0.23
2021-08-19 16:53:06.852,-0.06,0.295
2021-08-19 16:53:06.856,-0.025,0.21
2021-08-19 16:53:06.860,0.235,0.015
2021-08-19 16:53:06.864,0.875,-0.085
2021-08-19 16:53:06.868,1.495,-0.19
2021-08-19 16:53:06.880,1.595,-0.9
2021-08-19 16:53:06.884,0.73,-0.705
2021-08-19 16:53:06.888,-0.11,-0.455
2021-08-19 16:53:06.892,-0.3,-0.415
2021-08-19 16:53:06.896,-0.4,-0.2
2021-08-19 16:53:06.900,-0.34,-0.105
2021-08-19 16:53:06.904,-0.375,0.0
2021-08-19 16:53:06.908,-0.365,0.015
2021-08-19 16:53:06.912,-0.345,0.05
2021-08-19 16:53:06.916,-0.32,0.09
2021-08-19 16:53:06.920,-0.315,0.13
2021-08-19 16:53:06.924,-0.34,0.115
2021-08-19 16:53:06.928,-0.345,0.12
2021-08-19 16:53:06.932,-0.36,0.1
2021-08-19 16:53:06.936,-0.355,0.075
2021-08-19 16:53:06.940,-0.335,0.095
2021-08-19 16:53:06.944,-0.335,0.12
2021-08-19 16:53:06.948,-0.325,0.135
2021-08-19 16:53:06.952,-0.3,0.165
2021-08-19 16:53:06.956,-0.285,0.16
2021-08-19 16:53:06.960,-0.225,0.185
2021-08-19 16:53:06.964,-0.155,0.2
2021-08-19 16:53:06.968,-0.18,0.195
2021-08-19 16:53:06.972,-0.225,0.195
2021-08-19 16:53:06.976,-0.275,0.175
2021-08-19 16:53:06.980,-0.25,0.17
2021-08-19 16:53:06.984,-0.175,0.15
2021-08-19 16:53:06.988,-0.13,0.135
2021-08-19 16:53:06.992,-0.205,0.14
2021-08-19 16:53:06.996,-0.225,0.155
2021-08-19 16:53:07.000,-0.205,0.15
2021-08-19 16:53:07.004,-0.23,0.13
2021-08-19 16:53:07.008,-0.235,0.12
2021-08-19 16:53:07.012,-0.17,0.135
2021-08-19 16:53:07.016,-0.185,0.14
2021-08-19 16:53:07.020,-0.24,0.12
2021-08-19 16:53:07.024,-0.215,0.13
2021-08-19 16:53:07.028,-0.195,0.13
2021-08-19 16:53:07.032,-0.185,0.135
2021-08-19 16:53:07.036,-0.15,0.125
2021-08-19 16:53:07.040,-0.135,0.13
2021-08-19 16:53:07.044,-0.145,0.12
2021-08-19 16:53:07.048,-0.1,0.12
2021-08-19 16:53:07.052,-0.11,0.13
2021-08-19 16:53:07.056,-0.125,0.1
2021-08-19 16:53:07.060,-0.11,0.115
2021-08-19 16:53:07.064,-0.035,0.12
2021-08-19 16:53:07.068,-0.07,0.13
2021-08-19 16:53:07.072,-0.1,0.115
2021-08-19 16:53:07.076,-0.115,0.125
2021-08-19 16:53:07.080,-0.1,0.12
2021-08-19 16:53:07.084,-0.03,0.12
2021-08-19 16:53:07.088,-0.005,0.115
2021-08-19 16:53:07.092,0.035,0.115
2021-08-19 16:53:07.096,0.065,0.105
2021-08-19 16:53:07.100,0.1,0.085
2021-08-19 16:53:07.104,0.08,0.115
2021-08-19 16:53:07.108,0.015,0.105
2021-08-19 16:53:07.112,-0.015,0.105
2021-08-19 16:53:07.116,-0.01,0.105
2021-08-19 16:53:07.120,0.01,0.08
2021-08-19 16:53:07.124,0.005,0.08
2021-08-19 16:53:07.128,-0.04,0.075
2021-08-19 16:53:07.132,-0.06,0.105
2021-08-19 16:53:07.136,-0.155,0.12
2021-08-19 16:53:07.140,-0.225,0.085
2021-08-19 16:53:07.144,-0.185,0.09
2021-08-19 16:53:07.148,-0.13,0.075
2021-08-19 16:53:07.152,-0.115,0.075
2021-08-19 16:53:07.156,-0.12,0.11
2021-08-19 16:53:07.160,-0.1,0.115
2021-08-19 16:53:07.164,-0.03,0.135
2021-08-19 16:53:07.168,0.01,0.14
2021-08-19 16:53:07.172,-0.03,0.16
2021-08-19 16:53:07.176,-0.105,0.145
2021-08-19 16:53:07.180,-0.105,0.165
2021-08-19 16:53:07.184,-0.02,0.15
2021-08-19 16:53:07.188,-0.015,0.16
2021-08-19 16:53:07.192,-0.035,0.14
2021-08-19 16:53:07.196,-0.045,0.125
2021-08-19 16:53:07.200,0.0,0.105
2021-08-19 16:53:07.204,0.015,0.11
2021-08-19 16:53:07.208,0.035,0.125
2021-08-19 16:53:07.212,0.0,0.16
2021-08-19 16:53:07.216,0.05,0.22
2021-08-19 16:53:07.220,0.035,0.265
2021-08-19 16:53:07.224,0.015,0.2
2021-08-19 16:53:07.228,0.305,0.045
2021-08-19 16:53:07.232,0.84,-0.085
2021-08-19 16:53:07.236,1.36,-0.185
2021-08-19 16:53:07.240,1.81,-0.435
2021-08-19 16:53:07.244,1.89,-0.785
2021-08-19 16:53:07.248,1.245,-1.03
2021-08-19 16:53:07.252,0.22,-0.98
2021-08-19 16:53:07.256,-0.77,-0.745
2021-08-19 16:53:07.260,-1.125,-0.7
2021-08-19 16:53:07.264,-1.095,-0.51
2021-08-19 16:53:07.268,-0.755,-0.25
2021-08-19 16:53:07.272,-0.515,-0.115
2021-08-19 16:53:07.276,-0.42,-0.065
2021-08-19 16:53:07.280,-0.345,-0.005
2021-08-19 16:53:07.284,-0.285,0.045
2021-08-19 16:53:07.288,-0.28,0.075
2021-08-19 16:53:07.292,-0.29,0.1
2021-08-19 16:53:07.296,-0.295,0.13
2021-08-19 16:53:07.300,-0.31,0.125
2021-08-19 16:53:07.304,-0.305,0.125
2021-08-19 16:53:07.308,-0.32,0.15
2021-08-19 16:53:07.312,-0.375,0.14
2021-08-19 16:53:07.316,-0.405,0.165
2021-08-19 16:53:07.320,-0.385,0.155
2021-08-19 16:53:07.324,-0.4,0.16
2021-08-19 16:53:07.328,-0.415,0.135
2021-08-19 16:53:07.332,-0.425,0.145
2021-08-19 16:53:07.336,-0.47,0.165
2021-08-19 16:53:07.340,-0.45,0.18
2021-08-19 16:53:07.344,-0.405,0.15
2021-08-19 16:53:07.348,-0.385,0.145
2021-08-19 16:53:07.352,-0.41,0.135
2021-08-19 16:53:07.356,-0.375,0.135
2021-08-19 16:53:07.360,-0.345,0.125
2021-08-19 16:53:07.364,-0.32,0.14
2021-08-19 16:53:07.368,-0.285,0.17
2021-08-19 16:53:07.372,-0.295,0.185
2021-08-19 16:53:07.376,-0.29,0.19
2021-08-19 16:53:07.380,-0.28,0.21
2021-08-19 16:53:07.384,-0.25,0.22
2021-08-19 16:53:07.388,-0.23,0.21
2021-08-19 16:53:07.392,-0.2,0.215
2021-08-19 16:53:07.396,-0.2,0.225
2021-08-19 16:53:07.400,-0.175,0.235
2021-08-19 16:53:07.404,-0.1,0.23
2021-08-19 16:53:07.408,-0.055,0.215
2021-08-19 16:53:07.412,-0.035,0.19
2021-08-19 16:53:07.416,-0.02,0.175
2021-08-19 16:53:07.420,-0.06,0.19
2021-08-19 16:53:07.424,-0.08,0.195
2021-08-19 16:53:07.428,-0.095,0.19
2021-08-19 16:53:07.432,-0.075,0.175
2021-08-19 16:53:07.436,-0.07,0.175
2021-08-19 16:53:07.440,-0.045,0.195
2021-08-19 16:53:07.444,-0.05,0.195
2021-08-19 16:53:07.448,-0.055,0.195
2021-08-19 16:53:07.452,-0.005,0.175
2021-08-19 16:53:07.456,0.04,0.175
2021-08-19 16:53:07.460,0.06,0.165
2021-08-19 16:53:07.464,0.125,0.15
2021-08-19 16:53:07.468,0.14,0.15
2021-08-19 16:53:07.472,0.14,0.12
2021-08-19 16:53:07.476,0.18,0.12
2021-08-19 16:53:07.480,0.2,0.12
2021-08-19 16:53:07.484,0.135,0.1
2021-08-19 16:53:07.488,0.115,0.085
2021-08-19 16:53:07.492,0.1,0.105
2021-08-19 16:53:07.496,0.05,0.11
2021-08-19 16:53:07.500,0.055,0.09
2021-08-19 16:53:07.504,0.05,0.095
2021-08-19 16:53:07.508,-0.02,0.095
2021-08-19 16:53:07.512,-0.015,0.1
2021-08-19 16:53:07.516,-0.015,0.1
2021-08-19 16:53:07.520,-0.05,0.105
2021-08-19 16:53:07.524,-0.1,0.105
2021-08-19 16:53:07.528,-0.095,0.115
2021-08-19 16:53:07.532,-0.12,0.105
2021-08-19 16:53:07.536,-0.15,0.105
2021-08-19 16:53:07.540,-0.15,0.125
2021-08-19 16:53:07.544,-0.15,0.115
2021-08-19 16:53:07.548,-0.16,0.135
2021-08-19 16:53:07.552,-0.13,0.15
2021-08-19 16:53:07.556,-0.11,0.135
2021-08-19 16:53:07.560,-0.115,0.11
2021-08-19 16:53:07.564,-0.095,0.1
2021-08-19 16:53:07.568,-0.08,0.11
2021-08-19 16:53:07.572,-0.07,0.14
2021-08-19 16:53:07.576,-0.065,0.14
2021-08-19 16:53:07.580,-0.08,0.15
2021-08-19 16:53:07.584,-0.065,0.175
2021-08-19 16:53:07.588,-0.045,0.18
2021-08-19 16:53:07.592,-0.045,0.18
2021-08-19 16:53:07.596,-0.055,0.19
2021-08-19 16:53:07.600,-0.09,0.18
2021-08-19 16:53:07.604,-0.135,0.205
2021-08-19 16:53:07.608,-0.095,0.205
2021-08-19 16:53:07.612,-0.065,0.215
2021-08-19 16:53:07.616,-0.02,0.16
2021-08-19 16:53:07.620,0.035,0.135
2021-08-19 16:53:07.624,0.04,0.11
2021-08-19 16:53:07.628,0.075,0.115
2021-08-19 16:53:07.632,0.02,0.14
2021-08-19 16:53:07.636,-0.04,0.155
2021-08-19 16:53:07.640,-0.08,0.135
2021-08-19 16:53:07.644,-0.15,0.13
2021-08-19 16:53:07.648,-0.16,0.135
2021-08-19 16:53:07.652,-0.1,0.12
2021-08-19 16:53:07.656,-0.1,0.125
2021-08-19 16:53:07.660,-0.12,0.14
2021-08-19 16:53:07.664,-0.135,0.14
2021-08-19 16:53:07.668,-0.13,0.115
2021-08-19 16:53:07.672,-0.08,0.115
2021-08-19 16:53:07.676,-0.075,0.135
2021-08-19 16:53:07.680,-0.145,0.14
2021-08-19 16:53:07.684,-0.155,0.125
2021-08-19 16:53:07.688,-0.17,0.12
2021-08-19 16:53:07.692,-0.155,0.115
2021-08-19 16:53:07.696,-0.16,0.12
2021-08-19 16:53:07.700,-0.13,0.135
2021-08-19 16:53:07.704,-0.18,0.125
2021-08-19 16:53:07.708,-0.215,0.135
2021-08-19 16:53:07.712,-0.22,0.14
2021-08-19 16:53:07.716,-0.205,0.12
2021-08-19 16:53:07.720,-0.205,0.11
2021-08-19 16:53:07.724,-0.145,0.16
2021-08-19 16:53:07.728,-0.2,0.14
2021-08-19 16:53:07.732,-0.22,0.11
2021-08-19 16:53:07.736,-0.23,0.115
2021-08-19 16:53:07.740,-0.28,0.11
2021-08-19 16:53:07.744,-0.285,0.125
2021-08-19 16:53:07.748,-0.295,0.12
2021-08-19 16:53:07.752,-0.3,0.115
2021-08-19 16:53:07.756,-0.285,0.09
2021-08-19 16:53:07.760,-0.255,0.115
2021-08-19 16:53:07.764,-0.285,0.18
2021-08-19 16:53:07.768,-0.375,0.24
2021-08-19 16:53:07.772,-0.42,0.27
2021-08-19 16:53:07.776,-0.31,0.115
2021-08-19 16:53:07.780,0.04,-0.095
2021-08-19 16:53:07.784,0.6,-0.23
2021-08-19 16:53:07.788,1.19,-0.395
2021-08-19 16:53:07.792,1.65,-0.7
2021-08-19 16:53:07.796,1.555,-1.005
2021-08-19 16:53:07.800,0.64,-1.1
2021-08-19 16:53:07.804,-0.15,-0.845
2021-08-19 16:53:07.808,-0.72,-0.485
2021-08-19 16:53:07.812,-0.775,-0.465
2021-08-19 16:53:07.816,-0.675,-0.375
2021-08-19 16:53:07.820,-0.515,-0.23
2021-08-19 16:53:07.824,-0.34,-0.145
2021-08-19 16:53:07.828,-0.275,-0.075
2021-08-19 16:53:07.832,-0.22,-0.015
2021-08-19 16:53:07.836,-0.15,0.0
2021-08-19 16:53:07.840,-0.105,0.01
2021-08-19 16:53:07.844,-0.135,0.05
2021-08-19 16:53:07.848,-0.19,0.045
2021-08-19 16:53:07.852,-0.235,0.045
2021-08-19 16:53:07.856,-0.235,0.04
2021-08-19 16:53:07.860,-0.27,0.07
2021-08-19 16:53:07.864,-0.405,0.065
2021-08-19 16:53:07.868,-0.42,0.08
2021-08-19 16:53:07.872,-0.375,0.06
2021-08-19 16:53:07.876,-0.37,0.075
2021-08-19 16:53:07.880,-0.4,0.055
2021-08-19 16:53:07.884,-0.355,0.055
2021-08-19 16:53:07.888,-0.315,0.06
2021-08-19 16:53:07.892,-0.34,0.055
2021-08-19 16:53:07.896,-0.395,0.045
2021-08-19 16:53:07.900,-0.425,0.055
2021-08-19 16:53:07.904,-0.4,0.065
2021-08-19 16:53:07.908,-0.325,0.06
2021-08-19 16:53:07.912,-0.385,0.045
2021-08-19 16:53:07.916,-0.385,0.05
2021-08-19 16:53:07.920,-0.35,0.035
2021-08-19 16:53:07.924,-0.255,0.005
2021-08-19 16:53:07.928,-0.23,0.025
2021-08-19 16:53:07.932,-0.31,0.025
2021-08-19 16:53:07.936,-0.39,0.02
2021-08-19 16:53:07.940,-0.42,0.04
2021-08-19 16:53:07.944,-0.385,0.025
2021-08-19 16:53:07.948,-0.39,0.04
2021-08-19 16:53:07.952,-0.47,0.04
2021-08-19 16:53:07.956,-0.535,0.035
2021-08-19 16:53:07.960,-0.505,0.025
2021-08-19 16:53:07.964,-0.44,0.01
2021-08-19 16:53:07.968,-0.34,0.0
2021-08-19 16:53:07.972,-0.355,0.01
2021-08-19 16:53:07.976,-0.445,0.01
2021-08-19 16:53:07.980,-0.5,0.01
2021-08-19 16:53:07.984,-0.405,-0.04
2021-08-19 16:53:07.988,-0.375,-0.085
2021-08-19 16:53:07.992,-0.385,-0.1
2021-08-19 16:53:07.996,-0.41,-0.105
2021-08-19 16:53:08.000,-0.44,-0.08
2021-08-19 16:53:08.004,-0.51,-0.02
2021-08-19 16:53:08.008,-0.56,0.005
2021-08-19 16:53:08.012,-0.545,-0.01
2021-08-19 16:53:08.016,-0.42,-0.02
2021-08-19 16:53:08.020,-0.375,-0.04
2021-08-19 16:53:08.024,-0.41,-0.065
2021-08-19 16:53:08.028,-0.35,-0.105
2021-08-19 16:53:08.032,-0.2,-0.105
2021-08-19 16:53:08.036,-0.225,-0.1
2021-08-19 16:53:08.040,-0.145,-0.135
2021-08-19 16:53:08.044,0.0,-0.155
2021-08-19 16:53:08.048,0.045,-0.16
2021-08-19 16:53:08.052,-0.085,-0.135
2021-08-19 16:53:08.056,-0.175,-0.12
2021-08-19 16:53:08.060,-0.125,-0.12
2021-08-19 16:53:08.064,-0.14,-0.11
2021-08-19 16:53:08.068,-0.16,-0.105
2021-08-19 16:53:08.072,-0.16,-0.13
2021-08-19 16:53:08.076,0.015,-0.145
2021-08-19 16:53:08.080,0.175,-0.135
2021-08-19 16:53:08.084,0.11,-0.15
2021-08-19 16:53:08.088,0.025,-0.15
2021-08-19 16:53:08.092,-0.17,-0.105
2021-08-19 16:53:08.096,-0.48,-0.07
2021-08-19 16:53:08.100,-0.655,-0.025
2021-08-19 16:53:08.104,-0.545,-0.03
2021-08-19 16:53:08.108,-0.45,-0.045
2021-08-19 16:53:08.112,-0.34,-0.07
2021-08-19 16:53:08.116,-0.22,-0.07
2021-08-19 16:53:08.120,-0.16,-0.1
2021-08-19 16:53:08.124,-0.16,-0.11
2021-08-19 16:53:08.128,-0.28,-0.105
2021-08-19 16:53:08.132,-0.39,-0.08
2021-08-19 16:53:08.136,-0.385,-0.065
2021-08-19 16:53:08.140,-0.255,-0.07
2021-08-19 16:53:08.144,-0.25,-0.09
2021-08-19 16:53:08.148,-0.345,-0.09
2021-08-19 16:53:08.152,-0.275,-0.11
2021-08-19 16:53:08.156,-0.18,-0.095
2021-08-19 16:53:08.160,-0.275,-0.09
2021-08-19 16:53:08.164,-0.335,-0.11
2021-08-19 16:53:08.168,-0.29,-0.1
2021-08-19 16:53:08.172,-0.26,-0.1
2021-08-19 16:53:08.176,-0.315,-0.075
2021-08-19 16:53:08.180,-0.385,-0.065
2021-08-19 16:53:08.184,-0.38,-0.07
2021-08-19 16:53:08.188,-0.32,-0.09
2021-08-19 16:53:08.192,-0.3,-0.115
2021-08-19 16:53:08.196,-0.28,-0.13
2021-08-19 16:53:08.200,-0.195,-0.12
2021-08-19 16:53:08.204,-0.15,-0.08
2021-08-19 16:53:08.208,-0.21,-0.045
2021-08-19 16:53:08.212,-0.21,-0.005
2021-08-19 16:53:08.216,-0.125,0.035
2021-08-19 16:53:08.220,-0.08,0.09
2021-08-19 16:53:08.224,-0.16,0.12
2021-08-19 16:53:08.228,-0.075,0.0
2021-08-19 16:53:08.232,0.34,-0.19
2021-08-19 16:53:08.236,0.95,-0.305
2021-08-19 16:53:08.240,1.545,-0.505
2021-08-19 16:53:08.244,1.9,-0.79
2021-08-19 16:53:08.248,1.72,-1.005
2021-08-19 16:53:08.252,0.85,-0.98
2021-08-19 16:53:08.256,-0.01,-0.65
2021-08-19 16:53:08.260,-0.75,-0.38
2021-08-19 16:53:08.264,-0.9,-0.29
2021-08-19 16:53:08.268,-0.755,-0.205
2021-08-19 16:53:08.272,-0.575,-0.245
2021-08-19 16:53:08.276,-0.415,-0.215
2021-08-19 16:53:08.280,-0.275,-0.185
2021-08-19 16:53:08.284,-0.24,-0.14
2021-08-19 16:53:08.288,-0.22,-0.11
2021-08-19 16:53:08.292,-0.135,-0.115
2021-08-19 16:53:08.296,-0.125,-0.13
2021-08-19 16:53:08.300,-0.04,-0.16
2021-08-19 16:53:08.304,-0.05,-0.11
2021-08-19 16:53:08.308,-0.315,-0.08
2021-08-19 16:53:08.312,-0.535,-0.075
2021-08-19 16:53:08.316,-0.595,-0.07
2021-08-19 16:53:08.320,-0.535,-0.075
2021-08-19 16:53:08.324,-0.36,-0.095
2021-08-19 16:53:08.328,-0.205,-0.11
2021-08-19 16:53:08.332,-0.275,-0.095
2021-08-19 16:53:08.336,-0.375,-0.08
2021-08-19 16:53:08.340,-0.24,-0.105
2021-08-19 16:53:08.344,-0.12,-0.105
2021-08-19 16:53:08.348,-0.255,-0.105
2021-08-19 16:53:08.352,-0.46,-0.09
2021-08-19 16:53:08.356,-0.29,-0.095
2021-08-19 16:53:08.360,-0.185,-0.11
2021-08-19 16:53:08.364,-0.275,-0.135
2021-08-19 16:53:08.368,-0.43,-0.095
2021-08-19 16:53:08.372,-0.445,-0.1
2021-08-19 16:53:08.376,-0.315,-0.115
2021-08-19 16:53:08.380,-0.225,-0.175
2021-08-19 16:53:08.384,-0.05,-0.155
2021-08-19 16:53:08.388,0.25,-0.205
2021-08-19 16:53:08.392,0.095,-0.255
2021-08-19 16:53:08.396,-0.295,-0.235
2021-08-19 16:53:08.400,-0.7,-0.115
2021-08-19 16:53:08.404,-0.79,-0.085
2021-08-19 16:53:08.408,-0.735,-0.065
2021-08-19 16:53:08.412,-0.585,0.0
2021-08-19 16:53:08.416,-0.42,-0.01
2021-08-19 16:53:08.420,-0.28,-0.035
2021-08-19 16:53:08.424,-0.19,-0.04
2021-08-19 16:53:08.428,-0.315,-0.03
2021-08-19 16:53:08.432,-0.395,0.005
2021-08-19 16:53:08.436,-0.355,0.035
2021-08-19 16:53:08.440,-0.205,0.015
2021-08-19 16:53:08.444,-0.095,-0.015
2021-08-19 16:53:08.448,-0.085,-0.01
2021-08-19 16:53:08.452,-0.075,-0.05
2021-08-19 16:53:08.456,-0.08,-0.065
2021-08-19 16:53:08.460,-0.095,-0.06
2021-08-19 16:53:08.464,-0.08,-0.08
2021-08-19 16:53:08.468,0.0,-0.11
2021-08-19 16:53:08.472,0.115,-0.095
2021-08-19 16:53:08.476,0.035,-0.12
2021-08-19 16:53:08.480,0.025,-0.11
2021-08-19 16:53:08.484,0.115,-0.115
2021-08-19 16:53:08.488,0.15,-0.13
2021-08-19 16:53:08.492,0.14,-0.145
2021-08-19 16:53:08.496,0.205,-0.14
2021-08-19 16:53:08.500,0.125,-0.15
2021-08-19 16:53:08.504,-0.06,-0.105
2021-08-19 16:53:08.508,-0.165,-0.1
2021-08-19 16:53:08.512,-0.085,-0.13
2021-08-19 16:53:08.516,0.05,-0.155
2021-08-19 16:53:08.520,0.085,-0.155
2021-08-19 16:53:08.524,-0.07,-0.135
2021-08-19 16:53:08.528,-0.255,-0.095
2021-08-19 16:53:08.532,-0.27,-0.105
2021-08-19 16:53:08.536,-0.23,-0.105
2021-08-19 16:53:08.540,-0.255,-0.105
2021-08-19 16:53:08.544,-0.39,-0.055
2021-08-19 16:53:08.548,-0.39,-0.05
2021-08-19 16:53:08.552,-0.275,-0.075
2021-08-19 16:53:08.556,0.005,-0.11
2021-08-19 16:53:08.560,0.155,-0.16
2021-08-19 16:53:08.564,-0.15,-0.15
2021-08-19 16:53:08.568,-0.535,-0.045
2021-08-19 16:53:08.572,-0.56,-0.025
2021-08-19 16:53:08.576,-0.38,-0.04
2021-08-19 16:53:08.580,-0.225,-0.085
2021-08-19 16:53:08.584,-0.175,-0.085
2021-08-19 16:53:08.588,-0.315,-0.09
2021-08-19 16:53:08.592,-0.465,-0.085
2021-08-19 16:53:08.596,-0.42,-0.105
2021-08-19 16:53:08.600,-0.21,-0.14
2021-08-19 16:53:08.604,-0.16,-0.11
2021-08-19 16:53:08.608,-0.35,-0.08
2021-08-19 16:53:08.612,-0.435,-0.08
2021-08-19 16:53:08.616,-0.28,-0.12
2021-08-19 16:53:08.620,-0.175,-0.135
2021-08-19 16:53:08.624,-0.255,-0.095
2021-08-19 16:53:08.628,-0.235,-0.06
2021-08-19 16:53:08.632,-0.02,-0.07
2021-08-19 16:53:08.636,0.305,-0.085
2021-08-19 16:53:08.640,0.105,-0.035
2021-08-19 16:53:08.644,-0.315,0.0
2021-08-19 16:53:08.648,-0.57,0.08
2021-08-19 16:53:08.652,-0.435,0.055
2021-08-19 16:53:08.656,-0.11,0.015
2021-08-19 16:53:08.660,0.055,-0.045
2021-08-19 16:53:08.664,-0.03,-0.085
2021-08-19 16:53:08.668,-0.145,-0.095
2021-08-19 16:53:08.672,-0.165,-0.075
2021-08-19 16:53:08.676,-0.12,-0.055
2021-08-19 16:53:08.680,-0.115,-0.055
2021-08-19 16:53:08.684,-0.155,-0.06
2021-08-19 16:53:08.688,-0.145,-0.085
2021-08-19 16:53:08.692,-0.125,-0.105
2021-08-19 16:53:08.696,-0.05,-0.125
2021-08-19 16:53:08.700,-0.025,-0.115
2021-08-19 16:53:08.704,-0.175,-0.075
2021-08-19 16:53:08.708,-0.245,-0.075
2021-08-19 16:53:08.712,-0.2,-0.08
2021-08-19 16:53:08.716,-0.175,-0.09
2021-08-19 16:53:08.720,-0.3,-0.075
2021-08-19 16:53:08.724,-0.36,-0.105
2021-08-19 16:53:08.728,-0.23,-0.08
2021-08-19 16:53:08.732,-0.155,-0.1
2021-08-19 16:53:08.736,-0.205,-0.09
2021-08-19 16:53:08.740,-0.26,-0.07
2021-08-19 16:53:08.744,-0.26,-0.085
2021-08-19 16:53:08.748,-0.315,-0.075
2021-08-19 16:53:08.752,-0.255,-0.07
2021-08-19 16:53:08.756,-0.205,-0.07
2021-08-19 16:53:08.760,-0.255,-0.07
2021-08-19 16:53:08.764,-0.24,-0.035
2021-08-19 16:53:08.768,-0.285,0.04
2021-08-19 16:53:08.772,-0.38,0.115
2021-08-19 16:53:08.776,-0.245,0.105
2021-08-19 16:53:08.780,0.005,-0.025
2021-08-19 16:53:08.784,0.445,-0.18
2021-08-19 16:53:08.788,1.14,-0.25
2021-08-19 16:53:08.792,1.67,-0.475
2021-08-19 16:53:08.796,1.86,-0.82
2021-08-19 16:53:08.800,1.41,-1.125
2021-08-19 16:53:08.804,0.405,-1.16
2021-08-19 16:53:08.808,-0.56,-0.93
2021-08-19 16:53:08.812,-1.055,-0.83
2021-08-19 16:53:08.816,-0.955,-0.705
2021-08-19 16:53:08.820,-0.735,-0.485
2021-08-19 16:53:08.824,-0.53,-0.425
2021-08-19 16:53:08.828,-0.475,-0.28
2021-08-19 16:53:08.832,-0.64,-0.2
2021-08-19 16:53:08.836,-0.685,-0.15
2021-08-19 16:53:08.840,-0.37,-0.15
2021-08-19 16:53:08.844,-0.24,-0.145
2021-08-19 16:53:08.848,-0.365,-0.075
2021-08-19 16:53:08.852,-0.49,0.02
2021-08-19 16:53:08.856,-0.43,0.03
2021-08-19 16:53:08.860,-0.365,0.025
2021-08-19 16:53:08.864,-0.39,0.035
2021-08-19 16:53:08.868,-0.475,0.03
2021-08-19 16:53:08.872,-0.445,0.035
2021-08-19 16:53:08.876,-0.265,0.015
2021-08-19 16:53:08.880,-0.185,-0.025
2021-08-19 16:53:08.884,-0.215,-0.05
2021-08-19 16:53:08.888,-0.155,-0.055
2021-08-19 16:53:08.892,-0.175,-0.07
2021-08-19 16:53:08.896,-0.285,-0.065
2021-08-19 16:53:08.900,-0.295,-0.05
2021-08-19 16:53:08.904,-0.23,-0.05
2021-08-19 16:53:08.908,-0.24,-0.065
2021-08-19 16:53:08.912,-0.24,-0.065
2021-08-19 16:53:08.916,-0.18,-0.06
2021-08-19 16:53:08.920,-0.17,-0.06
2021-08-19 16:53:08.924,-0.25,-0.07
2021-08-19 16:53:08.928,-0.37,-0.02
2021-08-19 16:53:08.932,-0.4,-0.02
2021-08-19 16:53:08.936,-0.24,-0.065
2021-08-19 16:53:08.940,-0.155,-0.095
2021-08-19 16:53:08.944,-0.165,-0.08
2021-08-19 16:53:08.948,-0.23,-0.07
2021-08-19 16:53:08.952,-0.32,-0.04
2021-08-19 16:53:08.956,-0.44,-0.035
2021-08-19 16:53:08.960,-0.305,-0.05
2021-08-19 16:53:08.964,-0.215,-0.045
2021-08-19 16:53:08.968,-0.24,-0.065
2021-08-19 16:53:08.972,-0.185,-0.075
2021-08-19 16:53:08.976,-0.13,-0.105
2021-08-19 16:53:08.980,-0.065,-0.14
2021-08-19 16:53:08.984,0.1,-0.135
2021-08-19 16:53:08.988,-0.04,-0.105
2021-08-19 16:53:08.992,-0.255,-0.07
2021-08-19 16:53:08.996,-0.29,-0.07
2021-08-19 16:53:09.000,-0.3,-0.045
2021-08-19 16:53:09.004,-0.415,-0.015
2021-08-19 16:53:09.008,-0.39,-0.045
2021-08-19 16:53:09.012,-0.35,-0.07
2021-08-19 16:53:09.016,-0.32,-0.055
2021-08-19 16:53:09.020,-0.335,-0.08
2021-08-19 16:53:09.024,-0.465,-0.045
2021-08-19 16:53:09.028,-0.585,-0.065
2021-08-19 16:53:09.032,-0.405,-0.075
2021-08-19 16:53:09.036,-0.24,-0.08
2021-08-19 16:53:09.040,-0.185,-0.075
2021-08-19 16:53:09.044,-0.11,-0.115
2021-08-19 16:53:09.048,-0.1,-0.105
2021-08-19 16:53:09.052,-0.135,-0.13
2021-08-19 16:53:09.056,-0.035,-0.12
2021-08-19 16:53:09.060,-0.045,-0.06
2021-08-19 16:53:09.064,-0.095,-0.02
2021-08-19 16:53:09.068,0.05,-0.025
2021-08-19 16:53:09.072,0.13,-0.025
2021-08-19 16:53:09.076,0.02,-0.02
2021-08-19 16:53:09.080,-0.185,0.0
2021-08-19 16:53:09.084,-0.255,0.035
2021-08-19 16:53:09.088,-0.19,0.005
2021-08-19 16:53:09.092,0.04,-0.045
2021-08-19 16:53:09.096,0.14,-0.08
2021-08-19 16:53:09.100,-0.005,-0.025
2021-08-19 16:53:09.104,-0.205,-0.035
2021-08-19 16:53:09.108,-0.17,-0.03
2021-08-19 16:53:09.112,-0.08,-0.03
2021-08-19 16:53:09.116,-0.095,-0.04
2021-08-19 16:53:09.120,-0.065,-0.065
2021-08-19 16:53:09.124,-0.04,-0.055
2021-08-19 16:53:09.128,-0.14,-0.035
2021-08-19 16:53:09.132,-0.18,-0.04
2021-08-19 16:53:09.136,-0.095,-0.04
2021-08-19 16:53:09.140,-0.04,-0.04
2021-08-19 16:53:09.144,-0.06,-0.07
2021-08-19 16:53:09.148,-0.075,-0.065
2021-08-19 16:53:09.152,-0.125,-0.035
2021-08-19 16:53:09.156,-0.14,0.0
2021-08-19 16:53:09.160,-0.01,0.025
2021-08-19 16:53:09.164,0.0,0.07
2021-08-19 16:53:09.168,-0.125,0.07
2021-08-19 16:53:09.172,-0.2,0.0
2021-08-19 16:53:09.176,0.23,-0.18
2021-08-19 16:53:09.180,1.055,-0.3
2021-08-19 16:53:09.184,1.625,-0.525
2021-08-19 16:53:09.188,1.93,-0.795
2021-08-19 16:53:09.192,1.59,-1.08
2021-08-19 16:53:09.196,0.7,-1.05
2021-08-19 16:53:09.200,-0.2,-0.795
2021-08-19 16:53:09.204,-0.52,-0.725
2021-08-19 16:53:09.208,-0.56,-0.555
2021-08-19 16:53:09.212,-0.52,-0.35
2021-08-19 16:53:09.216,-0.285,-0.27
2021-08-19 16:53:09.220,-0.09,-0.18
2021-08-19 16:53:09.224,-0.225,-0.12
2021-08-19 16:53:09.228,-0.48,-0.04
2021-08-19 16:53:09.232,-0.485,-0.035
2021-08-19 16:53:09.236,-0.32,-0.045
2021-08-19 16:53:09.240,-0.36,-0.055
2021-08-19 16:53:09.244,-0.425,-0.045
2021-08-19 16:53:09.248,-0.385,-0.055
2021-08-19 16:53:09.252,-0.415,-0.05
2021-08-19 16:53:09.256,-0.455,-0.03
2021-08-19 16:53:09.260,-0.39,-0.06
2021-08-19 16:53:09.264,-0.395,-0.035
2021-08-19 16:53:09.268,-0.405,-0.005
2021-08-19 16:53:09.272,-0.315,0.01
2021-08-19 16:53:09.276,-0.11,0.0
2021-08-19 16:53:09.280,-0.01,-0.01
2021-08-19 16:53:09.284,-0.115,0.01
2021-08-19 16:53:09.288,-0.21,0.025
2021-08-19 16:53:09.292,-0.195,0.03
2021-08-19 16:53:09.296,-0.19,0.03
2021-08-19 16:53:09.300,-0.27,0.04
2021-08-19 16:53:09.304,-0.325,0.05
2021-08-19 16:53:09.308,-0.24,0.005
2021-08-19 16:53:09.312,-0.13,-0.03
2021-08-19 16:53:09.316,-0.145,-0.02
2021-08-19 16:53:09.320,-0.245,-0.005
2021-08-19 16:53:09.324,-0.135,-0.02
2021-08-19 16:53:09.328,-0.105,-0.02
2021-08-19 16:53:09.332,-0.175,-0.01
2021-08-19 16:53:09.336,-0.135,-0.025
2021-08-19 16:53:09.340,0.0,-0.025
2021-08-19 16:53:09.344,-0.015,-0.05
2021-08-19 16:53:09.348,-0.13,-0.06
2021-08-19 16:53:09.352,-0.16,-0.03
2021-08-19 16:53:09.356,-0.035,-0.07
2021-08-19 16:53:09.360,0.04,-0.095
2021-08-19 16:53:09.364,0.025,-0.055
2021-08-19 16:53:09.368,-0.03,-0.07
2021-08-19 16:53:09.372,-0.075,-0.06
2021-08-19 16:53:09.376,-0.135,-0.045
2021-08-19 16:53:09.380,-0.16,-0.03
2021-08-19 16:53:09.384,-0.09,-0.065
2021-08-19 16:53:09.388,0.08,-0.095
2021-08-19 16:53:09.392,0.07,-0.08
2021-08-19 16:53:09.396,0.05,-0.08
2021-08-19 16:53:09.400,0.11,-0.095
2021-08-19 16:53:09.404,0.16,-0.085
2021-08-19 16:53:09.408,0.24,-0.105
2021-08-19 16:53:09.412,0.355,-0.085
2021-08-19 16:53:09.416,0.315,-0.07
2021-08-19 16:53:09.420,0.215,-0.055
2021-08-19 16:53:09.424,0.105,-0.025
2021-08-19 16:53:09.428,0.025,-0.005
2021-08-19 16:53:09.432,0.045,-0.01
2021-08-19 16:53:09.436,0.115,-0.015
2021-08-19 16:53:09.440,0.06,-0.04
2021-08-19 16:53:09.444,-0.105,-0.06
2021-08-19 16:53:09.448,-0.12,-0.025
2021-08-19 16:53:09.452,-0.07,-0.03
2021-08-19 16:53:09.456,-0.13,-0.025
2021-08-19 16:53:09.460,-0.29,0.0
2021-08-19 16:53:09.464,-0.3,0.0
2021-08-19 16:53:09.468,-0.23,-0.035
2021-08-19 16:53:09.472,-0.13,-0.045
2021-08-19 16:53:09.476,-0.06,-0.03
2021-08-19 16:53:09.480,0.025,-0.025
2021-08-19 16:53:09.484,-0.01,0.025
2021-08-19 16:53:09.488,-0.065,0.035
2021-08-19 16:53:09.492,-0.05,0.05
2021-08-19 16:53:09.496,-0.04,0.055
2021-08-19 16:53:09.500,-0.06,0.07
2021-08-19 16:53:09.504,-0.105,0.065
2021-08-19 16:53:09.508,0.045,0.05
2021-08-19 16:53:09.512,0.195,0.045
2021-08-19 16:53:09.516,0.135,-0.01
2021-08-19 16:53:09.520,0.11,-0.03
2021-08-19 16:53:09.524,0.12,-0.02
2021-08-19 16:53:09.528,0.005,0.0
2021-08-19 16:53:09.532,-0.08,0.025
2021-08-19 16:53:09.536,-0.015,0.015
2021-08-19 16:53:09.540,0.01,0.005
2021-08-19 16:53:09.544,-0.03,-0.015
2021-08-19 16:53:09.548,-0.03,-0.01
2021-08-19 16:53:09.552,0.045,-0.005
2021-08-19 16:53:09.556,0.11,-0.045
2021-08-19 16:53:09.560,0.055,-0.04
2021-08-19 16:53:09.564,-0.015,-0.015
2021-08-19 16:53:09.568,-0.065,0.01
2021-08-19 16:53:09.572,0.015,-0.03
2021-08-19 16:53:09.576,0.065,-0.03
2021-08-19 16:53:09.580,-0.04,-0.01
2021-08-19 16:53:09.584,-0.02,0.0
2021-08-19 16:53:09.588,-0.075,0.005
2021-08-19 16:53:09.592,-0.13,-0.01
2021-08-19 16:53:09.596,-0.14,-0.01
2021-08-19 16:53:09.600,-0.1,0.0
2021-08-19 16:53:09.604,-0.14,0.005
2021-08-19 16:53:09.608,-0.15,0.015
2021-08-19 16:53:09.612,-0.135,0.03
2021-08-19 16:53:09.616,-0.17,0.015
2021-08-19 16:53:09.620,-0.175,0.0
2021-08-19 16:53:09.624,-0.115,-0.03
2021-08-19 16:53:09.628,-0.17,-0.01
2021-08-19 16:53:09.632,-0.235,0.005
2021-08-19 16:53:09.636,-0.195,0.015
2021-08-19 16:53:09.640,-0.195,0.0
2021-08-19 16:53:09.644,-0.23,0.03
2021-08-19 16:53:09.648,-0.355,0.045
2021-08-19 16:53:09.652,-0.44,0.045
2021-08-19 16:53:09.656,-0.435,0.015
2021-08-19 16:53:09.660,-0.31,-0.02
2021-08-19 16:53:09.664,-0.225,-0.025
2021-08-19 16:53:09.668,-0.245,-0.015
2021-08-19 16:53:09.672,-0.275,0.015
2021-08-19 16:53:09.676,-0.295,-0.005
2021-08-19 16:53:09.680,-0.295,0.0
2021-08-19 16:53:09.684,-0.36,0.01
2021-08-19 16:53:09.688,-0.43,0.005
2021-08-19 16:53:09.692,-0.37,0.035
2021-08-19 16:53:09.696,-0.265,0.055
2021-08-19 16:53:09.700,-0.205,0.065
2021-08-19 16:53:09.704,-0.27,0.1
2021-08-19 16:53:09.708,-0.3,0.12
2021-08-19 16:53:09.712,-0.31,0.105
2021-08-19 16:53:09.716,-0.29,0.075
2021-08-19 16:53:09.720,-0.17,0.075
2021-08-19 16:53:09.724,-0.06,0.03
2021-08-19 16:53:09.728,-0.04,0.025
2021-08-19 16:53:09.732,-0.135,0.02
2021-08-19 16:53:09.736,-0.23,0.03
2021-08-19 16:53:09.740,-0.205,0.025
2021-08-19 16:53:09.744,-0.04,0.0
2021-08-19 16:53:09.748,0.045,0.005
2021-08-19 16:53:09.752,-0.095,0.01
2021-08-19 16:53:09.756,-0.14,-0.01
2021-08-19 16:53:09.760,-0.23,0.0
2021-08-19 16:53:09.764,-0.235,0.015
2021-08-19 16:53:09.768,-0.225,0.02
2021-08-19 16:53:09.772,-0.12,-0.005
2021-08-19 16:53:09.776,0.02,-0.01
2021-08-19 16:53:09.780,0.075,0.005
2021-08-19 16:53:09.784,0.0,0.0
2021-08-19 16:53:09.788,-0.175,0.005
2021-08-19 16:53:09.792,-0.23,0.02
2021-08-19 16:53:09.796,-0.225,0.03
2021-08-19 16:53:09.800,-0.285,0.02
2021-08-19 16:53:09.804,-0.24,0.025
2021-08-19 16:53:09.808,-0.235,0.025
2021-08-19 16:53:09.812,-0.165,0.005
2021-08-19 16:53:09.816,-0.12,0.005
2021-08-19 16:53:09.820,-0.225,0.03
2021-08-19 16:53:09.824,-0.305,0.04
2021-08-19 16:53:09.828,-0.265,0.045
2021-08-19 16:53:09.832,-0.185,0.005
2021-08-19 16:53:09.836,-0.045,0.0
2021-08-19 16:53:09.840,-0.09,0.01
2021-08-19 16:53:09.844,-0.205,0.035
2021-08-19 16:53:09.848,-0.195,0.06
2021-08-19 16:53:09.852,-0.195,0.05
2021-08-19 16:53:09.856,-0.255,0.025
2021-08-19 16:53:09.860,-0.22,0.035
2021-08-19 16:53:09.864,-0.17,0.04
2021-08-19 16:53:09.868,-0.23,0.045
2021-08-19 16:53:09.872,-0.325,0.015
2021-08-19 16:53:09.876,-0.34,0.03
2021-08-19 16:53:09.880,-0.32,0.02
2021-08-19 16:53:09.884,-0.315,0.04
2021-08-19 16:53:09.888,-0.29,0.03
2021-08-19 16:53:09.892,-0.355,0.025
2021-08-19 16:53:09.896,-0.455,0.0
2021-08-19 16:53:09.900,-0.365,0.0
2021-08-19 16:53:09.904,-0.23,0.0
2021-08-19 16:53:09.908,-0.18,0.015
2021-08-19 16:53:09.912,-0.2,0.055
2021-08-19 16:53:09.916,-0.265,0.095
2021-08-19 16:53:09.920,-0.26,0.1
2021-08-19 16:53:09.924,-0.185,0.09
2021-08-19 16:53:09.928,-0.21,0.09
2021-08-19 16:53:09.932,-0.24,0.105
2021-08-19 16:53:09.936,-0.16,0.08
2021-08-19 16:53:09.940,-0.09,0.03
2021-08-19 16:53:09.944,-0.055,0.025
2021-08-19 16:53:09.948,-0.125,0.03
2021-08-19 16:53:09.952,-0.135,0.03
2021-08-19 16:53:09.956,-0.12,0.02
2021-08-19 16:53:09.960,-0.05,0.015
2021-08-19 16:53:09.964,-0.005,0.005
2021-08-19 16:53:09.968,-0.105,0.005
2021-08-19 16:53:09.972,-0.09,0.055
2021-08-19 16:53:09.976,-0.085,0.11
2021-08-19 16:53:09.980,-0.14,0.17
2021-08-19 16:53:09.984,-0.235,0.195
2021-08-19 16:53:09.988,-0.035,0.08
2021-08-19 16:53:09.992,0.39,-0.03
2021-08-19 16:53:09.996,1.055,-0.105
2021-08-19 16:53:10.000,1.715,-0.32
2021-08-19 16:53:10.008,1.685,-1.0
2021-08-19 16:53:10.012,0.805,-1.045
2021-08-19 16:53:10.016,-0.09,-0.865
2021-08-19 16:53:10.020,-0.7,-0.75
2021-08-19 16:53:10.024,-0.785,-0.64
2021-08-19 16:53:10.028,-0.655,-0.38
2021-08-19 16:53:10.032,-0.48,-0.3
2021-08-19 16:53:10.036,-0.275,-0.21
2021-08-19 16:53:10.040,-0.165,-0.14
2021-08-19 16:53:10.044,-0.27,-0.075
2021-08-19 16:53:10.048,-0.32,-0.005
2021-08-19 16:53:10.052,-0.26,0.005
2021-08-19 16:53:10.056,-0.1,0.015
2021-08-19 16:53:10.060,-0.205,0.035
2021-08-19 16:53:10.064,-0.415,0.04
2021-08-19 16:53:10.068,-0.44,0.065
2021-08-19 16:53:10.072,-0.375,0.055
2021-08-19 16:53:10.076,-0.405,0.025
2021-08-19 16:53:10.080,-0.36,0.04
2021-08-19 16:53:10.084,-0.355,0.07
2021-08-19 16:53:10.088,-0.45,0.09
2021-08-19 16:53:10.092,-0.465,0.075
2021-08-19 16:53:10.096,-0.41,0.055
2021-08-19 16:53:10.100,-0.36,0.04
2021-08-19 16:53:10.104,-0.33,0.025
2021-08-19 16:53:10.108,-0.32,0.035
2021-08-19 16:53:10.112,-0.28,0.06
2021-08-19 16:53:10.116,-0.14,0.085
2021-08-19 16:53:10.120,-0.06,0.11
2021-08-19 16:53:10.124,-0.11,0.105
2021-08-19 16:53:10.128,-0.135,0.115
2021-08-19 16:53:10.132,-0.15,0.13
2021-08-19 16:53:10.136,-0.175,0.13
2021-08-19 16:53:10.140,-0.18,0.13
2021-08-19 16:53:10.144,-0.095,0.15
2021-08-19 16:53:10.148,-0.1,0.105
2021-08-19 16:53:10.152,-0.085,0.08
2021-08-19 16:53:10.156,-0.075,0.07
2021-08-19 16:53:10.160,-0.095,0.055
2021-08-19 16:53:10.164,-0.13,0.05
2021-08-19 16:53:10.168,-0.12,0.06
2021-08-19 16:53:10.172,-0.1,0.03
2021-08-19 16:53:10.176,-0.115,0.035
2021-08-19 16:53:10.180,-0.085,0.05
2021-08-19 16:53:10.184,-0.005,0.03
2021-08-19 16:53:10.188,0.005,0.005
2021-08-19 16:53:10.192,0.03,0.01
2021-08-19 16:53:10.196,-0.07,0.02
2021-08-19 16:53:10.200,-0.175,0.025
2021-08-19 16:53:10.204,-0.115,0.035
2021-08-19 16:53:10.208,0.005,0.015
2021-08-19 16:53:10.212,0.025,0.0
2021-08-19 16:53:10.216,-0.045,0.04
2021-08-19 16:53:10.220,-0.16,0.02
2021-08-19 16:53:10.224,-0.14,0.0
2021-08-19 16:53:10.228,-0.135,0.0
2021-08-19 16:53:10.232,-0.19,0.02
2021-08-19 16:53:10.236,-0.215,0.025
2021-08-19 16:53:10.240,-0.155,0.02
2021-08-19 16:53:10.244,-0.065,0.005
2021-08-19 16:53:10.248,-0.115,-0.005
2021-08-19 16:53:10.252,-0.11,-0.005
2021-08-19 16:53:10.256,-0.07,-0.01
2021-08-19 16:53:10.260,-0.02,-0.015
2021-08-19 16:53:10.264,0.015,0.0
2021-08-19 16:53:10.268,0.04,-0.015
2021-08-19 16:53:10.272,-0.035,-0.005
2021-08-19 16:53:10.276,-0.055,0.0
2021-08-19 16:53:10.280,-0.025,0.0
2021-08-19 16:53:10.284,-0.005,-0.02
2021-08-19 16:53:10.288,0.0,-0.02
2021-08-19 16:53:10.292,0.095,-0.005
2021-08-19 16:53:10.296,0.08,-0.005
2021-08-19 16:53:10.300,0.015,-0.005
2021-08-19 16:53:10.304,0.02,0.0
2021-08-19 16:53:10.308,0.055,-0.025
2021-08-19 16:53:10.312,0.195,-0.01
2021-08-19 16:53:10.316,0.125,-0.01
2021-08-19 16:53:10.320,0.0,0.01
2021-08-19 16:53:10.324,-0.035,0.065
2021-08-19 16:53:10.328,0.055,0.085
2021-08-19 16:53:10.332,0.085,0.085
2021-08-19 16:53:10.336,0.05,0.13
2021-08-19 16:53:10.340,0.04,0.135
2021-08-19 16:53:10.344,0.105,0.115
2021-08-19 16:53:10.348,0.14,0.115
2021-08-19 16:53:10.352,0.065,0.13
2021-08-19 16:53:10.356,0.05,0.125
2021-08-19 16:53:10.360,0.075,0.09
2021-08-19 16:53:10.364,0.105,0.08
2021-08-19 16:53:10.368,0.12,0.08
2021-08-19 16:53:10.372,0.155,0.08
2021-08-19 16:53:10.376,0.215,0.045
2021-08-19 16:53:10.380,0.22,0.05
2021-08-19 16:53:10.384,0.2,0.06
2021-08-19 16:53:10.388,0.175,0.06
2021-08-19 16:53:10.392,0.18,0.065
2021-08-19 16:53:10.396,0.185,0.05
2021-08-19 16:53:10.400,0.16,0.055
2021-08-19 16:53:10.404,0.12,0.035
2021-08-19 16:53:10.408,0.125,0.055
2021-08-19 16:53:10.412,0.165,0.065
2021-08-19 16:53:10.416,0.17,0.055
2021-08-19 16:53:10.420,0.265,0.025
2021-08-19 16:53:10.424,0.385,0.02
2021-08-19 16:53:10.428,0.305,0.02
2021-08-19 16:53:10.432,0.15,0.045
2021-08-19 16:53:10.436,0.085,0.06
2021-08-19 16:53:10.440,0.02,0.09
2021-08-19 16:53:10.444,0.02,0.08
2021-08-19 16:53:10.448,0.065,0.105
2021-08-19 16:53:10.452,0.035,0.165
2021-08-19 16:53:10.456,-0.09,0.245
2021-08-19 16:53:10.460,-0.11,0.22
2021-08-19 16:53:10.464,0.02,0.045
2021-08-19 16:53:10.468,0.425,-0.1
2021-08-19 16:53:10.472,0.97,-0.245
2021-08-19 16:53:10.476,1.535,-0.56
2021-08-19 16:53:10.480,1.58,-0.91
2021-08-19 16:53:10.484,0.77,-1.035
2021-08-19 16:53:10.488,-0.115,-0.805
2021-08-19 16:53:10.492,-0.915,-0.5
2021-08-19 16:53:10.496,-0.96,-0.405
2021-08-19 16:53:10.500,-0.625,-0.27
2021-08-19 16:53:10.504,-0.405,-0.16
2021-08-19 16:53:10.508,-0.33,-0.095
2021-08-19 16:53:10.512,-0.305,-0.02
2021-08-19 16:53:10.516,-0.25,0.035
2021-08-19 16:53:10.520,-0.185,0.06
2021-08-19 16:53:10.524,-0.145,0.075
2021-08-19 16:53:10.528,-0.155,0.105
2021-08-19 16:53:10.532,-0.125,0.15
2021-08-19 16:53:10.536,-0.04,0.165
2021-08-19 16:53:10.540,-0.05,0.185
2021-08-19 16:53:10.544,-0.07,0.21
2021-08-19 16:53:10.548,-0.045,0.195
2021-08-19 16:53:10.552,-0.055,0.18
2021-08-19 16:53:10.556,-0.075,0.19
2021-08-19 16:53:10.560,-0.06,0.175
2021-08-19 16:53:10.564,0.105,0.16
2021-08-19 16:53:10.568,0.235,0.115
2021-08-19 16:53:10.572,0.185,0.125
2021-08-19 16:53:10.576,0.045,0.135
2021-08-19 16:53:10.580,-0.005,0.13
2021-08-19 16:53:10.584,0.01,0.135
2021-08-19 16:53:10.588,0.0,0.12
2021-08-19 16:53:10.592,-0.015,0.13
2021-08-19 16:53:10.596,-0.035,0.15
2021-08-19 16:53:10.600,-0.04,0.15
2021-08-19 16:53:10.604,-0.03,0.14
2021-08-19 16:53:10.608,0.01,0.125
2021-08-19 16:53:10.612,0.045,0.12
2021-08-19 16:53:10.616,0.07,0.12
2021-08-19 16:53:10.620,0.14,0.105
2021-08-19 16:53:10.624,0.15,0.1
2021-08-19 16:53:10.628,0.165,0.105
2021-08-19 16:53:10.632,0.16,0.105
2021-08-19 16:53:10.636,0.07,0.115
2021-08-19 16:53:10.640,0.005,0.155
2021-08-19 16:53:10.644,0.02,0.145
2021-08-19 16:53:10.648,0.09,0.125
2021-08-19 16:53:10.652,0.11,0.135
2021-08-19 16:53:10.656,0.155,0.125
2021-08-19 16:53:10.660,0.155,0.115
2021-08-19 16:53:10.664,0.16,0.11
2021-08-19 16:53:10.668,0.14,0.105
2021-08-19 16:53:10.672,0.16,0.11
2021-08-19 16:53:10.676,0.17,0.1
2021-08-19 16:53:10.680,0.235,0.105
2021-08-19 16:53:10.684,0.255,0.105
2021-08-19 16:53:10.688,0.25,0.1
2021-08-19 16:53:10.692,0.3,0.1
2021-08-19 16:53:10.696,0.305,0.1
2021-08-19 16:53:10.700,0.185,0.095
2021-08-19 16:53:10.704,0.16,0.06
2021-08-19 16:53:10.708,0.13,0.06
2021-08-19 16:53:10.712,0.115,0.095
2021-08-19 16:53:10.716,0.04,0.145
2021-08-19 16:53:10.720,0.015,0.125
2021-08-19 16:53:10.724,0.055,0.1
2021-08-19 16:53:10.728,0.09,0.095
2021-08-19 16:53:10.732,0.105,0.06
2021-08-19 16:53:10.736,0.09,0.07
2021-08-19 16:53:10.740,0.08,0.095
2021-08-19 16:53:10.744,0.12,0.135
2021-08-19 16:53:10.748,0.12,0.155
2021-08-19 16:53:10.752,0.15,0.175
2021-08-19 16:53:10.756,0.13,0.17
2021-08-19 16:53:10.760,0.13,0.165
2021-08-19 16:53:10.764,0.09,0.185
2021-08-19 16:53:10.768,0.055,0.17
2021-08-19 16:53:10.772,0.015,0.16
2021-08-19 16:53:10.776,0.13,0.16
2021-08-19 16:53:10.780,0.245,0.135
2021-08-19 16:53:10.784,0.195,0.115
2021-08-19 16:53:10.788,0.1,0.12
2021-08-19 16:53:10.792,0.065,0.145
2021-08-19 16:53:10.796,0.08,0.135
2021-08-19 16:53:10.800,0.155,0.115
2021-08-19 16:53:10.804,0.16,0.12
2021-08-19 16:53:10.808,0.16,0.105
2021-08-19 16:53:10.812,0.19,0.095
2021-08-19 16:53:10.816,0.24,0.1
2021-08-19 16:53:10.820,0.205,0.115
2021-08-19 16:53:10.824,0.06,0.115
2021-08-19 16:53:10.828,0.01,0.14
2021-08-19 16:53:10.832,0.035,0.12
2021-08-19 16:53:10.836,0.115,0.09
2021-08-19 16:53:10.840,0.21,0.09
2021-08-19 16:53:10.844,0.21,0.105
2021-08-19 16:53:10.848,0.135,0.11
2021-08-19 16:53:10.852,0.09,0.105
2021-08-19 16:53:10.856,0.135,0.095
2021-08-19 16:53:10.860,0.135,0.1
2021-08-19 16:53:10.864,0.085,0.12
2021-08-19 16:53:10.868,0.06,0.105
2021-08-19 16:53:10.872,0.14,0.095
2021-08-19 16:53:10.876,0.17,0.09
2021-08-19 16:53:10.880,0.055,0.125
2021-08-19 16:53:10.884,-0.09,0.14
2021-08-19 16:53:10.888,-0.06,0.145
2021-08-19 16:53:10.892,-0.01,0.14
2021-08-19 16:53:10.896,0.045,0.155
2021-08-19 16:53:10.900,0.065,0.15
2021-08-19 16:53:10.904,0.025,0.12
2021-08-19 16:53:10.908,-0.015,0.145
2021-08-19 16:53:10.912,-0.08,0.14
2021-08-19 16:53:10.916,-0.09,0.13
2021-08-19 16:53:10.920,-0.12,0.105
2021-08-19 16:53:10.924,-0.125,0.12
2021-08-19 16:53:10.928,-0.11,0.125
2021-08-19 16:53:10.932,-0.075,0.13
2021-08-19 16:53:10.936,-0.02,0.14
2021-08-19 16:53:10.940,0.0,0.14
2021-08-19 16:53:10.944,-0.08,0.13
2021-08-19 16:53:10.948,-0.06,0.125
2021-08-19 16:53:10.952,0.01,0.14
2021-08-19 16:53:10.956,0.015,0.155
2021-08-19 16:53:10.960,0.09,0.165
2021-08-19 16:53:10.964,0.02,0.21
2021-08-19 16:53:10.968,-0.08,0.225
2021-08-19 16:53:10.972,-0.115,0.225
2021-08-19 16:53:10.976,-0.075,0.215
2021-08-19 16:53:10.980,-0.075,0.225
2021-08-19 16:53:10.984,-0.02,0.21
2021-08-19 16:53:10.988,0.06,0.155
2021-08-19 16:53:10.992,0.19,0.115
2021-08-19 16:53:10.996,0.18,0.13
2021-08-19 16:53:11.000,0.08,0.13
2021-08-19 16:53:11.004,-0.01,0.145
2021-08-19 16:53:11.008,0.08,0.12
2021-08-19 16:53:11.012,0.165,0.135
2021-08-19 16:53:11.016,0.075,0.115
2021-08-19 16:53:11.020,0.02,0.135
2021-08-19 16:53:11.024,0.02,0.145
2021-08-19 16:53:11.028,0.02,0.13
2021-08-19 16:53:11.032,0.065,0.115
2021-08-19 16:53:11.036,0.14,0.115
2021-08-19 16:53:11.040,0.145,0.09
2021-08-19 16:53:11.044,0.12,0.11
2021-08-19 16:53:11.048,0.055,0.125
2021-08-19 16:53:11.052,0.0,0.115
2021-08-19 16:53:11.056,-0.03,0.115
2021-08-19 16:53:11.060,0.04,0.115
2021-08-19 16:53:11.064,0.065,0.105
2021-08-19 16:53:11.068,0.02,0.115
2021-08-19 16:53:11.072,-0.01,0.13
2021-08-19 16:53:11.076,0.02,0.12
2021-08-19 16:53:11.080,0.105,0.075
2021-08-19 16:53:11.084,0.175,0.1
2021-08-19 16:53:11.088,0.15,0.08
2021-08-19 16:53:11.092,0.02,0.13
2021-08-19 16:53:11.096,-0.03,0.155
2021-08-19 16:53:11.100,-0.045,0.145
2021-08-19 16:53:11.104,0.01,0.12
2021-08-19 16:53:11.108,0.04,0.17
2021-08-19 16:53:11.112,-0.09,0.145
2021-08-19 16:53:11.116,-0.2,0.17
2021-08-19 16:53:11.120,-0.195,0.17
2021-08-19 16:53:11.124,-0.19,0.18
2021-08-19 16:53:11.128,-0.175,0.165
2021-08-19 16:53:11.132,-0.14,0.14
2021-08-19 16:53:11.136,-0.105,0.16
2021-08-19 16:53:11.140,-0.18,0.155
2021-08-19 16:53:11.144,-0.155,0.165
2021-08-19 16:53:11.148,-0.165,0.14
2021-08-19 16:53:11.152,-0.14,0.13
2021-08-19 16:53:11.156,-0.09,0.115
2021-08-19 16:53:11.160,-0.06,0.075
2021-08-19 16:53:11.164,0.015,0.1
2021-08-19 16:53:11.168,0.02,0.14
2021-08-19 16:53:11.172,0.005,0.175
2021-08-19 16:53:11.176,-0.005,0.205
2021-08-19 16:53:11.180,-0.03,0.235
2021-08-19 16:53:11.184,-0.03,0.245
2021-08-19 16:53:11.188,-0.025,0.325
2021-08-19 16:53:11.192,-0.065,0.405
2021-08-19 16:53:11.196,-0.015,0.35
2021-08-19 16:53:11.200,0.295,0.115
2021-08-19 16:53:11.204,0.87,-0.035
2021-08-19 16:53:11.208,1.495,-0.14
2021-08-19 16:53:11.212,1.98,-0.455
2021-08-19 16:53:11.220,1.5,-1.045
2021-08-19 16:53:11.224,0.685,-0.925
2021-08-19 16:53:11.228,-0.155,-0.635
2021-08-19 16:53:11.232,-0.545,-0.59
2021-08-19 16:53:11.236,-0.545,-0.415
2021-08-19 16:53:11.240,-0.275,-0.225
2021-08-19 16:53:11.244,-0.045,-0.18
2021-08-19 16:53:11.248,0.105,-0.11
2021-08-19 16:53:11.252,0.165,-0.015
2021-08-19 16:53:11.256,-0.045,0.055
2021-08-19 16:53:11.260,-0.235,0.125
2021-08-19 16:53:11.264,-0.2,0.155
2021-08-19 16:53:11.268,-0.11,0.165
2021-08-19 16:53:11.272,-0.125,0.15
2021-08-19 16:53:11.276,-0.085,0.145
2021-08-19 16:53:11.280,-0.025,0.145
2021-08-19 16:53:11.284,-0.03,0.15
2021-08-19 16:53:11.288,-0.07,0.16
2021-08-19 16:53:11.292,-0.015,0.17
2021-08-19 16:53:11.296,0.0,0.155
2021-08-19 16:53:11.300,-0.035,0.16
2021-08-19 16:53:11.304,-0.065,0.15
2021-08-19 16:53:11.308,-0.1,0.165
2021-08-19 16:53:11.312,-0.06,0.16
2021-08-19 16:53:11.316,-0.01,0.175
2021-08-19 16:53:11.320,-0.07,0.18
2021-08-19 16:53:11.324,-0.16,0.2
2021-08-19 16:53:11.328,-0.18,0.185
2021-08-19 16:53:11.332,-0.21,0.175
2021-08-19 16:53:11.336,-0.25,0.18
2021-08-19 16:53:11.340,-0.26,0.17
2021-08-19 16:53:11.344,-0.21,0.185
2021-08-19 16:53:11.348,-0.2,0.17
2021-08-19 16:53:11.352,-0.165,0.185
2021-08-19 16:53:11.356,-0.155,0.17
2021-08-19 16:53:11.360,-0.195,0.165
2021-08-19 16:53:11.364,-0.17,0.145
2021-08-19 16:53:11.368,-0.11,0.16
2021-08-19 16:53:11.372,-0.09,0.195
2021-08-19 16:53:11.376,-0.005,0.2
2021-08-19 16:53:11.380,0.07,0.2
2021-08-19 16:53:11.384,0.07,0.21
2021-08-19 16:53:11.388,0.08,0.215
2021-08-19 16:53:11.392,-0.005,0.2
2021-08-19 16:53:11.396,-0.05,0.205
2021-08-19 16:53:11.400,0.045,0.21
2021-08-19 16:53:11.404,0.125,0.18
2021-08-19 16:53:11.408,0.15,0.155
2021-08-19 16:53:11.412,0.15,0.135
2021-08-19 16:53:11.416,0.13,0.115
2021-08-19 16:53:11.420,0.145,0.13
2021-08-19 16:53:11.424,0.22,0.1
2021-08-19 16:53:11.428,0.265,0.1
2021-08-19 16:53:11.432,0.13,0.125
2021-08-19 16:53:11.436,0.025,0.115
2021-08-19 16:53:11.440,0.125,0.1
2021-08-19 16:53:11.444,0.15,0.075
2021-08-19 16:53:11.448,0.18,0.095
2021-08-19 16:53:11.452,0.2,0.085
2021-08-19 16:53:11.456,0.125,0.11
2021-08-19 16:53:11.460,0.075,0.105
2021-08-19 16:53:11.464,0.13,0.08
2021-08-19 16:53:11.468,0.245,0.055
2021-08-19 16:53:11.472,0.325,0.03
2021-08-19 16:53:11.476,0.37,0.03
2021-08-19 16:53:11.480,0.315,0.035
2021-08-19 16:53:11.484,0.265,0.045
2021-08-19 16:53:11.488,0.22,0.06
2021-08-19 16:53:11.492,0.24,0.07
2021-08-19 16:53:11.496,0.22,0.09
2021-08-19 16:53:11.500,0.22,0.1
2021-08-19 16:53:11.504,0.18,0.09
2021-08-19 16:53:11.508,0.19,0.11
2021-08-19 16:53:11.512,0.23,0.115
2021-08-19 16:53:11.516,0.205,0.125
2021-08-19 16:53:11.520,0.11,0.12
2021-08-19 16:53:11.524,0.085,0.135
2021-08-19 16:53:11.528,0.055,0.14
2021-08-19 16:53:11.532,0.07,0.115
2021-08-19 16:53:11.536,0.04,0.1
2021-08-19 16:53:11.540,0.005,0.1
2021-08-19 16:53:11.544,0.01,0.14
2021-08-19 16:53:11.548,-0.04,0.155
2021-08-19 16:53:11.552,-0.04,0.145
2021-08-19 16:53:11.556,0.005,0.125
2021-08-19 16:53:11.560,0.08,0.1
2021-08-19 16:53:11.564,0.15,0.11
2021-08-19 16:53:11.568,0.115,0.09
2021-08-19 16:53:11.572,0.095,0.11
2021-08-19 16:53:11.576,0.06,0.185
2021-08-19 16:53:11.580,-0.005,0.21
2021-08-19 16:53:11.584,0.09,0.22
2021-08-19 16:53:11.588,0.21,0.225
2021-08-19 16:53:11.592,0.17,0.19
2021-08-19 16:53:11.596,0.075,0.195
2021-08-19 16:53:11.600,0.035,0.2
2021-08-19 16:53:11.604,0.055,0.2
2021-08-19 16:53:11.608,0.165,0.175
2021-08-19 16:53:11.612,0.265,0.15
2021-08-19 16:53:11.616,0.28,0.1
2021-08-19 16:53:11.620,0.215,0.08
2021-08-19 16:53:11.624,0.18,0.11
2021-08-19 16:53:11.628,0.22,0.085
2021-08-19 16:53:11.632,0.295,0.06
2021-08-19 16:53:11.636,0.355,0.07
2021-08-19 16:53:11.640,0.29,0.065
2021-08-19 16:53:11.644,0.2,0.055
2021-08-19 16:53:11.648,0.18,0.075
2021-08-19 16:53:11.652,0.185,0.06
2021-08-19 16:53:11.656,0.175,0.075
2021-08-19 16:53:11.660,0.08,0.055
2021-08-19 16:53:11.664,0.045,0.05
2021-08-19 16:53:11.668,0.075,0.06
2021-08-19 16:53:11.672,0.1,0.06
2021-08-19 16:53:11.676,0.05,0.085
2021-08-19 16:53:11.680,0.04,0.135
2021-08-19 16:53:11.684,0.0,0.22
2021-08-19 16:53:11.688,-0.065,0.285
2021-08-19 16:53:11.692,-0.12,0.22
2021-08-19 16:53:11.696,0.0,-0.02
2021-08-19 16:53:11.700,0.37,-0.185
2021-08-19 16:53:11.704,0.905,-0.38
2021-08-19 16:53:11.708,1.435,-0.705
2021-08-19 16:53:11.712,1.4,-1.065
2021-08-19 16:53:11.716,0.54,-1.15
2021-08-19 16:53:11.720,-0.16,-0.805
2021-08-19 16:53:11.724,-0.75,-0.365
2021-08-19 16:53:11.728,-0.815,-0.27
2021-08-19 16:53:11.732,-0.605,-0.215
2021-08-19 16:53:11.736,-0.425,-0.16
2021-08-19 16:53:11.740,-0.3,-0.145
2021-08-19 16:53:11.744,-0.18,-0.05
2021-08-19 16:53:11.748,-0.135,0.0
2021-08-19 16:53:11.752,-0.15,0.055
2021-08-19 16:53:11.756,-0.17,0.04
2021-08-19 16:53:11.760,-0.19,0.045
2021-08-19 16:53:11.764,-0.22,0.015
2021-08-19 16:53:11.768,-0.25,0.02
2021-08-19 16:53:11.772,-0.22,0.035
2021-08-19 16:53:11.776,-0.125,0.05
2021-08-19 16:53:11.780,-0.07,0.05
2021-08-19 16:53:11.784,-0.12,0.08
2021-08-19 16:53:11.788,-0.19,0.1
2021-08-19 16:53:11.792,-0.18,0.105
2021-08-19 16:53:11.796,-0.145,0.12
2021-08-19 16:53:11.800,-0.195,0.105
2021-08-19 16:53:11.804,-0.21,0.11
2021-08-19 16:53:11.808,-0.145,0.135
2021-08-19 16:53:11.812,-0.17,0.1
2021-08-19 16:53:11.816,-0.17,0.075
2021-08-19 16:53:11.820,-0.045,0.06
2021-08-19 16:53:11.824,0.05,0.05
2021-08-19 16:53:11.828,-0.01,0.015
2021-08-19 16:53:11.832,-0.145,0.045
2021-08-19 16:53:11.836,-0.225,0.045
2021-08-19 16:53:11.840,-0.16,0.04
2021-08-19 16:53:11.844,-0.07,0.03
2021-08-19 16:53:11.848,-0.075,0.03
2021-08-19 16:53:11.852,-0.075,0.035
2021-08-19 16:53:11.856,-0.06,0.025
2021-08-19 16:53:11.860,-0.01,0.0
2021-08-19 16:53:11.864,-0.01,0.03
2021-08-19 16:53:11.868,-0.025,0.02
2021-08-19 16:53:11.872,0.0,0.0
2021-08-19 16:53:11.876,-0.005,0.0
2021-08-19 16:53:11.880,-0.025,0.015
2021-08-19 16:53:11.884,0.015,0.0
2021-08-19 16:53:11.888,0.085,-0.005
2021-08-19 16:53:11.892,0.105,-0.01
2021-08-19 16:53:11.896,0.08,0.01
2021-08-19 16:53:11.900,0.02,0.015
2021-08-19 16:53:11.904,0.015,0.03
2021-08-19 16:53:11.908,0.03,0.035
2021-08-19 16:53:11.912,0.025,0.035
2021-08-19 16:53:11.916,0.055,0.04
2021-08-19 16:53:11.920,0.115,0.045
2021-08-19 16:53:11.924,0.15,0.0
2021-08-19 16:53:11.928,0.13,0.015
2021-08-19 16:53:11.932,0.095,0.02
2021-08-19 16:53:11.936,0.085,0.015
2021-08-19 16:53:11.940,0.215,0.005
2021-08-19 16:53:11.944,0.29,0.0
2021-08-19 16:53:11.948,0.2,0.03
2021-08-19 16:53:11.952,0.1,0.02
2021-08-19 16:53:11.956,0.09,0.025
2021-08-19 16:53:11.960,0.01,0.045
2021-08-19 16:53:11.964,-0.04,0.02
2021-08-19 16:53:11.968,-0.07,0.03
2021-08-19 16:53:11.972,-0.03,0.005
2021-08-19 16:53:11.976,-0.025,0.045
2021-08-19 16:53:11.980,-0.005,0.06
2021-08-19 16:53:11.984,-0.03,0.085
2021-08-19 16:53:11.988,-0.03,0.08
2021-08-19 16:53:11.992,-0.025,0.12
2021-08-19 16:53:11.996,-0.09,0.105
2021-08-19 16:53:12.000,-0.16,0.12
2021-08-19 16:53:12.004,-0.13,0.14
2021-08-19 16:53:12.008,-0.12,0.12
2021-08-19 16:53:12.012,-0.075,0.12
2021-08-19 16:53:12.016,0.02,0.1
2021-08-19 16:53:12.020,0.04,0.075
2021-08-19 16:53:12.024,0.05,0.06
2021-08-19 16:53:12.028,0.05,0.06
2021-08-19 16:53:12.032,0.04,0.085
2021-08-19 16:53:12.036,0.035,0.13
2021-08-19 16:53:12.040,0.06,0.205
2021-08-19 16:53:12.044,0.21,0.115
2021-08-19 16:53:12.048,0.565,-0.065
2021-08-19 16:53:12.052,1.19,-0.165
2021-08-19 16:53:12.056,1.75,-0.28
2021-08-19 16:53:12.068,1.935,-0.905
2021-08-19 16:53:12.072,1.05,-0.825
2021-08-19 16:53:12.076,0.39,-0.63
2021-08-19 16:53:12.080,0.06,-0.58
2021-08-19 16:53:12.084,-0.05,-0.355
2021-08-19 16:53:12.088,0.035,-0.205
2021-08-19 16:53:12.092,-0.02,-0.135
2021-08-19 16:53:12.096,-0.07,-0.07
2021-08-19 16:53:12.100,-0.095,-0.01
2021-08-19 16:53:12.104,-0.105,0.015
2021-08-19 16:53:12.108,-0.085,0.06
2021-08-19 16:53:12.112,-0.155,0.08
2021-08-19 16:53:12.116,-0.15,0.08
2021-08-19 16:53:12.120,-0.2,0.1
2021-08-19 16:53:12.124,-0.2,0.1
2021-08-19 16:53:12.128,-0.21,0.1
2021-08-19 16:53:12.132,-0.26,0.1
2021-08-19 16:53:12.136,-0.275,0.115
2021-08-19 16:53:12.140,-0.25,0.115
2021-08-19 16:53:12.144,-0.19,0.11
2021-08-19 16:53:12.148,-0.195,0.125
2021-08-19 16:53:12.152,-0.195,0.105
2021-08-19 16:53:12.156,-0.265,0.12
2021-08-19 16:53:12.160,-0.27,0.1
2021-08-19 16:53:12.164,-0.185,0.11
2021-08-19 16:53:12.168,-0.085,0.065
2021-08-19 16:53:12.172,-0.075,0.08
2021-08-19 16:53:12.176,-0.135,0.13
2021-08-19 16:53:12.180,-0.18,0.155
2021-08-19 16:53:12.184,-0.215,0.185
2021-08-19 16:53:12.188,-0.195,0.195
2021-08-19 16:53:12.192,-0.145,0.175
2021-08-19 16:53:12.196,-0.105,0.17
2021-08-19 16:53:12.200,-0.07,0.18
2021-08-19 16:53:12.204,-0.05,0.19
2021-08-19 16:53:12.208,-0.015,0.17
2021-08-19 16:53:12.212,-0.01,0.165
2021-08-19 16:53:12.216,0.02,0.16
2021-08-19 16:53:12.220,0.03,0.13
2021-08-19 16:53:12.224,0.14,0.1
2021-08-19 16:53:12.228,0.15,0.08
2021-08-19 16:53:12.232,0.135,0.08
2021-08-19 16:53:12.236,0.13,0.07
2021-08-19 16:53:12.240,0.15,0.065
2021-08-19 16:53:12.244,0.11,0.065
2021-08-19 16:53:12.248,0.16,0.04
2021-08-19 16:53:12.252,0.27,0.015
2021-08-19 16:53:12.256,0.285,0.015
2021-08-19 16:53:12.260,0.2,0.03
2021-08-19 16:53:12.264,0.105,0.02
2021-08-19 16:53:12.268,0.1,0.02
2021-08-19 16:53:12.272,0.165,0.02
2021-08-19 16:53:12.276,0.25,0.0
2021-08-19 16:53:12.280,0.3,-0.005
2021-08-19 16:53:12.284,0.365,0.01
2021-08-19 16:53:12.288,0.35,0.005
2021-08-19 16:53:12.292,0.33,-0.01
2021-08-19 16:53:12.296,0.31,0.01
2021-08-19 16:53:12.300,0.275,0.02
2021-08-19 16:53:12.304,0.215,0.055
2021-08-19 16:53:12.308,0.205,0.04
2021-08-19 16:53:12.312,0.225,0.06
2021-08-19 16:53:12.316,0.175,0.055
2021-08-19 16:53:12.320,0.125,0.07
2021-08-19 16:53:12.324,0.11,0.06
2021-08-19 16:53:12.328,0.07,0.055
2021-08-19 16:53:12.332,0.01,0.08
2021-08-19 16:53:12.336,0.01,0.065
2021-08-19 16:53:12.340,-0.055,0.05
2021-08-19 16:53:12.344,-0.115,0.075
2021-08-19 16:53:12.348,-0.11,0.09
2021-08-19 16:53:12.352,-0.065,0.09
2021-08-19 16:53:12.356,0.02,0.065
2021-08-19 16:53:12.360,0.02,0.07
2021-08-19 16:53:12.364,-0.065,0.045
2021-08-19 16:53:12.368,-0.095,0.075
2021-08-19 16:53:12.372,-0.055,0.09
2021-08-19 16:53:12.376,-0.015,0.105
2021-08-19 16:53:12.380,0.045,0.13
2021-08-19 16:53:12.384,0.13,0.13
2021-08-19 16:53:12.388,0.13,0.12
2021-08-19 16:53:12.392,0.16,0.15
2021-08-19 16:53:12.396,0.175,0.125
2021-08-19 16:53:12.400,0.17,0.145
2021-08-19 16:53:12.404,0.18,0.15
2021-08-19 16:53:12.408,0.215,0.15
2021-08-19 16:53:12.412,0.16,0.15
2021-08-19 16:53:12.416,0.185,0.125
2021-08-19 16:53:12.420,0.305,0.09
2021-08-19 16:53:12.424,0.325,0.08
2021-08-19 16:53:12.428,0.235,0.1
2021-08-19 16:53:12.432,0.165,0.105
2021-08-19 16:53:12.436,0.165,0.11
2021-08-19 16:53:12.440,0.205,0.105
2021-08-19 16:53:12.444,0.19,0.09
2021-08-19 16:53:12.448,0.16,0.085
2021-08-19 16:53:12.452,0.155,0.1
2021-08-19 16:53:12.456,0.22,0.08
2021-08-19 16:53:12.460,0.09,0.1
2021-08-19 16:53:12.464,-0.09,0.1
2021-08-19 16:53:12.468,-0.115,0.12
2021-08-19 16:53:12.472,-0.1,0.14
2021-08-19 16:53:12.476,-0.045,0.115
2021-08-19 16:53:12.480,0.01,0.105
2021-08-19 16:53:12.484,0.01,0.1
2021-08-19 16:53:12.488,0.02,0.095
2021-08-19 16:53:12.492,0.035,0.095
2021-08-19 16:53:12.496,-0.005,0.09
2021-08-19 16:53:12.500,-0.06,0.095
2021-08-19 16:53:12.504,-0.04,0.095
2021-08-19 16:53:12.508,-0.01,0.11
2021-08-19 16:53:12.512,-0.01,0.095
2021-08-19 16:53:12.516,0.025,0.1
2021-08-19 16:53:12.520,0.025,0.1
2021-08-19 16:53:12.524,0.015,0.11
2021-08-19 16:53:12.528,0.025,0.13
2021-08-19 16:53:12.532,-0.05,0.135
2021-08-19 16:53:12.536,-0.15,0.145
2021-08-19 16:53:12.540,-0.15,0.145
2021-08-19 16:53:12.544,-0.15,0.13
2021-08-19 16:53:12.548,-0.155,0.12
2021-08-19 16:53:12.552,-0.115,0.1
2021-08-19 16:53:12.556,-0.14,0.12
2021-08-19 16:53:12.560,-0.18,0.12
2021-08-19 16:53:12.564,-0.195,0.13
2021-08-19 16:53:12.568,-0.12,0.12
2021-08-19 16:53:12.572,-0.145,0.095
2021-08-19 16:53:12.576,-0.175,0.11
2021-08-19 16:53:12.580,-0.175,0.11
2021-08-19 16:53:12.584,-0.17,0.125
2021-08-19 16:53:12.588,-0.125,0.145
2021-08-19 16:53:12.592,-0.115,0.155
2021-08-19 16:53:12.596,-0.1,0.18
2021-08-19 16:53:12.600,-0.07,0.185
2021-08-19 16:53:12.604,-0.05,0.185
2021-08-19 16:53:12.608,-0.075,0.175
2021-08-19 16:53:12.612,-0.025,0.165
2021-08-19 16:53:12.616,0.015,0.18
2021-08-19 16:53:12.620,0.015,0.15
2021-08-19 16:53:12.624,0.05,0.13
2021-08-19 16:53:12.628,0.135,0.115
2021-08-19 16:53:12.632,0.14,0.1
2021-08-19 16:53:12.636,0.12,0.105
2021-08-19 16:53:12.640,0.145,0.105
2021-08-19 16:53:12.644,0.15,0.09
2021-08-19 16:53:12.648,0.14,0.1
2021-08-19 16:53:12.652,0.11,0.115
2021-08-19 16:53:12.656,0.05,0.11
2021-08-19 16:53:12.660,-0.005,0.115
2021-08-19 16:53:12.664,0.04,0.12
2021-08-19 16:53:12.668,0.095,0.125
2021-08-19 16:53:12.672,0.045,0.13
2021-08-19 16:53:12.676,-0.01,0.155
2021-08-19 16:53:12.680,-0.03,0.24
2021-08-19 16:53:12.684,-0.025,0.3
2021-08-19 16:53:12.688,0.06,0.295
2021-08-19 16:53:12.692,0.315,0.105
2021-08-19 16:53:12.696,0.805,-0.02
2021-08-19 16:53:12.700,1.31,-0.08
2021-08-19 16:53:12.704,1.75,-0.335
2021-08-19 16:53:12.708,1.94,-0.69
2021-08-19 16:53:12.712,1.51,-1.02
2021-08-19 16:53:12.716,0.73,-0.99
2021-08-19 16:53:12.720,-0.17,-0.705
2021-08-19 16:53:12.724,-0.72,-0.55
2021-08-19 16:53:12.728,-0.74,-0.455
2021-08-19 16:53:12.732,-0.52,-0.25
2021-08-19 16:53:12.736,-0.285,-0.15
2021-08-19 16:53:12.740,-0.21,-0.055
2021-08-19 16:53:12.744,-0.22,0.03
2021-08-19 16:53:12.748,-0.19,0.075
2021-08-19 16:53:12.752,-0.185,0.14
2021-08-19 16:53:12.756,-0.21,0.155
2021-08-19 16:53:12.760,-0.245,0.165
2021-08-19 16:53:12.764,-0.25,0.185
2021-08-19 16:53:12.768,-0.23,0.165
2021-08-19 16:53:12.772,-0.25,0.175
2021-08-19 16:53:12.776,-0.25,0.155
2021-08-19 16:53:12.780,-0.275,0.14
2021-08-19 16:53:12.784,-0.23,0.135
2021-08-19 16:53:12.788,-0.17,0.165
2021-08-19 16:53:12.792,-0.11,0.18
2021-08-19 16:53:12.796,-0.045,0.195
2021-08-19 16:53:12.800,-0.025,0.185
2021-08-19 16:53:12.804,-0.09,0.22
2021-08-19 16:53:12.808,-0.08,0.22
2021-08-19 16:53:12.812,0.0,0.235
2021-08-19 16:53:12.816,-0.025,0.225
2021-08-19 16:53:12.820,-0.105,0.21
2021-08-19 16:53:12.824,-0.12,0.225
2021-08-19 16:53:12.828,-0.115,0.255
2021-08-19 16:53:12.832,-0.09,0.21
2021-08-19 16:53:12.836,-0.025,0.2
2021-08-19 16:53:12.840,0.03,0.16
2021-08-19 16:53:12.844,0.08,0.165
2021-08-19 16:53:12.848,0.055,0.16
2021-08-19 16:53:12.852,-0.05,0.16
2021-08-19 16:53:12.856,-0.075,0.16
2021-08-19 16:53:12.860,-0.035,0.16
2021-08-19 16:53:12.864,-0.035,0.17
2021-08-19 16:53:12.868,-0.05,0.165
2021-08-19 16:53:12.872,-0.04,0.165
2021-08-19 16:53:12.876,-0.06,0.15
2021-08-19 16:53:12.880,-0.035,0.14
2021-08-19 16:53:12.884,-0.04,0.135
2021-08-19 16:53:12.888,-0.03,0.14
2021-08-19 16:53:12.892,-0.01,0.125
2021-08-19 16:53:12.896,-0.02,0.14
2021-08-19 16:53:12.900,-0.04,0.145
2021-08-19 16:53:12.904,-0.07,0.15
2021-08-19 16:53:12.908,-0.09,0.155
2021-08-19 16:53:12.912,-0.15,0.15
2021-08-19 16:53:12.916,-0.145,0.115
2021-08-19 16:53:12.920,-0.1,0.115
2021-08-19 16:53:12.924,-0.115,0.12
2021-08-19 16:53:12.928,-0.14,0.14
2021-08-19 16:53:12.932,-0.145,0.145
2021-08-19 16:53:12.936,-0.175,0.145
2021-08-19 16:53:12.940,-0.22,0.145
2021-08-19 16:53:12.944,-0.245,0.13
2021-08-19 16:53:12.948,-0.2,0.12
2021-08-19 16:53:12.952,-0.18,0.11
2021-08-19 16:53:12.956,-0.085,0.105
2021-08-19 16:53:12.960,-0.07,0.1
2021-08-19 16:53:12.964,-0.075,0.105
2021-08-19 16:53:12.968,-0.035,0.1
2021-08-19 16:53:12.972,-0.035,0.085
2021-08-19 16:53:12.976,-0.025,0.065
2021-08-19 16:53:12.980,-0.005,0.085
2021-08-19 16:53:12.984,0.02,0.085
2021-08-19 16:53:12.988,0.045,0.125
2021-08-19 16:53:12.992,0.125,0.125
2021-08-19 16:53:12.996,0.225,0.135
2021-08-19 16:53:13.000,0.205,0.14
2021-08-19 16:53:13.004,0.18,0.145
2021-08-19 16:53:13.008,0.1,0.16
2021-08-19 16:53:13.012,0.045,0.175
2021-08-19 16:53:13.016,0.025,0.19
2021-08-19 16:53:13.020,0.08,0.175
2021-08-19 16:53:13.024,0.115,0.155
2021-08-19 16:53:13.028,0.105,0.16
2021-08-19 16:53:13.032,0.105,0.14
2021-08-19 16:53:13.036,0.115,0.11
2021-08-19 16:53:13.040,0.125,0.135
2021-08-19 16:53:13.044,0.09,0.145
2021-08-19 16:53:13.048,0.06,0.125
2021-08-19 16:53:13.052,0.04,0.155
2021-08-19 16:53:13.056,0.015,0.145
2021-08-19 16:53:13.060,0.015,0.145
2021-08-19 16:53:13.064,0.02,0.145
2021-08-19 16:53:13.068,0.06,0.135
2021-08-19 16:53:13.072,0.07,0.125
2021-08-19 16:53:13.076,0.075,0.13
2021-08-19 16:53:13.080,0.11,0.125
2021-08-19 16:53:13.084,0.095,0.14
2021-08-19 16:53:13.088,0.115,0.14
2021-08-19 16:53:13.092,0.12,0.175
2021-08-19 16:53:13.096,0.075,0.215
2021-08-19 16:53:13.100,0.025,0.275
2021-08-19 16:53:13.104,0.07,0.2
2021-08-19 16:53:13.108,0.34,0.0
2021-08-19 16:53:13.112,0.955,-0.15
2021-08-19 16:53:13.116,1.505,-0.28
2021-08-19 16:53:13.120,1.9,-0.55
2021-08-19 16:53:13.124,1.905,-0.835
2021-08-19 16:53:13.128,1.21,-0.975
2021-08-19 16:53:13.132,0.285,-0.74
2021-08-19 16:53:13.136,-0.45,-0.455
2021-08-19 16:53:13.140,-0.475,-0.38
2021-08-19 16:53:13.144,-0.42,-0.235
2021-08-19 16:53:13.148,-0.195,-0.14
2021-08-19 16:53:13.152,-0.11,-0.035
2021-08-19 16:53:13.156,-0.085,0.035
2021-08-19 16:53:13.160,-0.11,0.055
2021-08-19 16:53:13.164,-0.19,0.125
2021-08-19 16:53:13.168,-0.315,0.14
2021-08-19 16:53:13.172,-0.335,0.115
2021-08-19 16:53:13.176,-0.295,0.1
2021-08-19 16:53:13.180,-0.23,0.13
2021-08-19 16:53:13.184,-0.19,0.15
2021-08-19 16:53:13.188,-0.09,0.18
2021-08-19 16:53:13.192,-0.115,0.19
2021-08-19 16:53:13.196,-0.125,0.195
2021-08-19 16:53:13.200,-0.095,0.185
2021-08-19 16:53:13.204,-0.085,0.2
2021-08-19 16:53:13.208,-0.095,0.2
2021-08-19 16:53:13.212,-0.075,0.205
2021-08-19 16:53:13.216,-0.09,0.2
2021-08-19 16:53:13.220,-0.095,0.185
2021-08-19 16:53:13.224,-0.09,0.18
2021-08-19 16:53:13.228,-0.095,0.165
2021-08-19 16:53:13.232,-0.005,0.13
2021-08-19 16:53:13.236,0.035,0.125
2021-08-19 16:53:13.240,-0.08,0.13
2021-08-19 16:53:13.244,-0.19,0.135
2021-08-19 16:53:13.248,-0.15,0.14
2021-08-19 16:53:13.252,-0.085,0.12
2021-08-19 16:53:13.256,-0.05,0.125
2021-08-19 16:53:13.260,-0.01,0.12
2021-08-19 16:53:13.264,-0.045,0.105
2021-08-19 16:53:13.268,-0.03,0.11
2021-08-19 16:53:13.272,0.005,0.105
2021-08-19 16:53:13.276,0.01,0.1
2021-08-19 16:53:13.280,0.015,0.115
2021-08-19 16:53:13.284,0.05,0.105
2021-08-19 16:53:13.288,0.075,0.09
2021-08-19 16:53:13.292,0.065,0.085
2021-08-19 16:53:13.296,0.12,0.08
2021-08-19 16:53:13.300,0.115,0.075
2021-08-19 16:53:13.304,0.1,0.075
2021-08-19 16:53:13.308,0.115,0.085
2021-08-19 16:53:13.312,0.125,0.065
2021-08-19 16:53:13.316,0.11,0.05
2021-08-19 16:53:13.320,0.155,0.055
2021-08-19 16:53:13.324,0.19,0.04
2021-08-19 16:53:13.328,0.18,0.035
2021-08-19 16:53:13.332,0.25,0.045
2021-08-19 16:53:13.336,0.28,0.06
2021-08-19 16:53:13.340,0.295,0.055
2021-08-19 16:53:13.344,0.285,0.055
2021-08-19 16:53:13.348,0.315,0.035
2021-08-19 16:53:13.352,0.29,0.055
2021-08-19 16:53:13.356,0.18,0.055
2021-08-19 16:53:13.360,0.04,0.07
2021-08-19 16:53:13.364,-0.08,0.1
2021-08-19 16:53:13.368,-0.035,0.115
2021-08-19 16:53:13.372,0.01,0.12
2021-08-19 16:53:13.376,-0.06,0.1
2021-08-19 16:53:13.380,-0.08,0.1
2021-08-19 16:53:13.384,-0.09,0.085
2021-08-19 16:53:13.388,-0.1,0.09
2021-08-19 16:53:13.392,-0.095,0.1
2021-08-19 16:53:13.396,-0.085,0.125
2021-08-19 16:53:13.400,-0.06,0.15
2021-08-19 16:53:13.404,0.04,0.18
2021-08-19 16:53:13.408,0.1,0.195
2021-08-19 16:53:13.412,0.075,0.18
2021-08-19 16:53:13.416,0.055,0.165
2021-08-19 16:53:13.420,0.045,0.135
2021-08-19 16:53:13.424,0.055,0.125
2021-08-19 16:53:13.428,0.105,0.115
2021-08-19 16:53:13.432,0.145,0.125
2021-08-19 16:53:13.436,0.14,0.105
2021-08-19 16:53:13.440,0.13,0.11
2021-08-19 16:53:13.444,0.165,0.115
2021-08-19 16:53:13.448,0.145,0.105
2021-08-19 16:53:13.452,0.15,0.12
2021-08-19 16:53:13.456,0.145,0.135
2021-08-19 16:53:13.460,0.125,0.09
2021-08-19 16:53:13.464,0.15,0.105
2021-08-19 16:53:13.468,0.18,0.11
2021-08-19 16:53:13.472,0.195,0.11
2021-08-19 16:53:13.476,0.18,0.125
2021-08-19 16:53:13.480,0.11,0.14
2021-08-19 16:53:13.484,0.03,0.135
2021-08-19 16:53:13.488,-0.025,0.16
2021-08-19 16:53:13.492,-0.035,0.15
2021-08-19 16:53:13.496,-0.035,0.135
2021-08-19 16:53:13.500,-0.015,0.155
2021-08-19 16:53:13.504,0.015,0.15
2021-08-19 16:53:13.508,-0.025,0.14
2021-08-19 16:53:13.512,-0.06,0.155
2021-08-19 16:53:13.516,-0.025,0.16
2021-08-19 16:53:13.520,-0.05,0.16
2021-08-19 16:53:13.524,-0.065,0.165
2021-08-19 16:53:13.528,-0.09,0.185
2021-08-19 16:53:13.532,-0.1,0.16
2021-08-19 16:53:13.536,-0.1,0.175
2021-08-19 16:53:13.540,-0.125,0.17
2021-08-19 16:53:13.544,-0.155,0.175
2021-08-19 16:53:13.548,-0.16,0.16
2021-08-19 16:53:13.552,-0.14,0.175
2021-08-19 16:53:13.556,-0.175,0.18
2021-08-19 16:53:13.560,-0.18,0.17
2021-08-19 16:53:13.564,-0.195,0.175
2021-08-19 16:53:13.568,-0.205,0.155
2021-08-19 16:53:13.572,-0.235,0.15
2021-08-19 16:53:13.576,-0.235,0.155
2021-08-19 16:53:13.580,-0.295,0.17
2021-08-19 16:53:13.584,-0.3,0.19
2021-08-19 16:53:13.588,-0.255,0.195
2021-08-19 16:53:13.592,-0.3,0.17
2021-08-19 16:53:13.596,-0.315,0.155
2021-08-19 16:53:13.600,-0.285,0.175
2021-08-19 16:53:13.604,-0.245,0.16
2021-08-19 16:53:13.608,-0.22,0.21
2021-08-19 16:53:13.612,-0.175,0.235
2021-08-19 16:53:13.616,-0.2,0.24
2021-08-19 16:53:13.620,-0.195,0.23
2021-08-19 16:53:13.624,-0.16,0.235
2021-08-19 16:53:13.628,-0.185,0.21
2021-08-19 16:53:13.632,-0.25,0.21
2021-08-19 16:53:13.636,-0.245,0.22
2021-08-19 16:53:13.640,-0.195,0.215
2021-08-19 16:53:13.644,-0.145,0.195
2021-08-19 16:53:13.648,-0.07,0.175
2021-08-19 16:53:13.652,-0.07,0.17
2021-08-19 16:53:13.656,-0.115,0.155
2021-08-19 16:53:13.660,-0.115,0.165
2021-08-19 16:53:13.664,-0.11,0.16
2021-08-19 16:53:13.668,-0.145,0.145
2021-08-19 16:53:13.672,-0.085,0.19
2021-08-19 16:53:13.676,-0.08,0.165
2021-08-19 16:53:13.680,-0.13,0.15
2021-08-19 16:53:13.684,-0.165,0.16
2021-08-19 16:53:13.688,-0.18,0.165
2021-08-19 16:53:13.692,-0.205,0.165
2021-08-19 16:53:13.696,-0.18,0.16
2021-08-19 16:53:13.700,-0.185,0.15
2021-08-19 16:53:13.704,-0.235,0.17
2021-08-19 16:53:13.708,-0.22,0.18
2021-08-19 16:53:13.712,-0.22,0.17
2021-08-19 16:53:13.716,-0.235,0.175
2021-08-19 16:53:13.720,-0.225,0.175
2021-08-19 16:53:13.724,-0.21,0.145
2021-08-19 16:53:13.728,-0.225,0.155
2021-08-19 16:53:13.732,-0.205,0.165
2021-08-19 16:53:13.736,-0.26,0.165
2021-08-19 16:53:13.740,-0.265,0.16
2021-08-19 16:53:13.744,-0.23,0.15
2021-08-19 16:53:13.748,-0.2,0.15
2021-08-19 16:53:13.752,-0.21,0.15
2021-08-19 16:53:13.756,-0.21,0.155
2021-08-19 16:53:13.760,-0.235,0.15
2021-08-19 16:53:13.764,-0.335,0.145
2021-08-19 16:53:13.768,-0.36,0.17
2021-08-19 16:53:13.772,-0.34,0.15
2021-08-19 16:53:13.776,-0.36,0.165
2021-08-19 16:53:13.780,-0.405,0.17
2021-08-19 16:53:13.784,-0.43,0.21
2021-08-19 16:53:13.788,-0.45,0.28
2021-08-19 16:53:13.792,-0.455,0.31
2021-08-19 16:53:13.796,-0.305,0.235
2021-08-19 16:53:13.800,-0.055,0.015
2021-08-19 16:53:13.804,0.435,-0.13
2021-08-19 16:53:13.808,1.005,-0.31
2021-08-19 16:53:13.812,1.535,-0.635
2021-08-19 16:53:13.816,1.59,-0.91
2021-08-19 16:53:13.820,0.88,-0.98
2021-08-19 16:53:13.824,0.195,-0.68
2021-08-19 16:53:13.828,-0.505,-0.285
2021-08-19 16:53:13.832,-0.695,-0.185
2021-08-19 16:53:13.836,-0.585,-0.125
2021-08-19 16:53:13.840,-0.48,-0.055
2021-08-19 16:53:13.844,-0.405,-0.06
2021-08-19 16:53:13.848,-0.335,0.04
2021-08-19 16:53:13.852,-0.29,0.09
2021-08-19 16:53:13.856,-0.29,0.105
2021-08-19 16:53:13.860,-0.3,0.12
2021-08-19 16:53:13.864,-0.29,0.115
2021-08-19 16:53:13.868,-0.3,0.12
2021-08-19 16:53:13.872,-0.325,0.11
2021-08-19 16:53:13.876,-0.355,0.11
2021-08-19 16:53:13.880,-0.355,0.14
2021-08-19 16:53:13.884,-0.37,0.13
2021-08-19 16:53:13.888,-0.335,0.14
2021-08-19 16:53:13.892,-0.365,0.125
2021-08-19 16:53:13.896,-0.36,0.12
2021-08-19 16:53:13.900,-0.39,0.12
2021-08-19 16:53:13.904,-0.4,0.12
2021-08-19 16:53:13.908,-0.405,0.11
2021-08-19 16:53:13.912,-0.37,0.1
2021-08-19 16:53:13.916,-0.385,0.115
2021-08-19 16:53:13.920,-0.365,0.125
2021-08-19 16:53:13.924,-0.45,0.11
2021-08-19 16:53:13.928,-0.43,0.105
2021-08-19 16:53:13.932,-0.435,0.095
2021-08-19 16:53:13.936,-0.405,0.105
2021-08-19 16:53:13.940,-0.405,0.11
2021-08-19 16:53:13.944,-0.42,0.1
2021-08-19 16:53:13.948,-0.43,0.095
2021-08-19 16:53:13.952,-0.435,0.115
2021-08-19 16:53:13.956,-0.43,0.095
2021-08-19 16:53:13.960,-0.4,0.09
2021-08-19 16:53:13.964,-0.405,0.08
2021-08-19 16:53:13.968,-0.48,0.075
2021-08-19 16:53:13.972,-0.49,0.06
2021-08-19 16:53:13.976,-0.465,0.075
2021-08-19 16:53:13.980,-0.53,0.065
2021-08-19 16:53:13.984,-0.53,0.075
2021-08-19 16:53:13.988,-0.51,0.07
2021-08-19 16:53:13.992,-0.5,0.075
2021-08-19 16:53:13.996,-0.485,0.075
2021-08-19 16:53:14.000,-0.425,0.045
2021-08-19 16:53:14.004,-0.465,0.045
2021-08-19 16:53:14.008,-0.505,0.035
2021-08-19 16:53:14.012,-0.51,0.06
2021-08-19 16:53:14.016,-0.485,0.09
2021-08-19 16:53:14.020,-0.43,0.11
2021-08-19 16:53:14.024,-0.38,0.13
2021-08-19 16:53:14.028,-0.375,0.13
2021-08-19 16:53:14.032,-0.41,0.115
2021-08-19 16:53:14.036,-0.405,0.115
2021-08-19 16:53:14.040,-0.425,0.13
2021-08-19 16:53:14.044,-0.44,0.105
2021-08-19 16:53:14.048,-0.41,0.11
2021-08-19 16:53:14.052,-0.37,0.1
2021-08-19 16:53:14.056,-0.375,0.075
2021-08-19 16:53:14.060,-0.275,0.045
2021-08-19 16:53:14.064,-0.21,0.03
2021-08-19 16:53:14.068,-0.23,0.005
2021-08-19 16:53:14.072,-0.215,0.0
2021-08-19 16:53:14.076,-0.175,0.0
2021-08-19 16:53:14.080,-0.11,0.0
2021-08-19 16:53:14.084,-0.04,-0.01
2021-08-19 16:53:14.088,-0.055,-0.01
2021-08-19 16:53:14.092,-0.15,0.0
2021-08-19 16:53:14.096,-0.195,0.0
2021-08-19 16:53:14.100,-0.22,0.01
2021-08-19 16:53:14.104,-0.22,0.0
2021-08-19 16:53:14.108,-0.25,0.01
2021-08-19 16:53:14.112,-0.265,0.015
2021-08-19 16:53:14.116,-0.355,0.025
2021-08-19 16:53:14.120,-0.34,0.02
2021-08-19 16:53:14.124,-0.345,0.04
2021-08-19 16:53:14.128,-0.34,0.045
2021-08-19 16:53:14.132,-0.275,0.03
2021-08-19 16:53:14.136,-0.275,0.035
2021-08-19 16:53:14.140,-0.33,0.045
2021-08-19 16:53:14.144,-0.375,0.045
2021-08-19 16:53:14.148,-0.375,0.025
2021-08-19 16:53:14.152,-0.35,0.025
2021-08-19 16:53:14.156,-0.355,0.06
2021-08-19 16:53:14.160,-0.325,0.04
2021-08-19 16:53:14.164,-0.36,0.035
2021-08-19 16:53:14.168,-0.365,0.035
2021-08-19 16:53:14.172,-0.41,0.02
2021-08-19 16:53:14.176,-0.45,0.02
2021-08-19 16:53:14.180,-0.47,0.01
2021-08-19 16:53:14.184,-0.465,0.04
2021-08-19 16:53:14.188,-0.52,0.08
2021-08-19 16:53:14.192,-0.53,0.14
2021-08-19 16:53:14.196,-0.42,0.005
2021-08-19 16:53:14.200,0.04,-0.19
2021-08-19 16:53:14.204,0.775,-0.335
2021-08-19 16:53:14.208,1.35,-0.505
2021-08-19 16:53:14.212,1.65,-0.77
2021-08-19 16:53:14.216,1.33,-0.915
2021-08-19 16:53:14.220,0.375,-0.725
2021-08-19 16:53:14.224,-0.435,-0.22
2021-08-19 16:53:14.228,-0.735,-0.015
2021-08-19 16:53:14.232,-0.6,0.095
2021-08-19 16:53:14.236,-0.43,0.27
2021-08-19 16:53:14.240,-0.495,0.205
2021-08-19 16:53:14.244,-0.53,0.135
2021-08-19 16:53:14.248,-0.47,0.07
2021-08-19 16:53:14.252,-0.415,0.07
2021-08-19 16:53:14.256,-0.31,0.045
2021-08-19 16:53:14.260,-0.315,0.035
2021-08-19 16:53:14.264,-0.38,0.04
2021-08-19 16:53:14.268,-0.365,0.05
2021-08-19 16:53:14.272,-0.42,0.055
2021-08-19 16:53:14.276,-0.47,0.045
2021-08-19 16:53:14.280,-0.43,0.05
2021-08-19 16:53:14.284,-0.44,0.05
2021-08-19 16:53:14.288,-0.45,0.02
2021-08-19 16:53:14.292,-0.465,0.02
2021-08-19 16:53:14.296,-0.435,0.02
2021-08-19 16:53:14.300,-0.49,0.025
2021-08-19 16:53:14.304,-0.455,0.03
2021-08-19 16:53:14.308,-0.44,0.035
2021-08-19 16:53:14.312,-0.46,0.04
2021-08-19 16:53:14.316,-0.435,0.03
2021-08-19 16:53:14.320,-0.395,0.035
2021-08-19 16:53:14.324,-0.43,0.005
2021-08-19 16:53:14.328,-0.47,0.025
2021-08-19 16:53:14.332,-0.445,0.0
2021-08-19 16:53:14.336,-0.465,0.0
2021-08-19 16:53:14.340,-0.445,0.01
2021-08-19 16:53:14.344,-0.42,0.0
2021-08-19 16:53:14.348,-0.45,0.0
2021-08-19 16:53:14.352,-0.425,0.0
2021-08-19 16:53:14.356,-0.415,-0.01
2021-08-19 16:53:14.360,-0.35,-0.015
2021-08-19 16:53:14.364,-0.345,-0.005
2021-08-19 16:53:14.368,-0.355,-0.03
2021-08-19 16:53:14.372,-0.37,-0.05
2021-08-19 16:53:14.376,-0.39,-0.05
2021-08-19 16:53:14.380,-0.355,-0.06
2021-08-19 16:53:14.384,-0.415,-0.065
2021-08-19 16:53:14.388,-0.435,-0.09
2021-08-19 16:53:14.392,-0.475,-0.105
2021-08-19 16:53:14.396,-0.425,-0.105
2021-08-19 16:53:14.400,-0.395,-0.105
2021-08-19 16:53:14.404,-0.315,-0.08
2021-08-19 16:53:14.408,-0.3,-0.08
2021-08-19 16:53:14.412,-0.275,-0.105
2021-08-19 16:53:14.416,-0.225,-0.11
2021-08-19 16:53:14.420,-0.245,-0.12
2021-08-19 16:53:14.424,-0.24,-0.09
2021-08-19 16:53:14.428,-0.135,-0.055
2021-08-19 16:53:14.432,-0.045,-0.04
2021-08-19 16:53:14.436,0.025,-0.04
2021-08-19 16:53:14.440,0.03,-0.025
2021-08-19 16:53:14.444,-0.035,-0.015
2021-08-19 16:53:14.448,-0.055,0.01
2021-08-19 16:53:14.452,-0.04,0.015
2021-08-19 16:53:14.456,-0.14,0.035
2021-08-19 16:53:14.460,-0.17,0.035
2021-08-19 16:53:14.464,-0.165,0.025
2021-08-19 16:53:14.468,-0.21,0.01
2021-08-19 16:53:14.472,-0.235,-0.005
2021-08-19 16:53:14.476,-0.265,0.0
2021-08-19 16:53:14.480,-0.295,0.0
2021-08-19 16:53:14.484,-0.27,0.01
2021-08-19 16:53:14.488,-0.305,0.0
2021-08-19 16:53:14.492,-0.39,0.0
2021-08-19 16:53:14.496,-0.355,-0.005
2021-08-19 16:53:14.500,-0.385,0.0
2021-08-19 16:53:14.504,-0.395,0.005
2021-08-19 16:53:14.508,-0.385,0.01
2021-08-19 16:53:14.512,-0.345,0.0
2021-08-19 16:53:14.516,-0.355,0.0
2021-08-19 16:53:14.520,-0.385,-0.01
2021-08-19 16:53:14.524,-0.385,0.0
2021-08-19 16:53:14.528,-0.4,-0.005
2021-08-19 16:53:14.532,-0.39,0.0
2021-08-19 16:53:14.536,-0.335,0.0
2021-08-19 16:53:14.540,-0.355,0.0
2021-08-19 16:53:14.544,-0.395,-0.01
2021-08-19 16:53:14.548,-0.4,0.0
2021-08-19 16:53:14.552,-0.415,-0.01
2021-08-19 16:53:14.556,-0.405,0.005
2021-08-19 16:53:14.560,-0.41,0.01
2021-08-19 16:53:14.564,-0.405,0.0
2021-08-19 16:53:14.568,-0.415,0.02
2021-08-19 16:53:14.572,-0.455,0.03
2021-08-19 16:53:14.576,-0.5,0.01
2021-08-19 16:53:14.580,-0.535,0.025
2021-08-19 16:53:14.584,-0.51,0.025
2021-08-19 16:53:14.588,-0.54,0.02
2021-08-19 16:53:14.592,-0.595,0.005
2021-08-19 16:53:14.596,-0.64,0.0
2021-08-19 16:53:14.600,-0.615,0.01
2021-08-19 16:53:14.604,-0.615,0.03
2021-08-19 16:53:14.608,-0.635,0.04
2021-08-19 16:53:14.612,-0.625,0.02
2021-08-19 16:53:14.616,-0.63,0.02
2021-08-19 16:53:14.620,-0.615,0.03
2021-08-19 16:53:14.624,-0.605,0.035
2021-08-19 16:53:14.628,-0.59,0.04
2021-08-19 16:53:14.632,-0.52,0.08
2021-08-19 16:53:14.636,-0.48,0.105
2021-08-19 16:53:14.640,-0.47,0.115
2021-08-19 16:53:14.644,-0.46,0.115
2021-08-19 16:53:14.648,-0.48,0.125
2021-08-19 16:53:14.652,-0.48,0.115
2021-08-19 16:53:14.656,-0.48,0.105
2021-08-19 16:53:14.660,-0.485,0.14
2021-08-19 16:53:14.664,-0.44,0.12
2021-08-19 16:53:14.668,-0.37,0.055
2021-08-19 16:53:14.672,-0.39,0.06
2021-08-19 16:53:14.676,-0.41,0.07
2021-08-19 16:53:14.680,-0.4,0.085
2021-08-19 16:53:14.684,-0.4,0.075
2021-08-19 16:53:14.688,-0.425,0.075
2021-08-19 16:53:14.692,-0.4,0.07
2021-08-19 16:53:14.696,-0.415,0.07
2021-08-19 16:53:14.700,-0.425,0.075
2021-08-19 16:53:14.704,-0.415,0.07
2021-08-19 16:53:14.708,-0.415,0.055
2021-08-19 16:53:14.712,-0.435,0.07
2021-08-19 16:53:14.716,-0.425,0.07
2021-08-19 16:53:14.720,-0.405,0.07
2021-08-19 16:53:14.724,-0.425,0.07
2021-08-19 16:53:14.728,-0.415,0.075
2021-08-19 16:53:14.732,-0.4,0.075
2021-08-19 16:53:14.736,-0.425,0.075
2021-08-19 16:53:14.740,-0.415,0.08
2021-08-19 16:53:14.744,-0.415,0.08
2021-08-19 16:53:14.748,-0.4,0.07
2021-08-19 16:53:14.752,-0.415,0.09
2021-08-19 16:53:14.756,-0.4,0.11
2021-08-19 16:53:14.760,-0.43,0.13
2021-08-19 16:53:14.764,-0.45,0.18
2021-08-19 16:53:14.768,-0.5,0.225
2021-08-19 16:53:14.772,-0.455,0.215
2021-08-19 16:53:14.776,-0.155,0.105
2021-08-19 16:53:14.780,0.42,0.0
2021-08-19 16:53:14.784,1.03,-0.055
2021-08-19 16:53:14.788,1.66,-0.19
2021-08-19 16:53:14.792,1.975,-0.44
2021-08-19 16:53:14.796,1.56,-0.7
2021-08-19 16:53:14.800,0.635,-0.735
2021-08-19 16:53:14.804,-0.35,-0.505
2021-08-19 16:53:14.808,-0.975,-0.355
2021-08-19 16:53:14.812,-0.98,-0.235
2021-08-19 16:53:14.816,-0.815,-0.145
2021-08-19 16:53:14.820,-0.745,-0.11
2021-08-19 16:53:14.824,-0.63,-0.05
2021-08-19 16:53:14.828,-0.56,0.0
2021-08-19 16:53:14.832,-0.56,0.02
2021-08-19 16:53:14.836,-0.555,0.06
2021-08-19 16:53:14.840,-0.52,0.095
2021-08-19 16:53:14.844,-0.485,0.13
2021-08-19 16:53:14.848,-0.475,0.16
2021-08-19 16:53:14.852,-0.465,0.165
2021-08-19 16:53:14.856,-0.465,0.17
2021-08-19 16:53:14.860,-0.455,0.175
2021-08-19 16:53:14.864,-0.345,0.185
2021-08-19 16:53:14.868,-0.33,0.165
2021-08-19 16:53:14.872,-0.365,0.145
2021-08-19 16:53:14.876,-0.36,0.13
2021-08-19 16:53:14.880,-0.37,0.12
2021-08-19 16:53:14.884,-0.375,0.12
2021-08-19 16:53:14.888,-0.36,0.14
2021-08-19 16:53:14.892,-0.355,0.13
2021-08-19 16:53:14.896,-0.39,0.12
2021-08-19 16:53:14.900,-0.355,0.125
2021-08-19 16:53:14.904,-0.38,0.12
2021-08-19 16:53:14.908,-0.37,0.115
2021-08-19 16:53:14.912,-0.37,0.105
2021-08-19 16:53:14.916,-0.355,0.11
2021-08-19 16:53:14.920,-0.375,0.12
2021-08-19 16:53:14.924,-0.365,0.11
2021-08-19 16:53:14.928,-0.345,0.105
2021-08-19 16:53:14.932,-0.37,0.115
2021-08-19 16:53:14.936,-0.35,0.105
2021-08-19 16:53:14.940,-0.35,0.105
2021-08-19 16:53:14.944,-0.345,0.08
2021-08-19 16:53:14.948,-0.315,0.08
2021-08-19 16:53:14.952,-0.315,0.095
2021-08-19 16:53:14.956,-0.34,0.075
2021-08-19 16:53:14.960,-0.305,0.085
2021-08-19 16:53:14.964,-0.32,0.085
2021-08-19 16:53:14.968,-0.345,0.08
2021-08-19 16:53:14.972,-0.345,0.08
2021-08-19 16:53:14.976,-0.335,0.085
2021-08-19 16:53:14.980,-0.345,0.065
2021-08-19 16:53:14.984,-0.345,0.055
2021-08-19 16:53:14.988,-0.375,0.075
2021-08-19 16:53:14.992,-0.385,0.065
2021-08-19 16:53:14.996,-0.41,0.075
2021-08-19 16:53:15.000,-0.42,0.085
2021-08-19 16:53:15.004,-0.525,0.08
2021-08-19 16:53:15.008,-0.535,0.075
2021-08-19 16:53:15.012,-0.545,0.08
2021-08-19 16:53:15.016,-0.6,0.08
2021-08-19 16:53:15.020,-0.63,0.055
2021-08-19 16:53:15.024,-0.645,0.05
2021-08-19 16:53:15.028,-0.655,0.03
2021-08-19 16:53:15.032,-0.57,0.045
2021-08-19 16:53:15.036,-0.485,0.065
2021-08-19 16:53:15.040,-0.505,0.05
2021-08-19 16:53:15.044,-0.45,0.015
2021-08-19 16:53:15.048,-0.41,0.03
2021-08-19 16:53:15.052,-0.385,0.015
2021-08-19 16:53:15.056,-0.325,0.045
2021-08-19 16:53:15.060,-0.265,0.085
2021-08-19 16:53:15.064,-0.27,0.1
2021-08-19 16:53:15.068,-0.26,0.11
2021-08-19 16:53:15.072,-0.245,0.125
2021-08-19 16:53:15.076,-0.26,0.115
2021-08-19 16:53:15.080,-0.28,0.1
2021-08-19 16:53:15.084,-0.245,0.095
2021-08-19 16:53:15.088,-0.225,0.075
2021-08-19 16:53:15.092,-0.215,0.1
2021-08-19 16:53:15.096,-0.165,0.095
2021-08-19 16:53:15.100,-0.195,0.11
2021-08-19 16:53:15.104,-0.235,0.095
2021-08-19 16:53:15.108,-0.215,0.08
2021-08-19 16:53:15.112,-0.245,0.095
2021-08-19 16:53:15.116,-0.24,0.12
2021-08-19 16:53:15.120,-0.25,0.115
2021-08-19 16:53:15.124,-0.235,0.1
2021-08-19 16:53:15.128,-0.24,0.09
2021-08-19 16:53:15.132,-0.2,0.1
2021-08-19 16:53:15.136,-0.205,0.11
2021-08-19 16:53:15.140,-0.21,0.115
2021-08-19 16:53:15.144,-0.215,0.155
2021-08-19 16:53:15.148,-0.245,0.2
2021-08-19 16:53:15.152,-0.3,0.22
2021-08-19 16:53:15.156,-0.18,0.135
2021-08-19 16:53:15.160,0.32,-0.005
2021-08-19 16:53:15.164,1.1,-0.09
2021-08-19 16:53:15.168,1.72,-0.23
2021-08-19 16:53:15.176,1.79,-0.61
2021-08-19 16:53:15.180,0.83,-0.64
2021-08-19 16:53:15.184,-0.27,-0.435
2021-08-19 16:53:15.188,-0.795,-0.195
2021-08-19 16:53:15.192,-0.725,-0.09
2021-08-19 16:53:15.196,-0.465,0.07
2021-08-19 16:53:15.200,-0.38,0.05
2021-08-19 16:53:15.204,-0.285,0.035
2021-08-19 16:53:15.208,-0.195,0.065
2021-08-19 16:53:15.212,-0.255,0.095
2021-08-19 16:53:15.216,-0.325,0.12
2021-08-19 16:53:15.220,-0.35,0.12
2021-08-19 16:53:15.224,-0.43,0.115
2021-08-19 16:53:15.228,-0.47,0.08
2021-08-19 16:53:15.232,-0.465,0.085
2021-08-19 16:53:15.236,-0.44,0.09
2021-08-19 16:53:15.240,-0.43,0.09
2021-08-19 16:53:15.244,-0.395,0.095
2021-08-19 16:53:15.248,-0.435,0.075
2021-08-19 16:53:15.252,-0.43,0.07
2021-08-19 16:53:15.256,-0.4,0.07
2021-08-19 16:53:15.260,-0.39,0.045
2021-08-19 16:53:15.264,-0.395,0.075
2021-08-19 16:53:15.268,-0.355,0.105
2021-08-19 16:53:15.272,-0.305,0.115
2021-08-19 16:53:15.276,-0.285,0.115
2021-08-19 16:53:15.280,-0.275,0.145
2021-08-19 16:53:15.284,-0.3,0.11
2021-08-19 16:53:15.288,-0.295,0.115
2021-08-19 16:53:15.292,-0.25,0.125
2021-08-19 16:53:15.296,-0.265,0.1
2021-08-19 16:53:15.300,-0.245,0.075
2021-08-19 16:53:15.304,-0.16,0.075
2021-08-19 16:53:15.308,-0.11,0.06
2021-08-19 16:53:15.312,-0.11,0.05
2021-08-19 16:53:15.316,-0.08,0.055
2021-08-19 16:53:15.320,-0.06,0.03
2021-08-19 16:53:15.324,-0.07,0.045
2021-08-19 16:53:15.328,-0.035,0.045
2021-08-19 16:53:15.332,-0.005,0.03
2021-08-19 16:53:15.336,0.005,0.025
2021-08-19 16:53:15.340,0.015,0.015
2021-08-19 16:53:15.344,0.075,0.005
2021-08-19 16:53:15.348,0.09,-0.01
2021-08-19 16:53:15.352,0.12,-0.005
2021-08-19 16:53:15.356,0.125,-0.01
2021-08-19 16:53:15.360,0.13,-0.01
2021-08-19 16:53:15.364,0.145,-0.01
2021-08-19 16:53:15.368,0.195,-0.015
2021-08-19 16:53:15.372,0.195,-0.035
2021-08-19 16:53:15.376,0.245,-0.045
2021-08-19 16:53:15.380,0.255,-0.03
2021-08-19 16:53:15.384,0.26,-0.04
2021-08-19 16:53:15.388,0.325,-0.04
2021-08-19 16:53:15.392,0.325,-0.045
2021-08-19 16:53:15.396,0.345,-0.045
2021-08-19 16:53:15.400,0.345,-0.04
2021-08-19 16:53:15.404,0.33,-0.02
2021-08-19 16:53:15.408,0.295,0.0
2021-08-19 16:53:15.412,0.205,-0.005
2021-08-19 16:53:15.416,0.135,0.015
2021-08-19 16:53:15.420,0.03,0.035
2021-08-19 16:53:15.424,-0.015,0.05
2021-08-19 16:53:15.428,-0.07,0.045
2021-08-19 16:53:15.432,-0.175,0.05
2021-08-19 16:53:15.436,-0.175,0.04
2021-08-19 16:53:15.440,-0.165,0.07
2021-08-19 16:53:15.444,-0.18,0.1
2021-08-19 16:53:15.448,-0.19,0.075
2021-08-19 16:53:15.452,-0.2,0.095
2021-08-19 16:53:15.456,-0.225,0.05
2021-08-19 16:53:15.460,-0.24,0.035
2021-08-19 16:53:15.464,-0.18,0.05
2021-08-19 16:53:15.468,-0.19,0.095
2021-08-19 16:53:15.472,-0.16,0.115
2021-08-19 16:53:15.476,-0.13,0.145
2021-08-19 16:53:15.480,-0.07,0.16
2021-08-19 16:53:15.484,-0.105,0.16
2021-08-19 16:53:15.488,-0.055,0.19
2021-08-19 16:53:15.492,-0.04,0.19
2021-08-19 16:53:15.496,-0.055,0.15
2021-08-19 16:53:15.500,0.0,0.15
2021-08-19 16:53:15.504,0.07,0.125
2021-08-19 16:53:15.508,0.05,0.1
2021-08-19 16:53:15.512,0.055,0.095
2021-08-19 16:53:15.516,0.05,0.105
2021-08-19 16:53:15.520,0.02,0.095
2021-08-19 16:53:15.524,0.04,0.085
2021-08-19 16:53:15.528,0.015,0.105
2021-08-19 16:53:15.532,-0.04,0.095
2021-08-19 16:53:15.536,-0.045,0.105
2021-08-19 16:53:15.540,-0.03,0.115
2021-08-19 16:53:15.544,-0.045,0.095
2021-08-19 16:53:15.548,-0.045,0.1
2021-08-19 16:53:15.552,-0.05,0.12
2021-08-19 16:53:15.556,-0.055,0.115
2021-08-19 16:53:15.560,-0.075,0.11
2021-08-19 16:53:15.564,-0.085,0.085
2021-08-19 16:53:15.568,-0.125,0.115
2021-08-19 16:53:15.572,-0.125,0.135
2021-08-19 16:53:15.576,-0.16,0.185
2021-08-19 16:53:15.580,-0.275,0.265
2021-08-19 16:53:15.584,-0.32,0.29
2021-08-19 16:53:15.588,-0.22,0.21
2021-08-19 16:53:15.592,0.175,0.04
2021-08-19 16:53:15.596,0.765,-0.045
2021-08-19 16:53:15.600,1.455,-0.195
2021-08-19 16:53:15.604,1.89,-0.515
2021-08-19 16:53:15.608,1.59,-0.845
2021-08-19 16:53:15.612,0.66,-0.94
2021-08-19 16:53:15.616,-0.225,-0.73
2021-08-19 16:53:15.620,-0.87,-0.475
2021-08-19 16:53:15.624,-0.805,-0.335
2021-08-19 16:53:15.628,-0.615,-0.16
2021-08-19 16:53:15.632,-0.48,-0.095
2021-08-19 16:53:15.636,-0.41,-0.04
2021-08-19 16:53:15.640,-0.415,0.015
2021-08-19 16:53:15.644,-0.405,0.065
2021-08-19 16:53:15.648,-0.38,0.115
2021-08-19 16:53:15.652,-0.395,0.15
2021-08-19 16:53:15.656,-0.42,0.15
2021-08-19 16:53:15.660,-0.415,0.165
2021-08-19 16:53:15.664,-0.415,0.155
2021-08-19 16:53:15.668,-0.46,0.14
2021-08-19 16:53:15.672,-0.46,0.145
2021-08-19 16:53:15.676,-0.43,0.155
2021-08-19 16:53:15.680,-0.4,0.185
2021-08-19 16:53:15.684,-0.37,0.195
2021-08-19 16:53:15.688,-0.33,0.2
2021-08-19 16:53:15.692,-0.32,0.23
2021-08-19 16:53:15.696,-0.3,0.24
2021-08-19 16:53:15.700,-0.3,0.24
2021-08-19 16:53:15.704,-0.33,0.235
2021-08-19 16:53:15.708,-0.32,0.23
2021-08-19 16:53:15.712,-0.33,0.225
2021-08-19 16:53:15.716,-0.315,0.22
2021-08-19 16:53:15.720,-0.28,0.215
2021-08-19 16:53:15.724,-0.235,0.2
2021-08-19 16:53:15.728,-0.24,0.17
2021-08-19 16:53:15.732,-0.24,0.17
2021-08-19 16:53:15.736,-0.235,0.19
2021-08-19 16:53:15.740,-0.26,0.17
2021-08-19 16:53:15.744,-0.22,0.17
2021-08-19 16:53:15.748,-0.235,0.19
2021-08-19 16:53:15.752,-0.24,0.175
2021-08-19 16:53:15.756,-0.225,0.175
2021-08-19 16:53:15.760,-0.215,0.17
2021-08-19 16:53:15.764,-0.24,0.16
2021-08-19 16:53:15.768,-0.24,0.165
2021-08-19 16:53:15.772,-0.2,0.155
2021-08-19 16:53:15.776,-0.23,0.17
2021-08-19 16:53:15.780,-0.225,0.17
2021-08-19 16:53:15.784,-0.23,0.16
2021-08-19 16:53:15.788,-0.245,0.185
2021-08-19 16:53:15.792,-0.24,0.185
2021-08-19 16:53:15.796,-0.235,0.195
2021-08-19 16:53:15.800,-0.265,0.185
2021-08-19 16:53:15.804,-0.29,0.18
2021-08-19 16:53:15.808,-0.25,0.185
2021-08-19 16:53:15.812,-0.28,0.19
2021-08-19 16:53:15.816,-0.28,0.18
2021-08-19 16:53:15.820,-0.255,0.19
2021-08-19 16:53:15.824,-0.255,0.185
2021-08-19 16:53:15.828,-0.25,0.185
2021-08-19 16:53:15.832,-0.2,0.2
2021-08-19 16:53:15.836,-0.18,0.17
2021-08-19 16:53:15.840,-0.15,0.165
2021-08-19 16:53:15.844,-0.13,0.185
2021-08-19 16:53:15.848,-0.16,0.16
2021-08-19 16:53:15.852,-0.2,0.135
2021-08-19 16:53:15.856,-0.185,0.14
2021-08-19 16:53:15.860,-0.15,0.155
2021-08-19 16:53:15.864,-0.17,0.135
2021-08-19 16:53:15.868,-0.185,0.14
2021-08-19 16:53:15.872,-0.205,0.115
2021-08-19 16:53:15.876,-0.215,0.105
2021-08-19 16:53:15.880,-0.2,0.11
2021-08-19 16:53:15.884,-0.2,0.13
2021-08-19 16:53:15.888,-0.195,0.14
2021-08-19 16:53:15.892,-0.135,0.165
2021-08-19 16:53:15.896,-0.13,0.165
2021-08-19 16:53:15.900,-0.135,0.165
2021-08-19 16:53:15.904,-0.1,0.165
2021-08-19 16:53:15.908,-0.08,0.19
2021-08-19 16:53:15.912,-0.115,0.185
2021-08-19 16:53:15.916,-0.1,0.195
2021-08-19 16:53:15.920,-0.05,0.25
2021-08-19 16:53:15.924,-0.03,0.29
2021-08-19 16:53:15.928,0.095,0.26
2021-08-19 16:53:15.932,0.455,0.045
2021-08-19 16:53:15.936,1.105,-0.1
2021-08-19 16:53:15.940,1.68,-0.205
2021-08-19 16:53:15.952,1.56,-0.785
2021-08-19 16:53:15.956,0.535,-0.71
2021-08-19 16:53:15.960,-0.345,-0.555
2021-08-19 16:53:15.964,-0.425,-0.49
2021-08-19 16:53:15.968,-0.425,-0.4
2021-08-19 16:53:15.972,-0.265,-0.2
2021-08-19 16:53:15.976,-0.165,-0.115
2021-08-19 16:53:15.980,-0.115,-0.04
2021-08-19 16:53:15.984,-0.14,0.035
2021-08-19 16:53:15.988,-0.16,0.06
2021-08-19 16:53:15.992,-0.185,0.1
2021-08-19 16:53:15.996,-0.2,0.125
2021-08-19 16:53:16.000,-0.24,0.105
2021-08-19 16:53:16.004,-0.25,0.11
2021-08-19 16:53:16.008,-0.275,0.115
2021-08-19 16:53:16.012,-0.3,0.135
2021-08-19 16:53:16.016,-0.285,0.15
2021-08-19 16:53:16.020,-0.29,0.14
2021-08-19 16:53:16.024,-0.31,0.145
2021-08-19 16:53:16.028,-0.31,0.15
2021-08-19 16:53:16.032,-0.31,0.16
2021-08-19 16:53:16.036,-0.35,0.165
2021-08-19 16:53:16.040,-0.325,0.15
2021-08-19 16:53:16.044,-0.33,0.145
2021-08-19 16:53:16.048,-0.36,0.135
2021-08-19 16:53:16.052,-0.365,0.125
2021-08-19 16:53:16.056,-0.345,0.125
2021-08-19 16:53:16.060,-0.325,0.15
2021-08-19 16:53:16.064,-0.295,0.135
2021-08-19 16:53:16.068,-0.3,0.13
2021-08-19 16:53:16.072,-0.28,0.105
2021-08-19 16:53:16.076,-0.285,0.115
2021-08-19 16:53:16.080,-0.235,0.085
2021-08-19 16:53:16.084,-0.205,0.11
2021-08-19 16:53:16.088,-0.16,0.1
2021-08-19 16:53:16.092,-0.095,0.12
2021-08-19 16:53:16.096,-0.08,0.13
2021-08-19 16:53:16.100,-0.03,0.135
2021-08-19 16:53:16.104,0.0,0.125
2021-08-19 16:53:16.108,0.0,0.13
2021-08-19 16:53:16.112,0.04,0.115
2021-08-19 16:53:16.116,0.075,0.115
2021-08-19 16:53:16.120,0.075,0.095
2021-08-19 16:53:16.124,0.105,0.085
2021-08-19 16:53:16.128,0.125,0.09
2021-08-19 16:53:16.132,0.15,0.075
2021-08-19 16:53:16.136,0.255,0.055
2021-08-19 16:53:16.140,0.31,0.015
2021-08-19 16:53:16.144,0.315,0.0
2021-08-19 16:53:16.148,0.32,-0.005
2021-08-19 16:53:16.152,0.375,-0.01
2021-08-19 16:53:16.156,0.39,-0.02
2021-08-19 16:53:16.160,0.41,-0.02
2021-08-19 16:53:16.164,0.45,-0.03
2021-08-19 16:53:16.168,0.46,-0.01
2021-08-19 16:53:16.172,0.465,0.0
2021-08-19 16:53:16.176,0.45,0.02
2021-08-19 16:53:16.180,0.42,0.025
2021-08-19 16:53:16.184,0.38,0.035
2021-08-19 16:53:16.188,0.365,0.055
2021-08-19 16:53:16.192,0.31,0.06
2021-08-19 16:53:16.196,0.26,0.06
2021-08-19 16:53:16.200,0.25,0.08
2021-08-19 16:53:16.204,0.21,0.075
2021-08-19 16:53:16.208,0.175,0.08
2021-08-19 16:53:16.212,0.165,0.09
2021-08-19 16:53:16.216,0.13,0.1
2021-08-19 16:53:16.220,0.1,0.095
2021-08-19 16:53:16.224,0.15,0.095
2021-08-19 16:53:16.228,0.14,0.1
2021-08-19 16:53:16.232,0.095,0.1
2021-08-19 16:53:16.236,0.095,0.16
2021-08-19 16:53:16.240,0.07,0.21
2021-08-19 16:53:16.244,0.04,0.245
2021-08-19 16:53:16.248,0.115,0.17
2021-08-19 16:53:16.252,0.51,-0.02
2021-08-19 16:53:16.256,1.1,-0.165
2021-08-19 16:53:16.260,1.61,-0.315
2021-08-19 16:53:16.264,1.94,-0.51
2021-08-19 16:53:16.268,1.865,-0.745
2021-08-19 16:53:16.272,1.26,-0.84
2021-08-19 16:53:16.276,0.425,-0.56
2021-08-19 16:53:16.280,-0.185,-0.215
2021-08-19 16:53:16.284,-0.27,-0.215
2021-08-19 16:53:16.288,-0.365,-0.18
2021-08-19 16:53:16.292,-0.295,-0.06
2021-08-19 16:53:16.296,-0.235,-0.015
2021-08-19 16:53:16.300,-0.145,0.09
2021-08-19 16:53:16.304,-0.165,0.13
2021-08-19 16:53:16.308,-0.19,0.17
2021-08-19 16:53:16.312,-0.22,0.205
2021-08-19 16:53:16.316,-0.3,0.225
2021-08-19 16:53:16.320,-0.31,0.235
2021-08-19 16:53:16.324,-0.28,0.245
2021-08-19 16:53:16.328,-0.26,0.23
2021-08-19 16:53:16.332,-0.22,0.18
2021-08-19 16:53:16.336,-0.18,0.19
2021-08-19 16:53:16.340,-0.205,0.185
2021-08-19 16:53:16.344,-0.205,0.185
2021-08-19 16:53:16.348,-0.19,0.205
2021-08-19 16:53:16.352,-0.19,0.195
2021-08-19 16:53:16.356,-0.2,0.195
2021-08-19 16:53:16.360,-0.21,0.2
2021-08-19 16:53:16.364,-0.22,0.195
2021-08-19 16:53:16.368,-0.195,0.185
2021-08-19 16:53:16.372,-0.19,0.21
2021-08-19 16:53:16.376,-0.215,0.22
2021-08-19 16:53:16.380,-0.21,0.215
2021-08-19 16:53:16.384,-0.195,0.2
2021-08-19 16:53:16.388,-0.2,0.18
2021-08-19 16:53:16.392,-0.215,0.2
2021-08-19 16:53:16.396,-0.185,0.215
2021-08-19 16:53:16.400,-0.185,0.205
2021-08-19 16:53:16.404,-0.17,0.205
2021-08-19 16:53:16.408,-0.18,0.205
2021-08-19 16:53:16.412,-0.185,0.215
2021-08-19 16:53:16.416,-0.215,0.205
2021-08-19 16:53:16.420,-0.185,0.205
2021-08-19 16:53:16.424,-0.165,0.19
2021-08-19 16:53:16.428,-0.205,0.175
2021-08-19 16:53:16.432,-0.2,0.205
2021-08-19 16:53:16.436,-0.205,0.2
2021-08-19 16:53:16.440,-0.225,0.18
2021-08-19 16:53:16.444,-0.23,0.21
2021-08-19 16:53:16.448,-0.19,0.2
2021-08-19 16:53:16.452,-0.23,0.195
2021-08-19 16:53:16.456,-0.23,0.205
2021-08-19 16:53:16.460,-0.25,0.2
2021-08-19 16:53:16.464,-0.265,0.2
2021-08-19 16:53:16.468,-0.24,0.18
2021-08-19 16:53:16.472,-0.215,0.18
2021-08-19 16:53:16.476,-0.16,0.17
2021-08-19 16:53:16.480,-0.105,0.19
2021-08-19 16:53:16.484,-0.02,0.17
2021-08-19 16:53:16.488,-0.035,0.145
2021-08-19 16:53:16.492,-0.01,0.14
2021-08-19 16:53:16.496,0.025,0.12
2021-08-19 16:53:16.500,0.035,0.125
2021-08-19 16:53:16.504,0.035,0.135
2021-08-19 16:53:16.508,0.065,0.17
2021-08-19 16:53:16.512,0.12,0.185
2021-08-19 16:53:16.516,0.16,0.19
2021-08-19 16:53:16.520,0.165,0.19
2021-08-19 16:53:16.524,0.105,0.185
2021-08-19 16:53:16.528,0.075,0.18
2021-08-19 16:53:16.532,0.09,0.175
2021-08-19 16:53:16.536,0.09,0.165
2021-08-19 16:53:16.540,0.16,0.165
2021-08-19 16:53:16.544,0.21,0.165
2021-08-19 16:53:16.548,0.22,0.115
2021-08-19 16:53:16.552,0.215,0.115
2021-08-19 16:53:16.556,0.23,0.135
2021-08-19 16:53:16.560,0.22,0.19
2021-08-19 16:53:16.564,0.205,0.255
2021-08-19 16:53:16.568,0.29,0.255
2021-08-19 16:53:16.572,0.59,0.045
2021-08-19 16:53:16.576,1.165,-0.175
2021-08-19 16:53:16.580,1.735,-0.265
2021-08-19 16:53:16.592,1.885,-0.98
2021-08-19 16:53:16.596,1.105,-0.885
2021-08-19 16:53:16.600,0.36,-0.585
2021-08-19 16:53:16.604,-0.1,-0.565
2021-08-19 16:53:16.608,-0.355,-0.425
2021-08-19 16:53:16.612,-0.28,-0.195
2021-08-19 16:53:16.616,-0.215,-0.09
2021-08-19 16:53:16.620,-0.205,-0.025
2021-08-19 16:53:16.624,-0.205,0.025
2021-08-19 16:53:16.628,-0.16,0.095
2021-08-19 16:53:16.632,-0.17,0.125
2021-08-19 16:53:16.636,-0.18,0.12
2021-08-19 16:53:16.640,-0.165,0.16
2021-08-19 16:53:16.644,-0.16,0.15
2021-08-19 16:53:16.648,-0.22,0.155
2021-08-19 16:53:16.652,-0.22,0.155
2021-08-19 16:53:16.656,-0.225,0.18
2021-08-19 16:53:16.660,-0.255,0.17
2021-08-19 16:53:16.664,-0.235,0.17
2021-08-19 16:53:16.668,-0.25,0.19
2021-08-19 16:53:16.672,-0.3,0.18
2021-08-19 16:53:16.676,-0.32,0.18
2021-08-19 16:53:16.680,-0.37,0.18
2021-08-19 16:53:16.684,-0.39,0.18
2021-08-19 16:53:16.688,-0.385,0.175
2021-08-19 16:53:16.692,-0.36,0.18
2021-08-19 16:53:16.696,-0.345,0.205
2021-08-19 16:53:16.700,-0.305,0.18
2021-08-19 16:53:16.704,-0.31,0.19
2021-08-19 16:53:16.708,-0.335,0.16
2021-08-19 16:53:16.712,-0.3,0.17
2021-08-19 16:53:16.716,-0.26,0.16
2021-08-19 16:53:16.720,-0.275,0.17
2021-08-19 16:53:16.724,-0.23,0.21
2021-08-19 16:53:16.728,-0.205,0.24
2021-08-19 16:53:16.732,-0.155,0.225
2021-08-19 16:53:16.736,-0.13,0.25
2021-08-19 16:53:16.740,-0.08,0.25
2021-08-19 16:53:16.744,-0.12,0.25
2021-08-19 16:53:16.748,-0.16,0.27
2021-08-19 16:53:16.752,-0.165,0.26
2021-08-19 16:53:16.756,-0.18,0.225
2021-08-19 16:53:16.760,-0.12,0.24
2021-08-19 16:53:16.764,-0.06,0.225
2021-08-19 16:53:16.768,-0.04,0.205
2021-08-19 16:53:16.772,0.0,0.17
2021-08-19 16:53:16.776,0.02,0.185
2021-08-19 16:53:16.780,0.02,0.155
2021-08-19 16:53:16.784,0.015,0.175
2021-08-19 16:53:16.788,0.085,0.15
2021-08-19 16:53:16.792,0.125,0.13
2021-08-19 16:53:16.796,0.195,0.12
2021-08-19 16:53:16.800,0.23,0.12
2021-08-19 16:53:16.804,0.245,0.1
2021-08-19 16:53:16.808,0.245,0.09
2021-08-19 16:53:16.812,0.23,0.085
2021-08-19 16:53:16.816,0.155,0.095
2021-08-19 16:53:16.820,0.175,0.075
2021-08-19 16:53:16.824,0.175,0.085
2021-08-19 16:53:16.828,0.16,0.08
2021-08-19 16:53:16.832,0.15,0.08
2021-08-19 16:53:16.836,0.13,0.085
2021-08-19 16:53:16.840,0.07,0.095
2021-08-19 16:53:16.844,0.01,0.075
2021-08-19 16:53:16.848,-0.005,0.09
2021-08-19 16:53:16.852,-0.03,0.08
2021-08-19 16:53:16.856,-0.055,0.11
2021-08-19 16:53:16.860,-0.045,0.09
2021-08-19 16:53:16.864,-0.075,0.1
2021-08-19 16:53:16.868,-0.09,0.09
2021-08-19 16:53:16.872,-0.065,0.115
2021-08-19 16:53:16.876,-0.075,0.115
2021-08-19 16:53:16.880,-0.11,0.11
2021-08-19 16:53:16.884,-0.105,0.105
2021-08-19 16:53:16.888,-0.155,0.115
2021-08-19 16:53:16.892,-0.205,0.1
2021-08-19 16:53:16.896,-0.225,0.095
2021-08-19 16:53:16.900,-0.26,0.105
2021-08-19 16:53:16.904,-0.265,0.12
2021-08-19 16:53:16.908,-0.235,0.12
2021-08-19 16:53:16.912,-0.22,0.13
2021-08-19 16:53:16.916,-0.22,0.1
2021-08-19 16:53:16.920,-0.21,0.105
2021-08-19 16:53:16.924,-0.205,0.095
2021-08-19 16:53:16.928,-0.21,0.085
2021-08-19 16:53:16.932,-0.18,0.1
2021-08-19 16:53:16.936,-0.15,0.14
2021-08-19 16:53:16.940,-0.125,0.175
2021-08-19 16:53:16.944,-0.1,0.205
2021-08-19 16:53:16.948,-0.08,0.215
2021-08-19 16:53:16.952,-0.105,0.22
2021-08-19 16:53:16.956,-0.065,0.185
2021-08-19 16:53:16.960,-0.035,0.145
2021-08-19 16:53:16.964,-0.075,0.1
2021-08-19 16:53:16.968,-0.065,0.1
2021-08-19 16:53:16.972,-0.065,0.095
2021-08-19 16:53:16.976,-0.11,0.12
2021-08-19 16:53:16.980,-0.145,0.195
2021-08-19 16:53:16.984,-0.26,0.26
2021-08-19 16:53:16.988,-0.29,0.225
2021-08-19 16:53:16.992,-0.12,0.025
2021-08-19 16:53:16.996,0.31,-0.12
2021-08-19 16:53:17.000,0.84,-0.25
2021-08-19 16:53:17.004,1.42,-0.51
2021-08-19 16:53:17.008,1.48,-0.845
2021-08-19 16:53:17.012,0.605,-1.05
2021-08-19 16:53:17.016,-0.11,-0.905
2021-08-19 16:53:17.020,-0.81,-0.47
2021-08-19 16:53:17.024,-0.985,-0.255
2021-08-19 16:53:17.028,-0.72,-0.125
2021-08-19 16:53:17.032,-0.54,-0.08
2021-08-19 16:53:17.036,-0.475,-0.09
2021-08-19 16:53:17.040,-0.395,-0.05
2021-08-19 16:53:17.044,-0.365,0.02
2021-08-19 16:53:17.048,-0.39,0.055
2021-08-19 16:53:17.052,-0.41,0.065
2021-08-19 16:53:17.056,-0.36,0.095
2021-08-19 16:53:17.060,-0.405,0.105
2021-08-19 16:53:17.064,-0.43,0.1
2021-08-19 16:53:17.068,-0.44,0.12
2021-08-19 16:53:17.072,-0.475,0.12
2021-08-19 16:53:17.076,-0.47,0.11
2021-08-19 16:53:17.080,-0.415,0.13
2021-08-19 16:53:17.084,-0.425,0.12
2021-08-19 16:53:17.088,-0.42,0.12
2021-08-19 16:53:17.092,-0.37,0.13
2021-08-19 16:53:17.096,-0.41,0.13
2021-08-19 16:53:17.100,-0.465,0.13
2021-08-19 16:53:17.104,-0.455,0.16
2021-08-19 16:53:17.108,-0.525,0.165
2021-08-19 16:53:17.112,-0.535,0.175
2021-08-19 16:53:17.116,-0.515,0.14
2021-08-19 16:53:17.120,-0.53,0.135
2021-08-19 16:53:17.124,-0.54,0.14
2021-08-19 16:53:17.128,-0.5,0.15
2021-08-19 16:53:17.132,-0.495,0.16
2021-08-19 16:53:17.136,-0.53,0.16
2021-08-19 16:53:17.140,-0.51,0.15
2021-08-19 16:53:17.144,-0.515,0.13
2021-08-19 16:53:17.148,-0.48,0.125
2021-08-19 16:53:17.152,-0.45,0.15
2021-08-19 16:53:17.156,-0.405,0.18
2021-08-19 16:53:17.160,-0.395,0.2
2021-08-19 16:53:17.164,-0.38,0.22
2021-08-19 16:53:17.168,-0.345,0.22
2021-08-19 16:53:17.172,-0.365,0.205
2021-08-19 16:53:17.176,-0.365,0.2
2021-08-19 16:53:17.180,-0.4,0.21
2021-08-19 16:53:17.184,-0.415,0.225
2021-08-19 16:53:17.188,-0.43,0.215
2021-08-19 16:53:17.192,-0.4,0.22
2021-08-19 16:53:17.196,-0.36,0.2
2021-08-19 16:53:17.200,-0.365,0.155
2021-08-19 16:53:17.204,-0.38,0.15
2021-08-19 16:53:17.208,-0.39,0.18
2021-08-19 16:53:17.212,-0.37,0.18
2021-08-19 16:53:17.216,-0.365,0.175
2021-08-19 16:53:17.220,-0.41,0.17
2021-08-19 16:53:17.224,-0.365,0.155
2021-08-19 16:53:17.228,-0.28,0.15
2021-08-19 16:53:17.232,-0.27,0.135
2021-08-19 16:53:17.236,-0.19,0.125
2021-08-19 16:53:17.240,-0.115,0.125
2021-08-19 16:53:17.244,-0.13,0.105
2021-08-19 16:53:17.248,-0.06,0.11
2021-08-19 16:53:17.252,-0.05,0.115
2021-08-19 16:53:17.256,-0.075,0.12
2021-08-19 16:53:17.260,-0.065,0.1
2021-08-19 16:53:17.264,-0.06,0.11
2021-08-19 16:53:17.268,-0.1,0.1
2021-08-19 16:53:17.272,-0.09,0.105
2021-08-19 16:53:17.276,-0.105,0.13
2021-08-19 16:53:17.280,-0.14,0.1
2021-08-19 16:53:17.284,-0.155,0.105
2021-08-19 16:53:17.288,-0.165,0.13
2021-08-19 16:53:17.292,-0.17,0.13
2021-08-19 16:53:17.296,-0.165,0.13
2021-08-19 16:53:17.300,-0.165,0.11
2021-08-19 16:53:17.304,-0.21,0.13
2021-08-19 16:53:17.308,-0.235,0.13
2021-08-19 16:53:17.312,-0.22,0.15
2021-08-19 16:53:17.316,-0.265,0.14
2021-08-19 16:53:17.320,-0.29,0.14
2021-08-19 16:53:17.324,-0.29,0.16
2021-08-19 16:53:17.328,-0.31,0.11
2021-08-19 16:53:17.332,-0.36,0.105
2021-08-19 16:53:17.336,-0.33,0.115
2021-08-19 16:53:17.340,-0.34,0.135
2021-08-19 16:53:17.344,-0.375,0.14
2021-08-19 16:53:17.348,-0.32,0.12
2021-08-19 16:53:17.352,-0.305,0.125
2021-08-19 16:53:17.356,-0.31,0.11
2021-08-19 16:53:17.360,-0.28,0.1
2021-08-19 16:53:17.364,-0.295,0.13
2021-08-19 16:53:17.368,-0.255,0.17
2021-08-19 16:53:17.372,-0.19,0.18
2021-08-19 16:53:17.376,-0.175,0.195
2021-08-19 16:53:17.380,-0.195,0.215
2021-08-19 16:53:17.384,-0.195,0.22
2021-08-19 16:53:17.388,-0.2,0.235
2021-08-19 16:53:17.392,-0.245,0.23
2021-08-19 16:53:17.396,-0.17,0.225
2021-08-19 16:53:17.400,-0.135,0.205
2021-08-19 16:53:17.404,-0.12,0.145
2021-08-19 16:53:17.408,-0.1,0.13
2021-08-19 16:53:17.412,-0.155,0.135
2021-08-19 16:53:17.416,-0.155,0.13
2021-08-19 16:53:17.420,-0.155,0.115
2021-08-19 16:53:17.424,-0.195,0.115
2021-08-19 16:53:17.428,-0.21,0.125
2021-08-19 16:53:17.432,-0.205,0.135
2021-08-19 16:53:17.436,-0.21,0.13
2021-08-19 16:53:17.440,-0.24,0.125
2021-08-19 16:53:17.444,-0.255,0.145
2021-08-19 16:53:17.448,-0.275,0.12
2021-08-19 16:53:17.452,-0.315,0.155
2021-08-19 16:53:17.456,-0.285,0.145
2021-08-19 16:53:17.460,-0.29,0.145
2021-08-19 16:53:17.464,-0.335,0.135
2021-08-19 16:53:17.468,-0.3,0.16
2021-08-19 16:53:17.472,-0.305,0.17
2021-08-19 16:53:17.476,-0.345,0.15
2021-08-19 16:53:17.480,-0.335,0.155
2021-08-19 16:53:17.484,-0.31,0.135
2021-08-19 16:53:17.488,-0.325,0.135
2021-08-19 16:53:17.492,-0.325,0.155
2021-08-19 16:53:17.496,-0.325,0.165
2021-08-19 16:53:17.500,-0.37,0.205
2021-08-19 16:53:17.504,-0.375,0.255
2021-08-19 16:53:17.508,-0.415,0.315
2021-08-19 16:53:17.512,-0.335,0.315
2021-08-19 16:53:17.516,0.005,0.145
2021-08-19 16:53:17.520,0.585,0.01
2021-08-19 16:53:17.524,1.16,-0.04
2021-08-19 16:53:17.528,1.67,-0.275
2021-08-19 16:53:17.532,1.705,-0.605
2021-08-19 16:53:17.536,0.885,-0.925
2021-08-19 16:53:17.540,-0.105,-0.925
2021-08-19 16:53:17.544,-0.955,-0.65
2021-08-19 16:53:17.548,-1.12,-0.485
2021-08-19 16:53:17.552,-0.995,-0.38
2021-08-19 16:53:17.556,-0.735,-0.165
2021-08-19 16:53:17.560,-0.66,-0.09
2021-08-19 16:53:17.564,-0.6,0.0
2021-08-19 16:53:17.568,-0.575,0.065
2021-08-19 16:53:17.572,-0.56,0.115
2021-08-19 16:53:17.576,-0.495,0.15
2021-08-19 16:53:17.580,-0.44,0.21
2021-08-19 16:53:17.584,-0.42,0.235
2021-08-19 16:53:17.588,-0.405,0.275
2021-08-19 16:53:17.592,-0.415,0.275
2021-08-19 16:53:17.596,-0.475,0.26
2021-08-19 16:53:17.600,-0.465,0.27
2021-08-19 16:53:17.604,-0.465,0.255
2021-08-19 16:53:17.608,-0.54,0.27
2021-08-19 16:53:17.612,-0.475,0.285
2021-08-19 16:53:17.616,-0.39,0.24
2021-08-19 16:53:17.620,-0.41,0.23
2021-08-19 16:53:17.624,-0.4,0.22
2021-08-19 16:53:17.628,-0.405,0.21
2021-08-19 16:53:17.632,-0.415,0.225
2021-08-19 16:53:17.636,-0.44,0.205
2021-08-19 16:53:17.640,-0.415,0.205
2021-08-19 16:53:17.644,-0.45,0.215
2021-08-19 16:53:17.648,-0.44,0.21
2021-08-19 16:53:17.652,-0.425,0.21
2021-08-19 16:53:17.656,-0.425,0.205
2021-08-19 16:53:17.660,-0.43,0.19
2021-08-19 16:53:17.664,-0.41,0.195
2021-08-19 16:53:17.668,-0.45,0.205
2021-08-19 16:53:17.672,-0.45,0.205
2021-08-19 16:53:17.676,-0.44,0.2
2021-08-19 16:53:17.680,-0.41,0.21
2021-08-19 16:53:17.684,-0.41,0.19
2021-08-19 16:53:17.688,-0.385,0.2
2021-08-19 16:53:17.692,-0.415,0.185
2021-08-19 16:53:17.696,-0.405,0.19
2021-08-19 16:53:17.700,-0.395,0.225
2021-08-19 16:53:17.704,-0.395,0.2
2021-08-19 16:53:17.708,-0.395,0.2
2021-08-19 16:53:17.712,-0.38,0.205
2021-08-19 16:53:17.716,-0.43,0.185
2021-08-19 16:53:17.720,-0.435,0.18
2021-08-19 16:53:17.724,-0.445,0.2
2021-08-19 16:53:17.728,-0.445,0.2
2021-08-19 16:53:17.732,-0.45,0.185
2021-08-19 16:53:17.736,-0.465,0.2
2021-08-19 16:53:17.740,-0.485,0.205
2021-08-19 16:53:17.744,-0.505,0.21
2021-08-19 16:53:17.748,-0.485,0.2
2021-08-19 16:53:17.752,-0.515,0.215
2021-08-19 16:53:17.756,-0.515,0.17
2021-08-19 16:53:17.760,-0.46,0.14
2021-08-19 16:53:17.764,-0.385,0.165
2021-08-19 16:53:17.768,-0.35,0.18
2021-08-19 16:53:17.772,-0.315,0.155
2021-08-19 16:53:17.776,-0.29,0.18
2021-08-19 16:53:17.780,-0.28,0.145
2021-08-19 16:53:17.784,-0.25,0.135
2021-08-19 16:53:17.788,-0.24,0.145
2021-08-19 16:53:17.792,-0.265,0.17
2021-08-19 16:53:17.796,-0.215,0.23
2021-08-19 16:53:17.800,-0.195,0.255
2021-08-19 16:53:17.804,-0.245,0.27
2021-08-19 16:53:17.808,-0.235,0.245
2021-08-19 16:53:17.812,-0.29,0.25
2021-08-19 16:53:17.816,-0.34,0.275
2021-08-19 16:53:17.820,-0.325,0.24
2021-08-19 16:53:17.824,-0.26,0.215
2021-08-19 16:53:17.828,-0.245,0.195
2021-08-19 16:53:17.832,-0.265,0.19
2021-08-19 16:53:17.836,-0.265,0.17
2021-08-19 16:53:17.840,-0.29,0.195
2021-08-19 16:53:17.844,-0.29,0.185
2021-08-19 16:53:17.848,-0.28,0.175
2021-08-19 16:53:17.852,-0.34,0.18
2021-08-19 16:53:17.856,-0.34,0.185
2021-08-19 16:53:17.860,-0.275,0.17
2021-08-19 16:53:17.864,-0.275,0.165
2021-08-19 16:53:17.868,-0.27,0.175
2021-08-19 16:53:17.872,-0.295,0.2
2021-08-19 16:53:17.876,-0.34,0.19
2021-08-19 16:53:17.880,-0.32,0.2
2021-08-19 16:53:17.884,-0.32,0.18
2021-08-19 16:53:17.888,-0.315,0.185
2021-08-19 16:53:17.892,-0.31,0.185
2021-08-19 16:53:17.896,-0.285,0.195
2021-08-19 16:53:17.900,-0.275,0.175
2021-08-19 16:53:17.904,-0.285,0.18
2021-08-19 16:53:17.908,-0.235,0.175
2021-08-19 16:53:17.912,-0.255,0.17
2021-08-19 16:53:17.916,-0.29,0.18
2021-08-19 16:53:17.920,-0.3,0.165
2021-08-19 16:53:17.924,-0.3,0.165
2021-08-19 16:53:17.928,-0.315,0.175
2021-08-19 16:53:17.932,-0.29,0.185
2021-08-19 16:53:17.936,-0.32,0.19
2021-08-19 16:53:17.940,-0.33,0.195
2021-08-19 16:53:17.944,-0.37,0.19
2021-08-19 16:53:17.948,-0.415,0.19
2021-08-19 16:53:17.952,-0.48,0.195
2021-08-19 16:53:17.956,-0.475,0.195
2021-08-19 16:53:17.960,-0.5,0.18
2021-08-19 16:53:17.964,-0.465,0.18
2021-08-19 16:53:17.968,-0.45,0.2
2021-08-19 16:53:17.972,-0.475,0.21
2021-08-19 16:53:17.976,-0.47,0.19
2021-08-19 16:53:17.980,-0.475,0.185
2021-08-19 16:53:17.984,-0.48,0.205
2021-08-19 16:53:17.988,-0.49,0.175
2021-08-19 16:53:17.992,-0.45,0.2
2021-08-19 16:53:17.996,-0.41,0.215
2021-08-19 16:53:18.000,-0.42,0.235
2021-08-19 16:53:18.004,-0.395,0.245
2021-08-19 16:53:18.008,-0.4,0.245
2021-08-19 16:53:18.012,-0.395,0.26
2021-08-19 16:53:18.016,-0.41,0.275
2021-08-19 16:53:18.020,-0.44,0.29
2021-08-19 16:53:18.024,-0.475,0.275
2021-08-19 16:53:18.028,-0.395,0.27
2021-08-19 16:53:18.032,-0.32,0.22
2021-08-19 16:53:18.036,-0.295,0.185
2021-08-19 16:53:18.040,-0.285,0.175
2021-08-19 16:53:18.044,-0.32,0.19
2021-08-19 16:53:18.048,-0.36,0.185
2021-08-19 16:53:18.052,-0.31,0.19
2021-08-19 16:53:18.056,-0.34,0.17
2021-08-19 16:53:18.060,-0.37,0.185
2021-08-19 16:53:18.064,-0.37,0.19
2021-08-19 16:53:18.068,-0.385,0.26
2021-08-19 16:53:18.072,-0.385,0.325
2021-08-19 16:53:18.076,-0.325,0.355
2021-08-19 16:53:18.080,-0.125,0.24
2021-08-19 16:53:18.084,0.34,0.055
2021-08-19 16:53:18.088,0.94,-0.045
2021-08-19 16:53:18.092,1.47,-0.225
2021-08-19 16:53:18.096,1.585,-0.625
2021-08-19 16:53:18.100,0.905,-0.99
2021-08-19 16:53:18.104,-0.045,-1.055
2021-08-19 16:53:18.108,-0.915,-0.815
2021-08-19 16:53:18.112,-1.235,-0.635
2021-08-19 16:53:18.116,-1.12,-0.54
2021-08-19 16:53:18.120,-0.84,-0.275
2021-08-19 16:53:18.124,-0.67,-0.155
2021-08-19 16:53:18.128,-0.64,-0.07
2021-08-19 16:53:18.132,-0.62,-0.005
2021-08-19 16:53:18.136,-0.575,0.095
2021-08-19 16:53:18.140,-0.53,0.125
2021-08-19 16:53:18.144,-0.555,0.155
2021-08-19 16:53:18.148,-0.555,0.2
2021-08-19 16:53:18.152,-0.565,0.21
2021-08-19 16:53:18.156,-0.595,0.205
2021-08-19 16:53:18.160,-0.605,0.22
2021-08-19 16:53:18.164,-0.625,0.215
2021-08-19 16:53:18.168,-0.65,0.195
2021-08-19 16:53:18.172,-0.65,0.22
2021-08-19 16:53:18.176,-0.635,0.195
2021-08-19 16:53:18.180,-0.63,0.205
2021-08-19 16:53:18.184,-0.6,0.23
2021-08-19 16:53:18.188,-0.6,0.215
2021-08-19 16:53:18.192,-0.62,0.185
2021-08-19 16:53:18.196,-0.57,0.17
2021-08-19 16:53:18.200,-0.575,0.185
2021-08-19 16:53:18.204,-0.575,0.165
2021-08-19 16:53:18.208,-0.55,0.2
2021-08-19 16:53:18.212,-0.495,0.235
2021-08-19 16:53:18.216,-0.485,0.25
2021-08-19 16:53:18.220,-0.46,0.24
2021-08-19 16:53:18.224,-0.44,0.215
2021-08-19 16:53:18.228,-0.435,0.215
2021-08-19 16:53:18.232,-0.415,0.195
2021-08-19 16:53:18.236,-0.395,0.205
2021-08-19 16:53:18.240,-0.35,0.205
2021-08-19 16:53:18.244,-0.32,0.22
2021-08-19 16:53:18.248,-0.305,0.215
2021-08-19 16:53:18.252,-0.33,0.21
2021-08-19 16:53:18.256,-0.31,0.21
2021-08-19 16:53:18.260,-0.3,0.205
2021-08-19 16:53:18.264,-0.295,0.18
2021-08-19 16:53:18.268,-0.3,0.175
2021-08-19 16:53:18.272,-0.255,0.19
2021-08-19 16:53:18.276,-0.255,0.195
2021-08-19 16:53:18.280,-0.235,0.175
2021-08-19 16:53:18.284,-0.22,0.17
2021-08-19 16:53:18.288,-0.235,0.165
2021-08-19 16:53:18.292,-0.26,0.15
2021-08-19 16:53:18.296,-0.25,0.17
2021-08-19 16:53:18.300,-0.265,0.175
2021-08-19 16:53:18.304,-0.27,0.15
2021-08-19 16:53:18.308,-0.22,0.16
2021-08-19 16:53:18.312,-0.175,0.145
2021-08-19 16:53:18.316,-0.185,0.145
2021-08-19 16:53:18.320,-0.155,0.13
2021-08-19 16:53:18.324,-0.155,0.125
2021-08-19 16:53:18.328,-0.145,0.13
2021-08-19 16:53:18.332,-0.1,0.125
2021-08-19 16:53:18.336,-0.095,0.12
2021-08-19 16:53:18.340,-0.075,0.11
2021-08-19 16:53:18.344,-0.055,0.135
2021-08-19 16:53:18.348,-0.075,0.145
2021-08-19 16:53:18.352,-0.125,0.14
2021-08-19 16:53:18.356,-0.11,0.15
2021-08-19 16:53:18.360,-0.15,0.15
2021-08-19 16:53:18.364,-0.19,0.155
2021-08-19 16:53:18.368,-0.22,0.175
2021-08-19 16:53:18.372,-0.26,0.17
2021-08-19 16:53:18.376,-0.33,0.175
2021-08-19 16:53:18.380,-0.37,0.15
2021-08-19 16:53:18.384,-0.41,0.13
2021-08-19 16:53:18.388,-0.47,0.1
2021-08-19 16:53:18.392,-0.445,0.1
2021-08-19 16:53:18.396,-0.42,0.105
2021-08-19 16:53:18.400,-0.455,0.09
2021-08-19 16:53:18.404,-0.475,0.09
2021-08-19 16:53:18.408,-0.48,0.075
2021-08-19 16:53:18.412,-0.51,0.065
2021-08-19 16:53:18.416,-0.46,0.07
2021-08-19 16:53:18.420,-0.38,0.09
2021-08-19 16:53:18.424,-0.315,0.11
2021-08-19 16:53:18.428,-0.27,0.115
2021-08-19 16:53:18.432,-0.245,0.145
2021-08-19 16:53:18.436,-0.25,0.17
2021-08-19 16:53:18.440,-0.24,0.21
2021-08-19 16:53:18.444,-0.24,0.295
2021-08-19 16:53:18.448,-0.3,0.35
2021-08-19 16:53:18.452,-0.15,0.205
2021-08-19 16:53:18.456,0.385,-0.005
2021-08-19 16:53:18.460,1.055,-0.16
2021-08-19 16:53:18.464,1.64,-0.325
2021-08-19 16:53:18.468,1.855,-0.625
2021-08-19 16:53:18.472,1.405,-0.9
2021-08-19 16:53:18.476,0.485,-0.88
2021-08-19 16:53:18.480,-0.38,-0.64
2021-08-19 16:53:18.484,-0.625,-0.52
2021-08-19 16:53:18.488,-0.69,-0.425
2021-08-19 16:53:18.492,-0.5,-0.21
2021-08-19 16:53:18.496,-0.4,-0.095
2021-08-19 16:53:18.500,-0.33,0.025
2021-08-19 16:53:18.504,-0.275,0.1
2021-08-19 16:53:18.508,-0.305,0.145
2021-08-19 16:53:18.512,-0.295,0.165
2021-08-19 16:53:18.516,-0.235,0.18
2021-08-19 16:53:18.520,-0.27,0.205
2021-08-19 16:53:18.524,-0.34,0.205
2021-08-19 16:53:18.528,-0.39,0.23
2021-08-19 16:53:18.532,-0.42,0.23
2021-08-19 16:53:18.536,-0.4,0.225
2021-08-19 16:53:18.540,-0.36,0.235
2021-08-19 16:53:18.544,-0.37,0.23
2021-08-19 16:53:18.548,-0.385,0.225
2021-08-19 16:53:18.552,-0.39,0.22
2021-08-19 16:53:18.556,-0.365,0.22
2021-08-19 16:53:18.560,-0.375,0.225
2021-08-19 16:53:18.564,-0.35,0.225
2021-08-19 16:53:18.568,-0.34,0.22
2021-08-19 16:53:18.572,-0.365,0.195
2021-08-19 16:53:18.576,-0.33,0.225
2021-08-19 16:53:18.580,-0.36,0.22
2021-08-19 16:53:18.584,-0.4,0.22
2021-08-19 16:53:18.588,-0.41,0.215
2021-08-19 16:53:18.592,-0.41,0.23
2021-08-19 16:53:18.596,-0.42,0.19
2021-08-19 16:53:18.600,-0.44,0.17
2021-08-19 16:53:18.604,-0.48,0.17
2021-08-19 16:53:18.608,-0.435,0.155
2021-08-19 16:53:18.612,-0.355,0.15
2021-08-19 16:53:18.616,-0.315,0.165
2021-08-19 16:53:18.620,-0.325,0.165
2021-08-19 16:53:18.624,-0.285,0.16
2021-08-19 16:53:18.628,-0.25,0.14
2021-08-19 16:53:18.632,-0.22,0.14
2021-08-19 16:53:18.636,-0.15,0.17
2021-08-19 16:53:18.640,-0.095,0.185
2021-08-19 16:53:18.644,-0.08,0.2
2021-08-19 16:53:18.648,-0.04,0.185
2021-08-19 16:53:18.652,-0.03,0.155
2021-08-19 16:53:18.656,-0.045,0.14
2021-08-19 16:53:18.660,0.005,0.145
2021-08-19 16:53:18.664,0.055,0.165
2021-08-19 16:53:18.668,0.095,0.13
2021-08-19 16:53:18.672,0.125,0.1
2021-08-19 16:53:18.676,0.19,0.06
2021-08-19 16:53:18.680,0.21,0.045
2021-08-19 16:53:18.684,0.225,0.05
2021-08-19 16:53:18.688,0.275,0.045
2021-08-19 16:53:18.692,0.24,0.06
2021-08-19 16:53:18.696,0.23,0.05
2021-08-19 16:53:18.700,0.22,0.05
2021-08-19 16:53:18.704,0.155,0.07
2021-08-19 16:53:18.708,0.105,0.075
2021-08-19 16:53:18.712,0.075,0.09
2021-08-19 16:53:18.716,0.03,0.085
2021-08-19 16:53:18.720,0.02,0.1
2021-08-19 16:53:18.724,-0.02,0.115
2021-08-19 16:53:18.728,-0.04,0.1
2021-08-19 16:53:18.732,-0.05,0.11
2021-08-19 16:53:18.736,-0.04,0.145
2021-08-19 16:53:18.740,-0.065,0.14
2021-08-19 16:53:18.744,-0.06,0.13
2021-08-19 16:53:18.748,-0.045,0.135
2021-08-19 16:53:18.752,-0.06,0.14
2021-08-19 16:53:18.756,-0.075,0.155
2021-08-19 16:53:18.760,-0.055,0.235
2021-08-19 16:53:18.764,-0.11,0.27
2021-08-19 16:53:18.768,-0.025,0.2
2021-08-19 16:53:18.772,0.375,-0.04
2021-08-19 16:53:18.776,0.94,-0.205
2021-08-19 16:53:18.780,1.4,-0.355
2021-08-19 16:53:18.784,1.675,-0.655
2021-08-19 16:53:18.788,1.4,-0.885
2021-08-19 16:53:18.792,0.62,-0.905
2021-08-19 16:53:18.796,-0.1,-0.455
2021-08-19 16:53:18.800,-0.435,-0.1
2021-08-19 16:53:18.804,-0.455,-0.13
2021-08-19 16:53:18.808,-0.425,-0.11
2021-08-19 16:53:18.812,-0.345,-0.06
2021-08-19 16:53:18.816,-0.345,-0.02
2021-08-19 16:53:18.820,-0.315,0.075
2021-08-19 16:53:18.824,-0.335,0.125
2021-08-19 16:53:18.828,-0.375,0.125
2021-08-19 16:53:18.832,-0.39,0.135
2021-08-19 16:53:18.836,-0.4,0.16
2021-08-19 16:53:18.840,-0.4,0.18
2021-08-19 16:53:18.844,-0.355,0.215
2021-08-19 16:53:18.848,-0.295,0.25
2021-08-19 16:53:18.852,-0.3,0.265
2021-08-19 16:53:18.856,-0.27,0.28
2021-08-19 16:53:18.860,-0.285,0.275
2021-08-19 16:53:18.864,-0.335,0.27
2021-08-19 16:53:18.868,-0.29,0.275
2021-08-19 16:53:18.872,-0.245,0.285
2021-08-19 16:53:18.876,-0.27,0.285
2021-08-19 16:53:18.880,-0.225,0.26
2021-08-19 16:53:18.884,-0.21,0.22
2021-08-19 16:53:18.888,-0.225,0.215
2021-08-19 16:53:18.892,-0.25,0.2
2021-08-19 16:53:18.896,-0.265,0.18
2021-08-19 16:53:18.900,-0.265,0.19
2021-08-19 16:53:18.904,-0.235,0.175
2021-08-19 16:53:18.908,-0.235,0.195
2021-08-19 16:53:18.912,-0.27,0.175
2021-08-19 16:53:18.916,-0.265,0.19
2021-08-19 16:53:18.920,-0.255,0.185
2021-08-19 16:53:18.924,-0.255,0.17
2021-08-19 16:53:18.928,-0.26,0.16
2021-08-19 16:53:18.932,-0.2,0.145
2021-08-19 16:53:18.936,-0.24,0.15
2021-08-19 16:53:18.940,-0.25,0.14
2021-08-19 16:53:18.944,-0.225,0.155
2021-08-19 16:53:18.948,-0.24,0.13
2021-08-19 16:53:18.952,-0.26,0.15
2021-08-19 16:53:18.956,-0.24,0.145
2021-08-19 16:53:18.960,-0.24,0.13
2021-08-19 16:53:18.964,-0.24,0.12
2021-08-19 16:53:18.968,-0.205,0.125
2021-08-19 16:53:18.972,-0.21,0.12
2021-08-19 16:53:18.976,-0.195,0.115
2021-08-19 16:53:18.980,-0.16,0.12
2021-08-19 16:53:18.984,-0.185,0.125
2021-08-19 16:53:18.988,-0.165,0.1
2021-08-19 16:53:18.992,-0.125,0.1
2021-08-19 16:53:18.996,-0.135,0.095
2021-08-19 16:53:19.000,-0.11,0.09
2021-08-19 16:53:19.004,-0.065,0.085
2021-08-19 16:53:19.008,-0.035,0.075
2021-08-19 16:53:19.012,-0.065,0.055
2021-08-19 16:53:19.016,-0.09,0.07
2021-08-19 16:53:19.020,-0.115,0.06
2021-08-19 16:53:19.024,-0.095,0.06
2021-08-19 16:53:19.028,-0.09,0.075
2021-08-19 16:53:19.032,-0.105,0.07
2021-08-19 16:53:19.036,-0.15,0.045
2021-08-19 16:53:19.040,-0.11,0.035
2021-08-19 16:53:19.044,-0.115,0.05
2021-08-19 16:53:19.048,-0.11,0.06
2021-08-19 16:53:19.052,-0.02,0.1
2021-08-19 16:53:19.056,0.01,0.095
2021-08-19 16:53:19.060,0.005,0.1
2021-08-19 16:53:19.064,-0.04,0.12
2021-08-19 16:53:19.068,-0.07,0.135
2021-08-19 16:53:19.072,-0.1,0.12
2021-08-19 16:53:19.076,-0.075,0.115
2021-08-19 16:53:19.080,-0.08,0.1
2021-08-19 16:53:19.084,-0.065,0.085
2021-08-19 16:53:19.088,-0.005,0.06
2021-08-19 16:53:19.092,0.005,0.045
2021-08-19 16:53:19.096,-0.02,0.03
2021-08-19 16:53:19.100,-0.02,0.04
2021-08-19 16:53:19.104,-0.02,0.035
2021-08-19 16:53:19.108,-0.05,0.02
2021-08-19 16:53:19.112,-0.05,0.025
2021-08-19 16:53:19.116,-0.04,0.04
2021-08-19 16:53:19.120,-0.06,0.03
2021-08-19 16:53:19.124,-0.045,0.03
2021-08-19 16:53:19.128,-0.055,0.04
2021-08-19 16:53:19.132,-0.105,0.025
2021-08-19 16:53:19.136,-0.095,0.02
2021-08-19 16:53:19.140,-0.105,0.04
2021-08-19 16:53:19.144,-0.115,0.035
2021-08-19 16:53:19.148,-0.11,0.04
2021-08-19 16:53:19.152,-0.15,0.035
2021-08-19 16:53:19.156,-0.17,0.03
2021-08-19 16:53:19.160,-0.18,0.05
2021-08-19 16:53:19.164,-0.16,0.055
2021-08-19 16:53:19.168,-0.185,0.055
2021-08-19 16:53:19.172,-0.195,0.065
2021-08-19 16:53:19.176,-0.215,0.055
2021-08-19 16:53:19.180,-0.235,0.05
2021-08-19 16:53:19.184,-0.245,0.06
2021-08-19 16:53:19.188,-0.24,0.055
2021-08-19 16:53:19.192,-0.265,0.05
2021-08-19 16:53:19.196,-0.235,0.05
2021-08-19 16:53:19.200,-0.2,0.055
2021-08-19 16:53:19.204,-0.215,0.045
2021-08-19 16:53:19.208,-0.24,0.05
2021-08-19 16:53:19.212,-0.34,0.06
2021-08-19 16:53:19.216,-0.445,0.04
2021-08-19 16:53:19.220,-0.47,0.045
2021-08-19 16:53:19.224,-0.47,0.025
2021-08-19 16:53:19.228,-0.47,0.04
2021-08-19 16:53:19.232,-0.455,0.055
2021-08-19 16:53:19.236,-0.4,0.065
2021-08-19 16:53:19.240,-0.41,0.06
2021-08-19 16:53:19.244,-0.425,0.065
2021-08-19 16:53:19.248,-0.39,0.04
2021-08-19 16:53:19.252,-0.405,0.045
2021-08-19 16:53:19.256,-0.43,0.045
2021-08-19 16:53:19.260,-0.395,0.055
2021-08-19 16:53:19.264,-0.365,0.095
2021-08-19 16:53:19.268,-0.365,0.12
2021-08-19 16:53:19.272,-0.29,0.125
2021-08-19 16:53:19.276,-0.285,0.135
2021-08-19 16:53:19.280,-0.28,0.14
2021-08-19 16:53:19.284,-0.32,0.135
2021-08-19 16:53:19.288,-0.32,0.14
2021-08-19 16:53:19.292,-0.325,0.125
2021-08-19 16:53:19.296,-0.295,0.13
2021-08-19 16:53:19.300,-0.225,0.115
2021-08-19 16:53:19.304,-0.205,0.06
2021-08-19 16:53:19.308,-0.215,0.055
2021-08-19 16:53:19.312,-0.23,0.055
2021-08-19 16:53:19.316,-0.28,0.075
2021-08-19 16:53:19.320,-0.295,0.065
2021-08-19 16:53:19.324,-0.3,0.045
2021-08-19 16:53:19.328,-0.29,0.045
2021-08-19 16:53:19.332,-0.29,0.045
2021-08-19 16:53:19.336,-0.32,0.04
2021-08-19 16:53:19.340,-0.38,0.03
2021-08-19 16:53:19.344,-0.345,0.03
2021-08-19 16:53:19.348,-0.32,0.055
2021-08-19 16:53:19.352,-0.365,0.04
2021-08-19 16:53:19.356,-0.35,0.05
2021-08-19 16:53:19.360,-0.33,0.04
2021-08-19 16:53:19.364,-0.36,0.035
2021-08-19 16:53:19.368,-0.375,0.035
2021-08-19 16:53:19.372,-0.35,0.03
2021-08-19 16:53:19.376,-0.39,0.02
2021-08-19 16:53:19.380,-0.37,0.035
2021-08-19 16:53:19.384,-0.38,0.045
2021-08-19 16:53:19.388,-0.395,0.045
2021-08-19 16:53:19.392,-0.38,0.035
2021-08-19 16:53:19.396,-0.385,0.035
2021-08-19 16:53:19.400,-0.4,0.045
2021-08-19 16:53:19.404,-0.39,0.02
2021-08-19 16:53:19.408,-0.35,0.03
2021-08-19 16:53:19.412,-0.37,0.03
2021-08-19 16:53:19.416,-0.375,0.02
2021-08-19 16:53:19.420,-0.355,0.03
2021-08-19 16:53:19.424,-0.36,0.02
2021-08-19 16:53:19.428,-0.39,0.03
2021-08-19 16:53:19.432,-0.425,0.055
2021-08-19 16:53:19.436,-0.495,0.095
2021-08-19 16:53:19.440,-0.535,0.125
2021-08-19 16:53:19.444,-0.505,0.145
2021-08-19 16:53:19.448,-0.345,0.06
2021-08-19 16:53:19.452,0.065,-0.12
2021-08-19 16:53:19.456,0.595,-0.215
2021-08-19 16:53:19.460,1.15,-0.345
2021-08-19 16:53:19.464,1.605,-0.595
2021-08-19 16:53:19.468,1.46,-0.87
2021-08-19 16:53:19.472,0.635,-1.03
2021-08-19 16:53:19.476,-0.13,-0.82
2021-08-19 16:53:19.480,-0.695,-0.475
2021-08-19 16:53:19.484,-0.765,-0.32
2021-08-19 16:53:19.488,-0.64,-0.23
2021-08-19 16:53:19.492,-0.52,-0.155
2021-08-19 16:53:19.496,-0.485,-0.16
2021-08-19 16:53:19.500,-0.45,-0.09
2021-08-19 16:53:19.504,-0.405,-0.04
2021-08-19 16:53:19.508,-0.455,0.02
2021-08-19 16:53:19.512,-0.47,0.02
2021-08-19 16:53:19.516,-0.42,0.04
2021-08-19 16:53:19.520,-0.425,0.06
2021-08-19 16:53:19.524,-0.405,0.025
2021-08-19 16:53:19.528,-0.36,0.01
2021-08-19 16:53:19.532,-0.35,0.02
2021-08-19 16:53:19.536,-0.385,0.035
2021-08-19 16:53:19.540,-0.385,0.03
2021-08-19 16:53:19.544,-0.375,0.035
2021-08-19 16:53:19.548,-0.395,0.015
2021-08-19 16:53:19.552,-0.44,0.03
2021-08-19 16:53:19.556,-0.435,0.025
2021-08-19 16:53:19.560,-0.46,0.015
2021-08-19 16:53:19.564,-0.47,0.015
2021-08-19 16:53:19.568,-0.44,0.01
2021-08-19 16:53:19.572,-0.45,0.0
2021-08-19 16:53:19.576,-0.455,0.015
2021-08-19 16:53:19.580,-0.45,0.02
2021-08-19 16:53:19.584,-0.425,-0.005
2021-08-19 16:53:19.588,-0.46,0.03
2021-08-19 16:53:19.592,-0.475,0.03
2021-08-19 16:53:19.596,-0.44,0.02
2021-08-19 16:53:19.600,-0.43,0.0
2021-08-19 16:53:19.604,-0.41,0.015
2021-08-19 16:53:19.608,-0.435,0.0
2021-08-19 16:53:19.612,-0.43,-0.015
2021-08-19 16:53:19.616,-0.42,0.0
2021-08-19 16:53:19.620,-0.45,0.0
2021-08-19 16:53:19.624,-0.455,0.0
2021-08-19 16:53:19.628,-0.42,0.005
2021-08-19 16:53:19.632,-0.45,0.005
2021-08-19 16:53:19.636,-0.46,0.01
2021-08-19 16:53:19.640,-0.44,-0.005
2021-08-19 16:53:19.644,-0.49,0.0
2021-08-19 16:53:19.648,-0.51,-0.02
2021-08-19 16:53:19.652,-0.545,-0.005
2021-08-19 16:53:19.656,-0.575,-0.025
2021-08-19 16:53:19.660,-0.615,-0.035
2021-08-19 16:53:19.664,-0.555,-0.02
2021-08-19 16:53:19.668,-0.555,-0.01
2021-08-19 16:53:19.672,-0.585,0.005
2021-08-19 16:53:19.676,-0.57,0.0
2021-08-19 16:53:19.680,-0.565,-0.01
2021-08-19 16:53:19.684,-0.59,-0.02
2021-08-19 16:53:19.688,-0.575,-0.005
2021-08-19 16:53:19.692,-0.58,0.01
2021-08-19 16:53:19.696,-0.525,0.05
2021-08-19 16:53:19.700,-0.46,0.065
2021-08-19 16:53:19.704,-0.4,0.065
2021-08-19 16:53:19.708,-0.37,0.06
2021-08-19 16:53:19.712,-0.33,0.03
2021-08-19 16:53:19.716,-0.295,0.015
2021-08-19 16:53:19.720,-0.285,0.025
2021-08-19 16:53:19.724,-0.26,0.0
2021-08-19 16:53:19.728,-0.245,-0.01
2021-08-19 16:53:19.732,-0.18,-0.01
2021-08-19 16:53:19.736,-0.135,-0.04
2021-08-19 16:53:19.740,-0.09,-0.065
2021-08-19 16:53:19.744,-0.065,-0.055
2021-08-19 16:53:19.748,-0.095,-0.06
2021-08-19 16:53:19.752,-0.095,-0.05
2021-08-19 16:53:19.756,-0.16,-0.04
2021-08-19 16:53:19.760,-0.21,-0.045
2021-08-19 16:53:19.764,-0.18,-0.045
2021-08-19 16:53:19.768,-0.22,-0.04
2021-08-19 16:53:19.772,-0.255,-0.02
2021-08-19 16:53:19.776,-0.25,-0.02
2021-08-19 16:53:19.780,-0.245,-0.045
2021-08-19 16:53:19.784,-0.25,-0.035
2021-08-19 16:53:19.788,-0.26,-0.02
2021-08-19 16:53:19.792,-0.28,-0.02
2021-08-19 16:53:19.796,-0.24,-0.045
2021-08-19 16:53:19.800,-0.205,-0.015
2021-08-19 16:53:19.804,-0.255,-0.03
2021-08-19 16:53:19.808,-0.27,-0.01
2021-08-19 16:53:19.812,-0.235,0.0
2021-08-19 16:53:19.816,-0.245,-0.02
2021-08-19 16:53:19.820,-0.26,-0.02
2021-08-19 16:53:19.824,-0.23,-0.025
2021-08-19 16:53:19.828,-0.235,-0.025
2021-08-19 16:53:19.832,-0.215,-0.015
2021-08-19 16:53:19.836,-0.225,-0.025
2021-08-19 16:53:19.840,-0.235,-0.02
2021-08-19 16:53:19.844,-0.24,-0.02
2021-08-19 16:53:19.848,-0.235,-0.02
2021-08-19 16:53:19.852,-0.285,-0.02
2021-08-19 16:53:19.856,-0.32,-0.015
2021-08-19 16:53:19.860,-0.32,-0.02
2021-08-19 16:53:19.864,-0.325,-0.01
2021-08-19 16:53:19.868,-0.36,-0.01
2021-08-19 16:53:19.872,-0.34,0.03
2021-08-19 16:53:19.876,-0.3,0.09
2021-08-19 16:53:19.880,-0.12,0.02
2021-08-19 16:53:19.884,0.375,-0.18
2021-08-19 16:53:19.888,1.035,-0.325
2021-08-19 16:53:19.892,1.63,-0.465
2021-08-19 16:53:19.896,1.975,-0.655
2021-08-19 16:53:19.900,1.705,-0.82
2021-08-19 16:53:19.904,0.74,-0.835
2021-08-19 16:53:19.908,-0.165,-0.46
2021-08-19 16:53:19.912,-0.55,-0.145
2021-08-19 16:53:19.916,-0.525,-0.145
2021-08-19 16:53:19.920,-0.475,-0.085
2021-08-19 16:53:19.924,-0.41,-0.105
2021-08-19 16:53:19.928,-0.335,-0.1
2021-08-19 16:53:19.932,-0.27,-0.045
2021-08-19 16:53:19.936,-0.23,-0.02
2021-08-19 16:53:19.940,-0.265,-0.02
2021-08-19 16:53:19.944,-0.32,-0.01
2021-08-19 16:53:19.948,-0.36,0.0
2021-08-19 16:53:19.952,-0.38,0.0
2021-08-19 16:53:19.956,-0.385,-0.015
2021-08-19 16:53:19.960,-0.33,0.0
2021-08-19 16:53:19.964,-0.365,-0.02
2021-08-19 16:53:19.968,-0.395,-0.025
2021-08-19 16:53:19.972,-0.38,0.0
2021-08-19 16:53:19.976,-0.39,0.005
2021-08-19 16:53:19.980,-0.405,-0.005
2021-08-19 16:53:19.984,-0.38,0.005
2021-08-19 16:53:19.988,-0.385,0.0
2021-08-19 16:53:19.992,-0.385,-0.01
2021-08-19 16:53:19.996,-0.38,-0.015
2021-08-19 16:53:20.000,-0.37,-0.02
2021-08-19 16:53:20.004,-0.375,-0.02
2021-08-19 16:53:20.008,-0.34,0.0
2021-08-19 16:53:20.012,-0.36,-0.005
2021-08-19 16:53:20.016,-0.375,-0.015
2021-08-19 16:53:20.020,-0.33,-0.015
2021-08-19 16:53:20.024,-0.33,0.0
2021-08-19 16:53:20.028,-0.35,-0.015
2021-08-19 16:53:20.032,-0.32,-0.015
2021-08-19 16:53:20.036,-0.305,-0.02
2021-08-19 16:53:20.040,-0.31,-0.03
2021-08-19 16:53:20.044,-0.29,-0.04
2021-08-19 16:53:20.048,-0.25,-0.025
2021-08-19 16:53:20.052,-0.235,-0.035
2021-08-19 16:53:20.056,-0.23,-0.035
2021-08-19 16:53:20.060,-0.22,-0.05
2021-08-19 16:53:20.064,-0.24,-0.07
2021-08-19 16:53:20.068,-0.24,-0.05
2021-08-19 16:53:20.072,-0.26,-0.06
2021-08-19 16:53:20.076,-0.3,-0.075
2021-08-19 16:53:20.080,-0.285,-0.09
2021-08-19 16:53:20.084,-0.185,-0.09
2021-08-19 16:53:20.088,-0.16,-0.06
2021-08-19 16:53:20.092,-0.145,-0.06
2021-08-19 16:53:20.096,-0.14,-0.06
2021-08-19 16:53:20.100,-0.125,-0.075
2021-08-19 16:53:20.104,-0.085,-0.085
2021-08-19 16:53:20.108,-0.01,-0.09
2021-08-19 16:53:20.112,0.05,-0.085
2021-08-19 16:53:20.116,0.12,-0.045
2021-08-19 16:53:20.120,0.205,-0.02
2021-08-19 16:53:20.124,0.195,-0.005
2021-08-19 16:53:20.128,0.16,-0.005
2021-08-19 16:53:20.132,0.155,0.01
2021-08-19 16:53:20.136,0.13,0.015
2021-08-19 16:53:20.140,0.105,0.015
2021-08-19 16:53:20.144,0.09,0.01
2021-08-19 16:53:20.148,0.055,0.0
2021-08-19 16:53:20.152,0.05,0.0
2021-08-19 16:53:20.156,0.03,0.005
2021-08-19 16:53:20.160,0.0,-0.02
2021-08-19 16:53:20.164,-0.05,-0.015
2021-08-19 16:53:20.168,-0.045,-0.035
2021-08-19 16:53:20.172,-0.07,-0.005
2021-08-19 16:53:20.176,-0.105,-0.025
2021-08-19 16:53:20.180,-0.075,-0.01
2021-08-19 16:53:20.184,-0.09,-0.025
2021-08-19 16:53:20.188,-0.1,-0.045
2021-08-19 16:53:20.192,-0.1,-0.035
2021-08-19 16:53:20.196,-0.11,-0.04
2021-08-19 16:53:20.200,-0.13,-0.02
2021-08-19 16:53:20.204,-0.1,-0.025
2021-08-19 16:53:20.208,-0.095,-0.02
2021-08-19 16:53:20.212,-0.1,-0.04
2021-08-19 16:53:20.216,-0.07,-0.025
2021-08-19 16:53:20.220,-0.055,-0.02
2021-08-19 16:53:20.224,-0.085,-0.025
2021-08-19 16:53:20.228,-0.09,-0.03
2021-08-19 16:53:20.232,-0.09,-0.005
2021-08-19 16:53:20.236,-0.085,-0.015
2021-08-19 16:53:20.240,-0.07,-0.035
2021-08-19 16:53:20.244,-0.075,-0.03
2021-08-19 16:53:20.248,-0.08,-0.015
2021-08-19 16:53:20.252,-0.075,-0.02
2021-08-19 16:53:20.256,-0.045,-0.015
2021-08-19 16:53:20.260,-0.075,0.0
2021-08-19 16:53:20.264,-0.065,-0.005
2021-08-19 16:53:20.268,-0.07,0.005
2021-08-19 16:53:20.272,-0.1,-0.01
2021-08-19 16:53:20.276,-0.125,-0.01
2021-08-19 16:53:20.280,-0.15,0.02
2021-08-19 16:53:20.284,-0.21,0.015
2021-08-19 16:53:20.288,-0.26,0.035
2021-08-19 16:53:20.292,-0.225,0.11
2021-08-19 16:53:20.296,-0.26,0.185
2021-08-19 16:53:20.300,-0.17,0.16
2021-08-19 16:53:20.304,0.13,-0.03
2021-08-19 16:53:20.308,0.67,-0.175
2021-08-19 16:53:20.312,1.3,-0.32
2021-08-19 16:53:20.316,1.805,-0.575
2021-08-19 16:53:20.320,1.685,-0.865
2021-08-19 16:53:20.324,0.83,-1.01
2021-08-19 16:53:20.328,-0.02,-0.85
2021-08-19 16:53:20.332,-0.77,-0.575
2021-08-19 16:53:20.336,-0.79,-0.425
2021-08-19 16:53:20.340,-0.515,-0.305
2021-08-19 16:53:20.344,-0.285,-0.18
2021-08-19 16:53:20.348,-0.17,-0.14
2021-08-19 16:53:20.352,-0.07,-0.08
2021-08-19 16:53:20.356,-0.07,-0.03
2021-08-19 16:53:20.360,-0.095,0.015
2021-08-19 16:53:20.364,-0.11,0.035
2021-08-19 16:53:20.368,-0.08,0.05
2021-08-19 16:53:20.372,-0.115,0.055
2021-08-19 16:53:20.376,-0.115,0.065
2021-08-19 16:53:20.380,-0.11,0.06
2021-08-19 16:53:20.384,-0.13,0.05
2021-08-19 16:53:20.388,-0.125,0.055
2021-08-19 16:53:20.392,-0.12,0.06
2021-08-19 16:53:20.396,-0.15,0.075
2021-08-19 16:53:20.400,-0.125,0.075
2021-08-19 16:53:20.404,-0.13,0.07
2021-08-19 16:53:20.408,-0.185,0.065
2021-08-19 16:53:20.412,-0.165,0.065
2021-08-19 16:53:20.416,-0.14,0.085
2021-08-19 16:53:20.420,-0.12,0.075
2021-08-19 16:53:20.424,-0.13,0.08
2021-08-19 16:53:20.428,-0.16,0.065
2021-08-19 16:53:20.432,-0.15,0.085
2021-08-19 16:53:20.436,-0.12,0.08
2021-08-19 16:53:20.440,-0.135,0.075
2021-08-19 16:53:20.444,-0.11,0.08
2021-08-19 16:53:20.448,-0.125,0.09
2021-08-19 16:53:20.452,-0.105,0.085
2021-08-19 16:53:20.456,-0.105,0.08
2021-08-19 16:53:20.460,-0.12,0.085
2021-08-19 16:53:20.464,-0.105,0.095
2021-08-19 16:53:20.468,-0.085,0.085
2021-08-19 16:53:20.472,-0.09,0.09
2021-08-19 16:53:20.476,-0.075,0.07
2021-08-19 16:53:20.480,-0.1,0.07
2021-08-19 16:53:20.484,-0.125,0.07
2021-08-19 16:53:20.488,-0.095,0.095
2021-08-19 16:53:20.492,-0.105,0.07
2021-08-19 16:53:20.496,-0.13,0.075
2021-08-19 16:53:20.500,-0.165,0.06
2021-08-19 16:53:20.504,-0.22,0.05
2021-08-19 16:53:20.508,-0.22,0.025
2021-08-19 16:53:20.512,-0.16,0.01
2021-08-19 16:53:20.516,-0.175,0.025
2021-08-19 16:53:20.520,-0.18,0.04
2021-08-19 16:53:20.524,-0.18,0.045
2021-08-19 16:53:20.528,-0.15,0.05
2021-08-19 16:53:20.532,-0.1,0.045
2021-08-19 16:53:20.536,-0.02,0.055
2021-08-19 16:53:20.540,0.045,0.055
2021-08-19 16:53:20.544,0.1,0.085
2021-08-19 16:53:20.548,0.17,0.11
2021-08-19 16:53:20.552,0.21,0.105
2021-08-19 16:53:20.556,0.215,0.1
2021-08-19 16:53:20.560,0.2,0.105
2021-08-19 16:53:20.564,0.195,0.085
2021-08-19 16:53:20.568,0.165,0.095
2021-08-19 16:53:20.572,0.175,0.085
2021-08-19 16:53:20.576,0.165,0.095
2021-08-19 16:53:20.580,0.105,0.09
2021-08-19 16:53:20.584,0.06,0.075
2021-08-19 16:53:20.588,0.05,0.095
2021-08-19 16:53:20.592,0.05,0.09
2021-08-19 16:53:20.596,0.035,0.1
2021-08-19 16:53:20.600,0.04,0.08
2021-08-19 16:53:20.604,-0.005,0.095
2021-08-19 16:53:20.608,0.005,0.09
2021-08-19 16:53:20.612,0.005,0.1
2021-08-19 16:53:20.616,-0.015,0.085
2021-08-19 16:53:20.620,-0.02,0.1
2021-08-19 16:53:20.624,-0.015,0.105
2021-08-19 16:53:20.628,0.01,0.105
2021-08-19 16:53:20.632,0.02,0.095
2021-08-19 16:53:20.636,0.0,0.11
2021-08-19 16:53:20.640,-0.04,0.11
2021-08-19 16:53:20.644,-0.02,0.1
2021-08-19 16:53:20.648,-0.005,0.11
2021-08-19 16:53:20.652,0.0,0.105
2021-08-19 16:53:20.656,0.01,0.115
2021-08-19 16:53:20.660,0.055,0.095
2021-08-19 16:53:20.664,0.025,0.11
2021-08-19 16:53:20.668,0.03,0.095
2021-08-19 16:53:20.672,0.02,0.1
2021-08-19 16:53:20.676,0.005,0.075
2021-08-19 16:53:20.680,0.0,0.095
2021-08-19 16:53:20.684,0.06,0.115
2021-08-19 16:53:20.688,0.055,0.17
2021-08-19 16:53:20.692,-0.03,0.245
2021-08-19 16:53:20.696,-0.05,0.295
2021-08-19 16:53:20.700,0.125,0.195
2021-08-19 16:53:20.704,0.635,-0.005
2021-08-19 16:53:20.708,1.285,-0.14
2021-08-19 16:53:20.712,1.87,-0.335
2021-08-19 16:53:20.720,1.61,-0.815
2021-08-19 16:53:20.724,0.59,-0.85
2021-08-19 16:53:20.728,-0.385,-0.6
2021-08-19 16:53:20.732,-0.57,-0.41
2021-08-19 16:53:20.736,-0.505,-0.44
2021-08-19 16:53:20.740,-0.28,-0.285
2021-08-19 16:53:20.744,-0.12,-0.18
2021-08-19 16:53:20.748,-0.055,-0.05
2021-08-19 16:53:20.752,-0.01,0.04
2021-08-19 16:53:20.756,0.01,0.085
2021-08-19 16:53:20.760,-0.015,0.115
2021-08-19 16:53:20.764,-0.065,0.15
2021-08-19 16:53:20.768,-0.04,0.14
2021-08-19 16:53:20.772,-0.025,0.145
2021-08-19 16:53:20.776,-0.03,0.145
2021-08-19 16:53:20.780,-0.005,0.12
2021-08-19 16:53:20.784,-0.01,0.1
2021-08-19 16:53:20.788,0.0,0.095
2021-08-19 16:53:20.792,0.015,0.08
2021-08-19 16:53:20.796,0.055,0.09
2021-08-19 16:53:20.800,0.075,0.07
2021-08-19 16:53:20.804,0.05,0.105
2021-08-19 16:53:20.808,0.03,0.09
2021-08-19 16:53:20.812,0.025,0.065
2021-08-19 16:53:20.816,0.04,0.06
2021-08-19 16:53:20.820,0.01,0.085
2021-08-19 16:53:20.824,-0.03,0.075
2021-08-19 16:53:20.828,-0.02,0.095
2021-08-19 16:53:20.832,0.035,0.09
2021-08-19 16:53:20.836,0.005,0.09
2021-08-19 16:53:20.840,-0.03,0.06
2021-08-19 16:53:20.844,-0.03,0.085
2021-08-19 16:53:20.848,-0.035,0.075
2021-08-19 16:53:20.852,0.015,0.11
2021-08-19 16:53:20.856,0.03,0.095
2021-08-19 16:53:20.860,0.01,0.095
2021-08-19 16:53:20.864,0.02,0.095
2021-08-19 16:53:20.868,0.07,0.085
2021-08-19 16:53:20.872,0.08,0.075
2021-08-19 16:53:20.876,0.095,0.085
2021-08-19 16:53:20.880,0.125,0.08
2021-08-19 16:53:20.884,0.13,0.065
2021-08-19 16:53:20.888,0.145,0.06
2021-08-19 16:53:20.892,0.195,0.065
2021-08-19 16:53:20.896,0.225,0.06
2021-08-19 16:53:20.900,0.21,0.06
2021-08-19 16:53:20.904,0.17,0.065
2021-08-19 16:53:20.908,0.165,0.065
2021-08-19 16:53:20.912,0.205,0.065
2021-08-19 16:53:20.916,0.26,0.08
2021-08-19 16:53:20.920,0.215,0.08
2021-08-19 16:53:20.924,0.215,0.065
2021-08-19 16:53:20.928,0.29,0.07
2021-08-19 16:53:20.932,0.325,0.06
2021-08-19 16:53:20.936,0.335,0.065
2021-08-19 16:53:20.940,0.355,0.06
2021-08-19 16:53:20.944,0.39,0.055
2021-08-19 16:53:20.948,0.385,0.06
2021-08-19 16:53:20.952,0.37,0.07
2021-08-19 16:53:20.956,0.335,0.065
2021-08-19 16:53:20.960,0.32,0.06
2021-08-19 16:53:20.964,0.325,0.055
2021-08-19 16:53:20.968,0.255,0.065
2021-08-19 16:53:20.972,0.215,0.065
2021-08-19 16:53:20.976,0.22,0.09
2021-08-19 16:53:20.980,0.19,0.09
2021-08-19 16:53:20.984,0.17,0.07
2021-08-19 16:53:20.988,0.185,0.07
2021-08-19 16:53:20.992,0.2,0.075
2021-08-19 16:53:20.996,0.17,0.075
2021-08-19 16:53:21.000,0.175,0.06
2021-08-19 16:53:21.004,0.155,0.07
2021-08-19 16:53:21.008,0.155,0.09
2021-08-19 16:53:21.012,0.13,0.105
2021-08-19 16:53:21.016,0.095,0.17
2021-08-19 16:53:21.020,0.025,0.22
2021-08-19 16:53:21.024,0.095,0.19
2021-08-19 16:53:21.028,0.385,0.0
2021-08-19 16:53:21.032,1.035,-0.17
2021-08-19 16:53:21.036,1.665,-0.235
2021-08-19 16:53:21.048,1.625,-0.88
2021-08-19 16:53:21.052,0.8,-0.86
2021-08-19 16:53:21.056,0.275,-0.705
2021-08-19 16:53:21.060,0.025,-0.69
2021-08-19 16:53:21.064,-0.075,-0.49
2021-08-19 16:53:21.068,0.055,-0.22
2021-08-19 16:53:21.072,0.15,-0.09
2021-08-19 16:53:21.076,0.165,-0.03
2021-08-19 16:53:21.080,0.18,-0.01
2021-08-19 16:53:21.084,0.19,0.025
2021-08-19 16:53:21.088,0.125,0.075
2021-08-19 16:53:21.092,0.03,0.08
2021-08-19 16:53:21.096,0.03,0.07
2021-08-19 16:53:21.100,0.035,0.1
2021-08-19 16:53:21.104,0.02,0.1
2021-08-19 16:53:21.108,-0.03,0.1
2021-08-19 16:53:21.112,-0.045,0.12
2021-08-19 16:53:21.116,-0.065,0.095
2021-08-19 16:53:21.120,-0.06,0.1
2021-08-19 16:53:21.124,-0.05,0.12
2021-08-19 16:53:21.128,-0.06,0.13
2021-08-19 16:53:21.132,-0.02,0.12
2021-08-19 16:53:21.136,-0.01,0.105
2021-08-19 16:53:21.140,0.01,0.1
2021-08-19 16:53:21.144,0.015,0.105
2021-08-19 16:53:21.148,0.0,0.115
2021-08-19 16:53:21.152,-0.015,0.09
2021-08-19 16:53:21.156,0.005,0.09
2021-08-19 16:53:21.160,0.08,0.1
2021-08-19 16:53:21.164,0.055,0.105
2021-08-19 16:53:21.168,-0.04,0.13
2021-08-19 16:53:21.172,-0.13,0.135
2021-08-19 16:53:21.176,-0.135,0.14
2021-08-19 16:53:21.180,-0.07,0.125
2021-08-19 16:53:21.184,-0.03,0.14
2021-08-19 16:53:21.188,-0.005,0.125
2021-08-19 16:53:21.192,0.035,0.11
2021-08-19 16:53:21.196,0.095,0.12
2021-08-19 16:53:21.200,0.05,0.135
2021-08-19 16:53:21.204,0.105,0.135
2021-08-19 16:53:21.208,0.145,0.115
2021-08-19 16:53:21.212,0.155,0.135
2021-08-19 16:53:21.216,0.115,0.12
2021-08-19 16:53:21.220,0.14,0.135
2021-08-19 16:53:21.224,0.185,0.12
2021-08-19 16:53:21.228,0.255,0.125
2021-08-19 16:53:21.232,0.265,0.11
2021-08-19 16:53:21.236,0.31,0.1
2021-08-19 16:53:21.240,0.37,0.065
2021-08-19 16:53:21.244,0.395,0.065
2021-08-19 16:53:21.248,0.415,0.06
2021-08-19 16:53:21.252,0.475,0.06
2021-08-19 16:53:21.256,0.555,0.065
2021-08-19 16:53:21.260,0.515,0.065
2021-08-19 16:53:21.264,0.46,0.075
2021-08-19 16:53:21.268,0.38,0.09
2021-08-19 16:53:21.272,0.395,0.095
2021-08-19 16:53:21.276,0.425,0.08
2021-08-19 16:53:21.280,0.395,0.075
2021-08-19 16:53:21.284,0.355,0.075
2021-08-19 16:53:21.288,0.275,0.085
2021-08-19 16:53:21.292,0.215,0.11
2021-08-19 16:53:21.296,0.165,0.11
2021-08-19 16:53:21.300,0.19,0.12
2021-08-19 16:53:21.304,0.24,0.105
2021-08-19 16:53:21.308,0.22,0.09
2021-08-19 16:53:21.312,0.2,0.095
2021-08-19 16:53:21.316,0.215,0.1
2021-08-19 16:53:21.320,0.155,0.095
2021-08-19 16:53:21.324,0.115,0.095
2021-08-19 16:53:21.328,0.13,0.11
2021-08-19 16:53:21.332,0.155,0.105
2021-08-19 16:53:21.336,0.175,0.095
2021-08-19 16:53:21.340,0.185,0.1
2021-08-19 16:53:21.344,0.145,0.105
2021-08-19 16:53:21.348,0.135,0.105
2021-08-19 16:53:21.352,0.16,0.105
2021-08-19 16:53:21.356,0.17,0.085
2021-08-19 16:53:21.360,0.175,0.1
2021-08-19 16:53:21.364,0.17,0.115
2021-08-19 16:53:21.368,0.13,0.09
2021-08-19 16:53:21.372,0.16,0.095
2021-08-19 16:53:21.376,0.185,0.1
2021-08-19 16:53:21.380,0.175,0.095
2021-08-19 16:53:21.384,0.15,0.085
2021-08-19 16:53:21.388,0.16,0.1
2021-08-19 16:53:21.392,0.135,0.075
2021-08-19 16:53:21.396,0.14,0.08
2021-08-19 16:53:21.400,0.17,0.085
2021-08-19 16:53:21.404,0.155,0.11
2021-08-19 16:53:21.408,0.12,0.095
2021-08-19 16:53:21.412,0.12,0.09
2021-08-19 16:53:21.416,0.12,0.11
2021-08-19 16:53:21.420,0.095,0.1
2021-08-19 16:53:21.424,0.085,0.075
2021-08-19 16:53:21.428,0.085,0.085
2021-08-19 16:53:21.432,0.075,0.09
2021-08-19 16:53:21.436,0.09,0.085
2021-08-19 16:53:21.440,0.075,0.085
2021-08-19 16:53:21.444,0.06,0.115
2021-08-19 16:53:21.448,0.1,0.09
2021-08-19 16:53:21.452,0.085,0.11
2021-08-19 16:53:21.456,0.075,0.1
2021-08-19 16:53:21.460,0.06,0.095
2021-08-19 16:53:21.464,0.05,0.095
2021-08-19 16:53:21.468,0.035,0.1
2021-08-19 16:53:21.472,0.09,0.11
2021-08-19 16:53:21.476,0.09,0.09
